[2025-11-24 10:32:01] local.ERROR: SQLSTATE[28000]: [Microsoft][ODBC Driver 17 for SQL Server][SQL Server]Login failed for user 'RAMAENDUT\RAMAENDUT'. (Connection: sqlsrv, SQL: select (case when object_id(N'migrations', 'U') is null then 0 else 1 end) as [exists]) {"exception":"[object] (Illuminate\\Database\\QueryException(code: 28000): SQLSTATE[28000]: [Microsoft][ODBC Driver 17 for SQL Server][SQL Server]Login failed for user 'RAMAENDUT\\RAMAENDUT'. (Connection: sqlsrv, SQL: select (case when object_id(N'migrations', 'U') is null then 0 else 1 end) as [exists]) at D:\\ketapang\\Agro Waste\\vendor\\laravel\\framework\\src\\Illuminate\\Database\\Connection.php:825)
[stacktrace]
#0 D:\\ketapang\\Agro Waste\\vendor\\laravel\\framework\\src\\Illuminate\\Database\\Connection.php(779): Illuminate\\Database\\Connection->runQueryCallback('select (case wh...', Array, Object(Closure))
#1 D:\\ketapang\\Agro Waste\\vendor\\laravel\\framework\\src\\Illuminate\\Database\\Connection.php(398): Illuminate\\Database\\Connection->run('select (case wh...', Array, Object(Closure))
#2 D:\\ketapang\\Agro Waste\\vendor\\laravel\\framework\\src\\Illuminate\\Database\\Connection.php(344): Illuminate\\Database\\Connection->select('select (case wh...', Array, true)
#3 D:\\ketapang\\Agro Waste\\vendor\\laravel\\framework\\src\\Illuminate\\Database\\Connection.php(361): Illuminate\\Database\\Connection->selectOne('select (case wh...', Array, true)
#4 D:\\ketapang\\Agro Waste\\vendor\\laravel\\framework\\src\\Illuminate\\Database\\Schema\\SqlServerBuilder.php(47): Illuminate\\Database\\Connection->scalar('select (case wh...')
#5 D:\\ketapang\\Agro Waste\\vendor\\laravel\\framework\\src\\Illuminate\\Database\\Migrations\\DatabaseMigrationRepository.php(184): Illuminate\\Database\\Schema\\SqlServerBuilder->hasTable('migrations')
#6 D:\\ketapang\\Agro Waste\\vendor\\laravel\\framework\\src\\Illuminate\\Database\\Migrations\\Migrator.php(742): Illuminate\\Database\\Migrations\\DatabaseMigrationRepository->repositoryExists()
#7 D:\\ketapang\\Agro Waste\\vendor\\laravel\\framework\\src\\Illuminate\\Database\\Console\\Migrations\\FreshCommand.php(68): Illuminate\\Database\\Migrations\\Migrator->repositoryExists()
#8 D:\\ketapang\\Agro Waste\\vendor\\laravel\\framework\\src\\Illuminate\\Database\\Migrations\\Migrator.php(658): Illuminate\\Database\\Console\\Migrations\\FreshCommand->Illuminate\\Database\\Console\\Migrations\\{closure}()
#9 D:\\ketapang\\Agro Waste\\vendor\\laravel\\framework\\src\\Illuminate\\Database\\Console\\Migrations\\FreshCommand.php(67): Illuminate\\Database\\Migrations\\Migrator->usingConnection(NULL, Object(Closure))
#10 D:\\ketapang\\Agro Waste\\vendor\\laravel\\framework\\src\\Illuminate\\Container\\BoundMethod.php(36): Illuminate\\Database\\Console\\Migrations\\FreshCommand->handle()
#11 D:\\ketapang\\Agro Waste\\vendor\\laravel\\framework\\src\\Illuminate\\Container\\Util.php(43): Illuminate\\Container\\BoundMethod::Illuminate\\Container\\{closure}()
#12 D:\\ketapang\\Agro Waste\\vendor\\laravel\\framework\\src\\Illuminate\\Container\\BoundMethod.php(95): Illuminate\\Container\\Util::unwrapIfClosure(Object(Closure))
#13 D:\\ketapang\\Agro Waste\\vendor\\laravel\\framework\\src\\Illuminate\\Container\\BoundMethod.php(35): Illuminate\\Container\\BoundMethod::callBoundMethod(Object(Illuminate\\Foundation\\Application), Array, Object(Closure))
#14 D:\\ketapang\\Agro Waste\\vendor\\laravel\\framework\\src\\Illuminate\\Container\\Container.php(696): Illuminate\\Container\\BoundMethod::call(Object(Illuminate\\Foundation\\Application), Array, Array, NULL)
#15 D:\\ketapang\\Agro Waste\\vendor\\laravel\\framework\\src\\Illuminate\\Console\\Command.php(213): Illuminate\\Container\\Container->call(Array)
#16 D:\\ketapang\\Agro Waste\\vendor\\symfony\\console\\Command\\Command.php(318): Illuminate\\Console\\Command->execute(Object(Symfony\\Component\\Console\\Input\\ArgvInput), Object(Illuminate\\Console\\OutputStyle))
#17 D:\\ketapang\\Agro Waste\\vendor\\laravel\\framework\\src\\Illuminate\\Console\\Command.php(182): Symfony\\Component\\Console\\Command\\Command->run(Object(Symfony\\Component\\Console\\Input\\ArgvInput), Object(Illuminate\\Console\\OutputStyle))
#18 D:\\ketapang\\Agro Waste\\vendor\\symfony\\console\\Application.php(1073): Illuminate\\Console\\Command->run(Object(Symfony\\Component\\Console\\Input\\ArgvInput), Object(Symfony\\Component\\Console\\Output\\ConsoleOutput))
#19 D:\\ketapang\\Agro Waste\\vendor\\symfony\\console\\Application.php(356): Symfony\\Component\\Console\\Application->doRunCommand(Object(Illuminate\\Database\\Console\\Migrations\\FreshCommand), Object(Symfony\\Component\\Console\\Input\\ArgvInput), Object(Symfony\\Component\\Console\\Output\\ConsoleOutput))
#20 D:\\ketapang\\Agro Waste\\vendor\\symfony\\console\\Application.php(195): Symfony\\Component\\Console\\Application->doRun(Object(Symfony\\Component\\Console\\Input\\ArgvInput), Object(Symfony\\Component\\Console\\Output\\ConsoleOutput))
#21 D:\\ketapang\\Agro Waste\\vendor\\laravel\\framework\\src\\Illuminate\\Foundation\\Console\\Kernel.php(198): Symfony\\Component\\Console\\Application->run(Object(Symfony\\Component\\Console\\Input\\ArgvInput), Object(Symfony\\Component\\Console\\Output\\ConsoleOutput))
#22 D:\\ketapang\\Agro Waste\\vendor\\laravel\\framework\\src\\Illuminate\\Foundation\\Application.php(1235): Illuminate\\Foundation\\Console\\Kernel->handle(Object(Symfony\\Component\\Console\\Input\\ArgvInput), Object(Symfony\\Component\\Console\\Output\\ConsoleOutput))
#23 D:\\ketapang\\Agro Waste\\artisan(13): Illuminate\\Foundation\\Application->handleCommand(Object(Symfony\\Component\\Console\\Input\\ArgvInput))
#24 {main}

[previous exception] [object] (PDOException(code: 28000): SQLSTATE[28000]: [Microsoft][ODBC Driver 17 for SQL Server][SQL Server]Login failed for user 'RAMAENDUT\\RAMAENDUT'. at D:\\ketapang\\Agro Waste\\vendor\\laravel\\framework\\src\\Illuminate\\Database\\Connectors\\Connector.php:66)
[stacktrace]
#0 D:\\ketapang\\Agro Waste\\vendor\\laravel\\framework\\src\\Illuminate\\Database\\Connectors\\Connector.php(66): PDO->__construct('sqlsrv:Server=R...', '', Object(SensitiveParameterValue), Array)
#1 D:\\ketapang\\Agro Waste\\vendor\\laravel\\framework\\src\\Illuminate\\Database\\Connectors\\Connector.php(44): Illuminate\\Database\\Connectors\\Connector->createPdoConnection('sqlsrv:Server=R...', '', Object(SensitiveParameterValue), Array)
#2 D:\\ketapang\\Agro Waste\\vendor\\laravel\\framework\\src\\Illuminate\\Database\\Connectors\\SqlServerConnector.php(32): Illuminate\\Database\\Connectors\\Connector->createConnection('sqlsrv:Server=R...', Array, Array)
#3 D:\\ketapang\\Agro Waste\\vendor\\laravel\\framework\\src\\Illuminate\\Database\\Connectors\\ConnectionFactory.php(185): Illuminate\\Database\\Connectors\\SqlServerConnector->connect(Array)
#4 [internal function]: Illuminate\\Database\\Connectors\\ConnectionFactory->Illuminate\\Database\\Connectors\\{closure}()
#5 D:\\ketapang\\Agro Waste\\vendor\\laravel\\framework\\src\\Illuminate\\Database\\Connection.php(1231): call_user_func(Object(Closure))
#6 D:\\ketapang\\Agro Waste\\vendor\\laravel\\framework\\src\\Illuminate\\Database\\Connection.php(1267): Illuminate\\Database\\Connection->getPdo()
#7 D:\\ketapang\\Agro Waste\\vendor\\laravel\\framework\\src\\Illuminate\\Database\\Connection.php(512): Illuminate\\Database\\Connection->getReadPdo()
#8 D:\\ketapang\\Agro Waste\\vendor\\laravel\\framework\\src\\Illuminate\\Database\\Connection.php(407): Illuminate\\Database\\Connection->getPdoForSelect(true)
#9 D:\\ketapang\\Agro Waste\\vendor\\laravel\\framework\\src\\Illuminate\\Database\\Connection.php(812): Illuminate\\Database\\Connection->Illuminate\\Database\\{closure}('select (case wh...', Array)
#10 D:\\ketapang\\Agro Waste\\vendor\\laravel\\framework\\src\\Illuminate\\Database\\Connection.php(779): Illuminate\\Database\\Connection->runQueryCallback('select (case wh...', Array, Object(Closure))
#11 D:\\ketapang\\Agro Waste\\vendor\\laravel\\framework\\src\\Illuminate\\Database\\Connection.php(398): Illuminate\\Database\\Connection->run('select (case wh...', Array, Object(Closure))
#12 D:\\ketapang\\Agro Waste\\vendor\\laravel\\framework\\src\\Illuminate\\Database\\Connection.php(344): Illuminate\\Database\\Connection->select('select (case wh...', Array, true)
#13 D:\\ketapang\\Agro Waste\\vendor\\laravel\\framework\\src\\Illuminate\\Database\\Connection.php(361): Illuminate\\Database\\Connection->selectOne('select (case wh...', Array, true)
#14 D:\\ketapang\\Agro Waste\\vendor\\laravel\\framework\\src\\Illuminate\\Database\\Schema\\SqlServerBuilder.php(47): Illuminate\\Database\\Connection->scalar('select (case wh...')
#15 D:\\ketapang\\Agro Waste\\vendor\\laravel\\framework\\src\\Illuminate\\Database\\Migrations\\DatabaseMigrationRepository.php(184): Illuminate\\Database\\Schema\\SqlServerBuilder->hasTable('migrations')
#16 D:\\ketapang\\Agro Waste\\vendor\\laravel\\framework\\src\\Illuminate\\Database\\Migrations\\Migrator.php(742): Illuminate\\Database\\Migrations\\DatabaseMigrationRepository->repositoryExists()
#17 D:\\ketapang\\Agro Waste\\vendor\\laravel\\framework\\src\\Illuminate\\Database\\Console\\Migrations\\FreshCommand.php(68): Illuminate\\Database\\Migrations\\Migrator->repositoryExists()
#18 D:\\ketapang\\Agro Waste\\vendor\\laravel\\framework\\src\\Illuminate\\Database\\Migrations\\Migrator.php(658): Illuminate\\Database\\Console\\Migrations\\FreshCommand->Illuminate\\Database\\Console\\Migrations\\{closure}()
#19 D:\\ketapang\\Agro Waste\\vendor\\laravel\\framework\\src\\Illuminate\\Database\\Console\\Migrations\\FreshCommand.php(67): Illuminate\\Database\\Migrations\\Migrator->usingConnection(NULL, Object(Closure))
#20 D:\\ketapang\\Agro Waste\\vendor\\laravel\\framework\\src\\Illuminate\\Container\\BoundMethod.php(36): Illuminate\\Database\\Console\\Migrations\\FreshCommand->handle()
#21 D:\\ketapang\\Agro Waste\\vendor\\laravel\\framework\\src\\Illuminate\\Container\\Util.php(43): Illuminate\\Container\\BoundMethod::Illuminate\\Container\\{closure}()
#22 D:\\ketapang\\Agro Waste\\vendor\\laravel\\framework\\src\\Illuminate\\Container\\BoundMethod.php(95): Illuminate\\Container\\Util::unwrapIfClosure(Object(Closure))
#23 D:\\ketapang\\Agro Waste\\vendor\\laravel\\framework\\src\\Illuminate\\Container\\BoundMethod.php(35): Illuminate\\Container\\BoundMethod::callBoundMethod(Object(Illuminate\\Foundation\\Application), Array, Object(Closure))
#24 D:\\ketapang\\Agro Waste\\vendor\\laravel\\framework\\src\\Illuminate\\Container\\Container.php(696): Illuminate\\Container\\BoundMethod::call(Object(Illuminate\\Foundation\\Application), Array, Array, NULL)
#25 D:\\ketapang\\Agro Waste\\vendor\\laravel\\framework\\src\\Illuminate\\Console\\Command.php(213): Illuminate\\Container\\Container->call(Array)
#26 D:\\ketapang\\Agro Waste\\vendor\\symfony\\console\\Command\\Command.php(318): Illuminate\\Console\\Command->execute(Object(Symfony\\Component\\Console\\Input\\ArgvInput), Object(Illuminate\\Console\\OutputStyle))
#27 D:\\ketapang\\Agro Waste\\vendor\\laravel\\framework\\src\\Illuminate\\Console\\Command.php(182): Symfony\\Component\\Console\\Command\\Command->run(Object(Symfony\\Component\\Console\\Input\\ArgvInput), Object(Illuminate\\Console\\OutputStyle))
#28 D:\\ketapang\\Agro Waste\\vendor\\symfony\\console\\Application.php(1073): Illuminate\\Console\\Command->run(Object(Symfony\\Component\\Console\\Input\\ArgvInput), Object(Symfony\\Component\\Console\\Output\\ConsoleOutput))
#29 D:\\ketapang\\Agro Waste\\vendor\\symfony\\console\\Application.php(356): Symfony\\Component\\Console\\Application->doRunCommand(Object(Illuminate\\Database\\Console\\Migrations\\FreshCommand), Object(Symfony\\Component\\Console\\Input\\ArgvInput), Object(Symfony\\Component\\Console\\Output\\ConsoleOutput))
#30 D:\\ketapang\\Agro Waste\\vendor\\symfony\\console\\Application.php(195): Symfony\\Component\\Console\\Application->doRun(Object(Symfony\\Component\\Console\\Input\\ArgvInput), Object(Symfony\\Component\\Console\\Output\\ConsoleOutput))
#31 D:\\ketapang\\Agro Waste\\vendor\\laravel\\framework\\src\\Illuminate\\Foundation\\Console\\Kernel.php(198): Symfony\\Component\\Console\\Application->run(Object(Symfony\\Component\\Console\\Input\\ArgvInput), Object(Symfony\\Component\\Console\\Output\\ConsoleOutput))
#32 D:\\ketapang\\Agro Waste\\vendor\\laravel\\framework\\src\\Illuminate\\Foundation\\Application.php(1235): Illuminate\\Foundation\\Console\\Kernel->handle(Object(Symfony\\Component\\Console\\Input\\ArgvInput), Object(Symfony\\Component\\Console\\Output\\ConsoleOutput))
#33 D:\\ketapang\\Agro Waste\\artisan(13): Illuminate\\Foundation\\Application->handleCommand(Object(Symfony\\Component\\Console\\Input\\ArgvInput))
#34 {main}
"} 
[2025-11-24 11:55:55] local.ERROR: Route [videos.index] not defined. {"view":{"view":"D:\\ketapang\\Agro Waste\\resources\\views\\layouts\\app.blade.php","data":{"errors":"<pre class=sf-dump id=sf-dump-1184114801 data-indent-pad=\"  \"><span class=sf-dump-note>Illuminate\\Support\\ViewErrorBag</span> {<a class=sf-dump-ref>#323</a><samp data-depth=1 class=sf-dump-expanded>
  #<span class=sf-dump-protected title=\"Protected property\">bags</span>: []
</samp>}
</pre><script>Sfdump(\"sf-dump-1184114801\", {\"maxDepth\":3,\"maxStringLength\":160})</script>
","totalModules":"<pre class=sf-dump id=sf-dump-1249223783 data-indent-pad=\"  \"><span class=sf-dump-num>3</span>
</pre><script>Sfdump(\"sf-dump-1249223783\", {\"maxDepth\":3,\"maxStringLength\":160})</script>
","completedModules":"<pre class=sf-dump id=sf-dump-1567067144 data-indent-pad=\"  \"><span class=sf-dump-num>0</span>
</pre><script>Sfdump(\"sf-dump-1567067144\", {\"maxDepth\":3,\"maxStringLength\":160})</script>
","modules":"<pre class=sf-dump id=sf-dump-1034324817 data-indent-pad=\"  \"><span class=sf-dump-note>Illuminate\\Database\\Eloquent\\Collection</span> {<a class=sf-dump-ref>#1060</a><samp data-depth=1 class=sf-dump-expanded>
  #<span class=sf-dump-protected title=\"Protected property\">items</span>: <span class=sf-dump-note>array:3</span> [<samp data-depth=2 class=sf-dump-compact>
    <span class=sf-dump-index>0</span> => <span class=\"sf-dump-note sf-dump-ellipsization\" title=\"App\\Models\\Module
\"><span class=\"sf-dump-ellipsis sf-dump-ellipsis-note\">App\\Models</span><span class=\"sf-dump-ellipsis sf-dump-ellipsis-note\">\\</span><span class=\"sf-dump-ellipsis-tail\">Module</span></span> {<a class=sf-dump-ref>#1061</a><samp data-depth=3 class=sf-dump-compact>
      #<span class=sf-dump-protected title=\"Protected property\">connection</span>: \"<span class=sf-dump-str title=\"6 characters\">sqlsrv</span>\"
      #<span class=sf-dump-protected title=\"Protected property\">table</span>: \"<span class=sf-dump-str title=\"7 characters\">modules</span>\"
      #<span class=sf-dump-protected title=\"Protected property\">primaryKey</span>: \"<span class=sf-dump-str title=\"2 characters\">id</span>\"
      #<span class=sf-dump-protected title=\"Protected property\">keyType</span>: \"<span class=sf-dump-str title=\"3 characters\">int</span>\"
      +<span class=sf-dump-public title=\"Public property\">incrementing</span>: <span class=sf-dump-const>true</span>
      #<span class=sf-dump-protected title=\"Protected property\">with</span>: []
      #<span class=sf-dump-protected title=\"Protected property\">withCount</span>: []
      +<span class=sf-dump-public title=\"Public property\">preventsLazyLoading</span>: <span class=sf-dump-const>false</span>
      #<span class=sf-dump-protected title=\"Protected property\">perPage</span>: <span class=sf-dump-num>15</span>
      +<span class=sf-dump-public title=\"Public property\">exists</span>: <span class=sf-dump-const>true</span>
      +<span class=sf-dump-public title=\"Public property\">wasRecentlyCreated</span>: <span class=sf-dump-const>false</span>
      #<span class=sf-dump-protected title=\"Protected property\">escapeWhenCastingToString</span>: <span class=sf-dump-const>false</span>
      #<span class=sf-dump-protected title=\"Protected property\">attributes</span>: <span class=sf-dump-note>array:11</span> [ &#8230;11]
      #<span class=sf-dump-protected title=\"Protected property\">original</span>: <span class=sf-dump-note>array:11</span> [ &#8230;11]
      #<span class=sf-dump-protected title=\"Protected property\">changes</span>: []
      #<span class=sf-dump-protected title=\"Protected property\">casts</span>: <span class=sf-dump-note>array:1</span> [ &#8230;1]
      #<span class=sf-dump-protected title=\"Protected property\">classCastCache</span>: []
      #<span class=sf-dump-protected title=\"Protected property\">attributeCastCache</span>: []
      #<span class=sf-dump-protected title=\"Protected property\">dateFormat</span>: <span class=sf-dump-const>null</span>
      #<span class=sf-dump-protected title=\"Protected property\">appends</span>: []
      #<span class=sf-dump-protected title=\"Protected property\">dispatchesEvents</span>: []
      #<span class=sf-dump-protected title=\"Protected property\">observables</span>: []
      #<span class=sf-dump-protected title=\"Protected property\">relations</span>: []
      #<span class=sf-dump-protected title=\"Protected property\">touches</span>: []
      +<span class=sf-dump-public title=\"Public property\">timestamps</span>: <span class=sf-dump-const>true</span>
      +<span class=sf-dump-public title=\"Public property\">usesUniqueIds</span>: <span class=sf-dump-const>false</span>
      #<span class=sf-dump-protected title=\"Protected property\">hidden</span>: []
      #<span class=sf-dump-protected title=\"Protected property\">visible</span>: []
      #<span class=sf-dump-protected title=\"Protected property\">fillable</span>: <span class=sf-dump-note>array:8</span> [ &#8230;8]
      #<span class=sf-dump-protected title=\"Protected property\">guarded</span>: <span class=sf-dump-note>array:1</span> [ &#8230;1]
    </samp>}
    <span class=sf-dump-index>1</span> => <span class=\"sf-dump-note sf-dump-ellipsization\" title=\"App\\Models\\Module
\"><span class=\"sf-dump-ellipsis sf-dump-ellipsis-note\">App\\Models</span><span class=\"sf-dump-ellipsis sf-dump-ellipsis-note\">\\</span><span class=\"sf-dump-ellipsis-tail\">Module</span></span> {<a class=sf-dump-ref>#1059</a><samp data-depth=3 class=sf-dump-compact>
      #<span class=sf-dump-protected title=\"Protected property\">connection</span>: \"<span class=sf-dump-str title=\"6 characters\">sqlsrv</span>\"
      #<span class=sf-dump-protected title=\"Protected property\">table</span>: \"<span class=sf-dump-str title=\"7 characters\">modules</span>\"
      #<span class=sf-dump-protected title=\"Protected property\">primaryKey</span>: \"<span class=sf-dump-str title=\"2 characters\">id</span>\"
      #<span class=sf-dump-protected title=\"Protected property\">keyType</span>: \"<span class=sf-dump-str title=\"3 characters\">int</span>\"
      +<span class=sf-dump-public title=\"Public property\">incrementing</span>: <span class=sf-dump-const>true</span>
      #<span class=sf-dump-protected title=\"Protected property\">with</span>: []
      #<span class=sf-dump-protected title=\"Protected property\">withCount</span>: []
      +<span class=sf-dump-public title=\"Public property\">preventsLazyLoading</span>: <span class=sf-dump-const>false</span>
      #<span class=sf-dump-protected title=\"Protected property\">perPage</span>: <span class=sf-dump-num>15</span>
      +<span class=sf-dump-public title=\"Public property\">exists</span>: <span class=sf-dump-const>true</span>
      +<span class=sf-dump-public title=\"Public property\">wasRecentlyCreated</span>: <span class=sf-dump-const>false</span>
      #<span class=sf-dump-protected title=\"Protected property\">escapeWhenCastingToString</span>: <span class=sf-dump-const>false</span>
      #<span class=sf-dump-protected title=\"Protected property\">attributes</span>: <span class=sf-dump-note>array:11</span> [ &#8230;11]
      #<span class=sf-dump-protected title=\"Protected property\">original</span>: <span class=sf-dump-note>array:11</span> [ &#8230;11]
      #<span class=sf-dump-protected title=\"Protected property\">changes</span>: []
      #<span class=sf-dump-protected title=\"Protected property\">casts</span>: <span class=sf-dump-note>array:1</span> [ &#8230;1]
      #<span class=sf-dump-protected title=\"Protected property\">classCastCache</span>: []
      #<span class=sf-dump-protected title=\"Protected property\">attributeCastCache</span>: []
      #<span class=sf-dump-protected title=\"Protected property\">dateFormat</span>: <span class=sf-dump-const>null</span>
      #<span class=sf-dump-protected title=\"Protected property\">appends</span>: []
      #<span class=sf-dump-protected title=\"Protected property\">dispatchesEvents</span>: []
      #<span class=sf-dump-protected title=\"Protected property\">observables</span>: []
      #<span class=sf-dump-protected title=\"Protected property\">relations</span>: []
      #<span class=sf-dump-protected title=\"Protected property\">touches</span>: []
      +<span class=sf-dump-public title=\"Public property\">timestamps</span>: <span class=sf-dump-const>true</span>
      +<span class=sf-dump-public title=\"Public property\">usesUniqueIds</span>: <span class=sf-dump-const>false</span>
      #<span class=sf-dump-protected title=\"Protected property\">hidden</span>: []
      #<span class=sf-dump-protected title=\"Protected property\">visible</span>: []
      #<span class=sf-dump-protected title=\"Protected property\">fillable</span>: <span class=sf-dump-note>array:8</span> [ &#8230;8]
      #<span class=sf-dump-protected title=\"Protected property\">guarded</span>: <span class=sf-dump-note>array:1</span> [ &#8230;1]
    </samp>}
    <span class=sf-dump-index>2</span> => <span class=\"sf-dump-note sf-dump-ellipsization\" title=\"App\\Models\\Module
\"><span class=\"sf-dump-ellipsis sf-dump-ellipsis-note\">App\\Models</span><span class=\"sf-dump-ellipsis sf-dump-ellipsis-note\">\\</span><span class=\"sf-dump-ellipsis-tail\">Module</span></span> {<a class=sf-dump-ref>#1063</a><samp data-depth=3 class=sf-dump-compact>
      #<span class=sf-dump-protected title=\"Protected property\">connection</span>: \"<span class=sf-dump-str title=\"6 characters\">sqlsrv</span>\"
      #<span class=sf-dump-protected title=\"Protected property\">table</span>: \"<span class=sf-dump-str title=\"7 characters\">modules</span>\"
      #<span class=sf-dump-protected title=\"Protected property\">primaryKey</span>: \"<span class=sf-dump-str title=\"2 characters\">id</span>\"
      #<span class=sf-dump-protected title=\"Protected property\">keyType</span>: \"<span class=sf-dump-str title=\"3 characters\">int</span>\"
      +<span class=sf-dump-public title=\"Public property\">incrementing</span>: <span class=sf-dump-const>true</span>
      #<span class=sf-dump-protected title=\"Protected property\">with</span>: []
      #<span class=sf-dump-protected title=\"Protected property\">withCount</span>: []
      +<span class=sf-dump-public title=\"Public property\">preventsLazyLoading</span>: <span class=sf-dump-const>false</span>
      #<span class=sf-dump-protected title=\"Protected property\">perPage</span>: <span class=sf-dump-num>15</span>
      +<span class=sf-dump-public title=\"Public property\">exists</span>: <span class=sf-dump-const>true</span>
      +<span class=sf-dump-public title=\"Public property\">wasRecentlyCreated</span>: <span class=sf-dump-const>false</span>
      #<span class=sf-dump-protected title=\"Protected property\">escapeWhenCastingToString</span>: <span class=sf-dump-const>false</span>
      #<span class=sf-dump-protected title=\"Protected property\">attributes</span>: <span class=sf-dump-note>array:11</span> [ &#8230;11]
      #<span class=sf-dump-protected title=\"Protected property\">original</span>: <span class=sf-dump-note>array:11</span> [ &#8230;11]
      #<span class=sf-dump-protected title=\"Protected property\">changes</span>: []
      #<span class=sf-dump-protected title=\"Protected property\">casts</span>: <span class=sf-dump-note>array:1</span> [ &#8230;1]
      #<span class=sf-dump-protected title=\"Protected property\">classCastCache</span>: []
      #<span class=sf-dump-protected title=\"Protected property\">attributeCastCache</span>: []
      #<span class=sf-dump-protected title=\"Protected property\">dateFormat</span>: <span class=sf-dump-const>null</span>
      #<span class=sf-dump-protected title=\"Protected property\">appends</span>: []
      #<span class=sf-dump-protected title=\"Protected property\">dispatchesEvents</span>: []
      #<span class=sf-dump-protected title=\"Protected property\">observables</span>: []
      #<span class=sf-dump-protected title=\"Protected property\">relations</span>: []
      #<span class=sf-dump-protected title=\"Protected property\">touches</span>: []
      +<span class=sf-dump-public title=\"Public property\">timestamps</span>: <span class=sf-dump-const>true</span>
      +<span class=sf-dump-public title=\"Public property\">usesUniqueIds</span>: <span class=sf-dump-const>false</span>
      #<span class=sf-dump-protected title=\"Protected property\">hidden</span>: []
      #<span class=sf-dump-protected title=\"Protected property\">visible</span>: []
      #<span class=sf-dump-protected title=\"Protected property\">fillable</span>: <span class=sf-dump-note>array:8</span> [ &#8230;8]
      #<span class=sf-dump-protected title=\"Protected property\">guarded</span>: <span class=sf-dump-note>array:1</span> [ &#8230;1]
    </samp>}
  </samp>]
  #<span class=sf-dump-protected title=\"Protected property\">escapeWhenCastingToString</span>: <span class=sf-dump-const>false</span>
</samp>}
</pre><script>Sfdump(\"sf-dump-1034324817\", {\"maxDepth\":3,\"maxStringLength\":160})</script>
","userProgress":"<pre class=sf-dump id=sf-dump-1816394139 data-indent-pad=\"  \"><span class=sf-dump-note>Illuminate\\Database\\Eloquent\\Collection</span> {<a class=sf-dump-ref>#1043</a><samp data-depth=1 class=sf-dump-expanded>
  #<span class=sf-dump-protected title=\"Protected property\">items</span>: []
  #<span class=sf-dump-protected title=\"Protected property\">escapeWhenCastingToString</span>: <span class=sf-dump-const>false</span>
</samp>}
</pre><script>Sfdump(\"sf-dump-1816394139\", {\"maxDepth\":3,\"maxStringLength\":160})</script>
","recentAttempts":"<pre class=sf-dump id=sf-dump-977596642 data-indent-pad=\"  \"><span class=sf-dump-note>Illuminate\\Database\\Eloquent\\Collection</span> {<a class=sf-dump-ref>#1055</a><samp data-depth=1 class=sf-dump-expanded>
  #<span class=sf-dump-protected title=\"Protected property\">items</span>: []
  #<span class=sf-dump-protected title=\"Protected property\">escapeWhenCastingToString</span>: <span class=sf-dump-const>false</span>
</samp>}
</pre><script>Sfdump(\"sf-dump-977596642\", {\"maxDepth\":3,\"maxStringLength\":160})</script>
","hour":"<pre class=sf-dump id=sf-dump-520199934 data-indent-pad=\"  \">\"<span class=sf-dump-str title=\"2 characters\">11</span>\"
</pre><script>Sfdump(\"sf-dump-520199934\", {\"maxDepth\":3,\"maxStringLength\":160})</script>
","greeting":"<pre class=sf-dump id=sf-dump-219516792 data-indent-pad=\"  \">\"<span class=sf-dump-str title=\"12 characters\">Selamat Pagi</span>\"
</pre><script>Sfdump(\"sf-dump-219516792\", {\"maxDepth\":3,\"maxStringLength\":160})</script>
","__currentLoopData":"<pre class=sf-dump id=sf-dump-1777838765 data-indent-pad=\"  \"><span class=sf-dump-note>Illuminate\\Database\\Eloquent\\Collection</span> {<a class=sf-dump-ref>#1060</a><samp data-depth=1 class=sf-dump-expanded>
  #<span class=sf-dump-protected title=\"Protected property\">items</span>: <span class=sf-dump-note>array:3</span> [<samp data-depth=2 class=sf-dump-compact>
    <span class=sf-dump-index>0</span> => <span class=\"sf-dump-note sf-dump-ellipsization\" title=\"App\\Models\\Module
\"><span class=\"sf-dump-ellipsis sf-dump-ellipsis-note\">App\\Models</span><span class=\"sf-dump-ellipsis sf-dump-ellipsis-note\">\\</span><span class=\"sf-dump-ellipsis-tail\">Module</span></span> {<a class=sf-dump-ref>#1061</a><samp data-depth=3 class=sf-dump-compact>
      #<span class=sf-dump-protected title=\"Protected property\">connection</span>: \"<span class=sf-dump-str title=\"6 characters\">sqlsrv</span>\"
      #<span class=sf-dump-protected title=\"Protected property\">table</span>: \"<span class=sf-dump-str title=\"7 characters\">modules</span>\"
      #<span class=sf-dump-protected title=\"Protected property\">primaryKey</span>: \"<span class=sf-dump-str title=\"2 characters\">id</span>\"
      #<span class=sf-dump-protected title=\"Protected property\">keyType</span>: \"<span class=sf-dump-str title=\"3 characters\">int</span>\"
      +<span class=sf-dump-public title=\"Public property\">incrementing</span>: <span class=sf-dump-const>true</span>
      #<span class=sf-dump-protected title=\"Protected property\">with</span>: []
      #<span class=sf-dump-protected title=\"Protected property\">withCount</span>: []
      +<span class=sf-dump-public title=\"Public property\">preventsLazyLoading</span>: <span class=sf-dump-const>false</span>
      #<span class=sf-dump-protected title=\"Protected property\">perPage</span>: <span class=sf-dump-num>15</span>
      +<span class=sf-dump-public title=\"Public property\">exists</span>: <span class=sf-dump-const>true</span>
      +<span class=sf-dump-public title=\"Public property\">wasRecentlyCreated</span>: <span class=sf-dump-const>false</span>
      #<span class=sf-dump-protected title=\"Protected property\">escapeWhenCastingToString</span>: <span class=sf-dump-const>false</span>
      #<span class=sf-dump-protected title=\"Protected property\">attributes</span>: <span class=sf-dump-note>array:11</span> [ &#8230;11]
      #<span class=sf-dump-protected title=\"Protected property\">original</span>: <span class=sf-dump-note>array:11</span> [ &#8230;11]
      #<span class=sf-dump-protected title=\"Protected property\">changes</span>: []
      #<span class=sf-dump-protected title=\"Protected property\">casts</span>: <span class=sf-dump-note>array:1</span> [ &#8230;1]
      #<span class=sf-dump-protected title=\"Protected property\">classCastCache</span>: []
      #<span class=sf-dump-protected title=\"Protected property\">attributeCastCache</span>: []
      #<span class=sf-dump-protected title=\"Protected property\">dateFormat</span>: <span class=sf-dump-const>null</span>
      #<span class=sf-dump-protected title=\"Protected property\">appends</span>: []
      #<span class=sf-dump-protected title=\"Protected property\">dispatchesEvents</span>: []
      #<span class=sf-dump-protected title=\"Protected property\">observables</span>: []
      #<span class=sf-dump-protected title=\"Protected property\">relations</span>: []
      #<span class=sf-dump-protected title=\"Protected property\">touches</span>: []
      +<span class=sf-dump-public title=\"Public property\">timestamps</span>: <span class=sf-dump-const>true</span>
      +<span class=sf-dump-public title=\"Public property\">usesUniqueIds</span>: <span class=sf-dump-const>false</span>
      #<span class=sf-dump-protected title=\"Protected property\">hidden</span>: []
      #<span class=sf-dump-protected title=\"Protected property\">visible</span>: []
      #<span class=sf-dump-protected title=\"Protected property\">fillable</span>: <span class=sf-dump-note>array:8</span> [ &#8230;8]
      #<span class=sf-dump-protected title=\"Protected property\">guarded</span>: <span class=sf-dump-note>array:1</span> [ &#8230;1]
    </samp>}
    <span class=sf-dump-index>1</span> => <span class=\"sf-dump-note sf-dump-ellipsization\" title=\"App\\Models\\Module
\"><span class=\"sf-dump-ellipsis sf-dump-ellipsis-note\">App\\Models</span><span class=\"sf-dump-ellipsis sf-dump-ellipsis-note\">\\</span><span class=\"sf-dump-ellipsis-tail\">Module</span></span> {<a class=sf-dump-ref>#1059</a><samp data-depth=3 class=sf-dump-compact>
      #<span class=sf-dump-protected title=\"Protected property\">connection</span>: \"<span class=sf-dump-str title=\"6 characters\">sqlsrv</span>\"
      #<span class=sf-dump-protected title=\"Protected property\">table</span>: \"<span class=sf-dump-str title=\"7 characters\">modules</span>\"
      #<span class=sf-dump-protected title=\"Protected property\">primaryKey</span>: \"<span class=sf-dump-str title=\"2 characters\">id</span>\"
      #<span class=sf-dump-protected title=\"Protected property\">keyType</span>: \"<span class=sf-dump-str title=\"3 characters\">int</span>\"
      +<span class=sf-dump-public title=\"Public property\">incrementing</span>: <span class=sf-dump-const>true</span>
      #<span class=sf-dump-protected title=\"Protected property\">with</span>: []
      #<span class=sf-dump-protected title=\"Protected property\">withCount</span>: []
      +<span class=sf-dump-public title=\"Public property\">preventsLazyLoading</span>: <span class=sf-dump-const>false</span>
      #<span class=sf-dump-protected title=\"Protected property\">perPage</span>: <span class=sf-dump-num>15</span>
      +<span class=sf-dump-public title=\"Public property\">exists</span>: <span class=sf-dump-const>true</span>
      +<span class=sf-dump-public title=\"Public property\">wasRecentlyCreated</span>: <span class=sf-dump-const>false</span>
      #<span class=sf-dump-protected title=\"Protected property\">escapeWhenCastingToString</span>: <span class=sf-dump-const>false</span>
      #<span class=sf-dump-protected title=\"Protected property\">attributes</span>: <span class=sf-dump-note>array:11</span> [ &#8230;11]
      #<span class=sf-dump-protected title=\"Protected property\">original</span>: <span class=sf-dump-note>array:11</span> [ &#8230;11]
      #<span class=sf-dump-protected title=\"Protected property\">changes</span>: []
      #<span class=sf-dump-protected title=\"Protected property\">casts</span>: <span class=sf-dump-note>array:1</span> [ &#8230;1]
      #<span class=sf-dump-protected title=\"Protected property\">classCastCache</span>: []
      #<span class=sf-dump-protected title=\"Protected property\">attributeCastCache</span>: []
      #<span class=sf-dump-protected title=\"Protected property\">dateFormat</span>: <span class=sf-dump-const>null</span>
      #<span class=sf-dump-protected title=\"Protected property\">appends</span>: []
      #<span class=sf-dump-protected title=\"Protected property\">dispatchesEvents</span>: []
      #<span class=sf-dump-protected title=\"Protected property\">observables</span>: []
      #<span class=sf-dump-protected title=\"Protected property\">relations</span>: []
      #<span class=sf-dump-protected title=\"Protected property\">touches</span>: []
      +<span class=sf-dump-public title=\"Public property\">timestamps</span>: <span class=sf-dump-const>true</span>
      +<span class=sf-dump-public title=\"Public property\">usesUniqueIds</span>: <span class=sf-dump-const>false</span>
      #<span class=sf-dump-protected title=\"Protected property\">hidden</span>: []
      #<span class=sf-dump-protected title=\"Protected property\">visible</span>: []
      #<span class=sf-dump-protected title=\"Protected property\">fillable</span>: <span class=sf-dump-note>array:8</span> [ &#8230;8]
      #<span class=sf-dump-protected title=\"Protected property\">guarded</span>: <span class=sf-dump-note>array:1</span> [ &#8230;1]
    </samp>}
    <span class=sf-dump-index>2</span> => <span class=\"sf-dump-note sf-dump-ellipsization\" title=\"App\\Models\\Module
\"><span class=\"sf-dump-ellipsis sf-dump-ellipsis-note\">App\\Models</span><span class=\"sf-dump-ellipsis sf-dump-ellipsis-note\">\\</span><span class=\"sf-dump-ellipsis-tail\">Module</span></span> {<a class=sf-dump-ref>#1063</a><samp data-depth=3 class=sf-dump-compact>
      #<span class=sf-dump-protected title=\"Protected property\">connection</span>: \"<span class=sf-dump-str title=\"6 characters\">sqlsrv</span>\"
      #<span class=sf-dump-protected title=\"Protected property\">table</span>: \"<span class=sf-dump-str title=\"7 characters\">modules</span>\"
      #<span class=sf-dump-protected title=\"Protected property\">primaryKey</span>: \"<span class=sf-dump-str title=\"2 characters\">id</span>\"
      #<span class=sf-dump-protected title=\"Protected property\">keyType</span>: \"<span class=sf-dump-str title=\"3 characters\">int</span>\"
      +<span class=sf-dump-public title=\"Public property\">incrementing</span>: <span class=sf-dump-const>true</span>
      #<span class=sf-dump-protected title=\"Protected property\">with</span>: []
      #<span class=sf-dump-protected title=\"Protected property\">withCount</span>: []
      +<span class=sf-dump-public title=\"Public property\">preventsLazyLoading</span>: <span class=sf-dump-const>false</span>
      #<span class=sf-dump-protected title=\"Protected property\">perPage</span>: <span class=sf-dump-num>15</span>
      +<span class=sf-dump-public title=\"Public property\">exists</span>: <span class=sf-dump-const>true</span>
      +<span class=sf-dump-public title=\"Public property\">wasRecentlyCreated</span>: <span class=sf-dump-const>false</span>
      #<span class=sf-dump-protected title=\"Protected property\">escapeWhenCastingToString</span>: <span class=sf-dump-const>false</span>
      #<span class=sf-dump-protected title=\"Protected property\">attributes</span>: <span class=sf-dump-note>array:11</span> [ &#8230;11]
      #<span class=sf-dump-protected title=\"Protected property\">original</span>: <span class=sf-dump-note>array:11</span> [ &#8230;11]
      #<span class=sf-dump-protected title=\"Protected property\">changes</span>: []
      #<span class=sf-dump-protected title=\"Protected property\">casts</span>: <span class=sf-dump-note>array:1</span> [ &#8230;1]
      #<span class=sf-dump-protected title=\"Protected property\">classCastCache</span>: []
      #<span class=sf-dump-protected title=\"Protected property\">attributeCastCache</span>: []
      #<span class=sf-dump-protected title=\"Protected property\">dateFormat</span>: <span class=sf-dump-const>null</span>
      #<span class=sf-dump-protected title=\"Protected property\">appends</span>: []
      #<span class=sf-dump-protected title=\"Protected property\">dispatchesEvents</span>: []
      #<span class=sf-dump-protected title=\"Protected property\">observables</span>: []
      #<span class=sf-dump-protected title=\"Protected property\">relations</span>: []
      #<span class=sf-dump-protected title=\"Protected property\">touches</span>: []
      +<span class=sf-dump-public title=\"Public property\">timestamps</span>: <span class=sf-dump-const>true</span>
      +<span class=sf-dump-public title=\"Public property\">usesUniqueIds</span>: <span class=sf-dump-const>false</span>
      #<span class=sf-dump-protected title=\"Protected property\">hidden</span>: []
      #<span class=sf-dump-protected title=\"Protected property\">visible</span>: []
      #<span class=sf-dump-protected title=\"Protected property\">fillable</span>: <span class=sf-dump-note>array:8</span> [ &#8230;8]
      #<span class=sf-dump-protected title=\"Protected property\">guarded</span>: <span class=sf-dump-note>array:1</span> [ &#8230;1]
    </samp>}
  </samp>]
  #<span class=sf-dump-protected title=\"Protected property\">escapeWhenCastingToString</span>: <span class=sf-dump-const>false</span>
</samp>}
</pre><script>Sfdump(\"sf-dump-1777838765\", {\"maxDepth\":3,\"maxStringLength\":160})</script>
","module":"<pre class=sf-dump id=sf-dump-1420226267 data-indent-pad=\"  \"><span class=sf-dump-note>App\\Models\\Module</span> {<a class=sf-dump-ref>#1063</a><samp data-depth=1 class=sf-dump-expanded>
  #<span class=sf-dump-protected title=\"Protected property\">connection</span>: \"<span class=sf-dump-str title=\"6 characters\">sqlsrv</span>\"
  #<span class=sf-dump-protected title=\"Protected property\">table</span>: \"<span class=sf-dump-str title=\"7 characters\">modules</span>\"
  #<span class=sf-dump-protected title=\"Protected property\">primaryKey</span>: \"<span class=sf-dump-str title=\"2 characters\">id</span>\"
  #<span class=sf-dump-protected title=\"Protected property\">keyType</span>: \"<span class=sf-dump-str title=\"3 characters\">int</span>\"
  +<span class=sf-dump-public title=\"Public property\">incrementing</span>: <span class=sf-dump-const>true</span>
  #<span class=sf-dump-protected title=\"Protected property\">with</span>: []
  #<span class=sf-dump-protected title=\"Protected property\">withCount</span>: []
  +<span class=sf-dump-public title=\"Public property\">preventsLazyLoading</span>: <span class=sf-dump-const>false</span>
  #<span class=sf-dump-protected title=\"Protected property\">perPage</span>: <span class=sf-dump-num>15</span>
  +<span class=sf-dump-public title=\"Public property\">exists</span>: <span class=sf-dump-const>true</span>
  +<span class=sf-dump-public title=\"Public property\">wasRecentlyCreated</span>: <span class=sf-dump-const>false</span>
  #<span class=sf-dump-protected title=\"Protected property\">escapeWhenCastingToString</span>: <span class=sf-dump-const>false</span>
  #<span class=sf-dump-protected title=\"Protected property\">attributes</span>: <span class=sf-dump-note>array:11</span> [<samp data-depth=2 class=sf-dump-compact>
    \"<span class=sf-dump-key>id</span>\" => \"<span class=sf-dump-str>3</span>\"
    \"<span class=sf-dump-key>title</span>\" => \"<span class=sf-dump-str title=\"23 characters\">Pengolahan Pakan Ternak</span>\"
    \"<span class=sf-dump-key>slug</span>\" => \"<span class=sf-dump-str title=\"23 characters\">pengolahan-pakan-ternak</span>\"
    \"<span class=sf-dump-key>description</span>\" => \"<span class=sf-dump-str title=\"63 characters\">Cara mengolah limbah pertanian menjadi pakan ternak berkualitas</span>\"
    \"<span class=sf-dump-key>content</span>\" => \"\"\"
      <span class=sf-dump-str title=\"1617 characters\">&lt;h2&gt;Pengolahan Limbah Pertanian Menjadi Pakan Ternak&lt;/h2&gt;<span class=\"sf-dump-default sf-dump-ns\">\\r\\n</span></span>
      <span class=sf-dump-str title=\"1617 characters\">&lt;p&gt;Limbah pertanian seperti jerami, tongkol jagung, dan dedak dapat diolah menjadi pakan ternak yang bergizi dan ekonomis.&lt;/p&gt;<span class=\"sf-dump-default sf-dump-ns\">\\r\\n</span></span>
      <span class=sf-dump-str title=\"1617 characters\"><span class=\"sf-dump-default sf-dump-ns\">\\r\\n</span></span>
      <span class=sf-dump-str title=\"1617 characters\">&lt;h3&gt;Jenis Pakan dari Limbah&lt;/h3&gt;<span class=\"sf-dump-default sf-dump-ns\">\\r\\n</span></span>
      <span class=sf-dump-str title=\"1617 characters\">&lt;ul&gt;<span class=\"sf-dump-default sf-dump-ns\">\\r\\n</span></span>
      <span class=sf-dump-str title=\"1617 characters\">    &lt;li&gt;&lt;strong&gt;Silase:&lt;/strong&gt; Fermentasi hijauan pakan dalam kondisi anaerob&lt;/li&gt;<span class=\"sf-dump-default sf-dump-ns\">\\r\\n</span></span>
      <span class=sf-dump-str title=\"1617 characters\">    &lt;li&gt;&lt;strong&gt;Hay:&lt;/strong&gt; Hijauan pakan yang dikeringkan&lt;/li&gt;<span class=\"sf-dump-default sf-dump-ns\">\\r\\n</span></span>
      <span class=sf-dump-str title=\"1617 characters\">    &lt;li&gt;&lt;strong&gt;Pakan Fermentasi:&lt;/strong&gt; Pakan yang difermentasi dengan probiotik&lt;/li&gt;<span class=\"sf-dump-default sf-dump-ns\">\\r\\n</span></span>
      <span class=sf-dump-str title=\"1617 characters\">    &lt;li&gt;&lt;strong&gt;Pakan Konsentrat:&lt;/strong&gt; Campuran limbah dengan nilai gizi tinggi&lt;/li&gt;<span class=\"sf-dump-default sf-dump-ns\">\\r\\n</span></span>
      <span class=sf-dump-str title=\"1617 characters\">&lt;/ul&gt;<span class=\"sf-dump-default sf-dump-ns\">\\r\\n</span></span>
      <span class=sf-dump-str title=\"1617 characters\"><span class=\"sf-dump-default sf-dump-ns\">\\r\\n</span></span>
      <span class=sf-dump-str title=\"1617 characters\">&lt;h3&gt;Pembuatan Pakan Fermentasi&lt;/h3&gt;<span class=\"sf-dump-default sf-dump-ns\">\\r\\n</span></span>
      <span class=sf-dump-str title=\"1617 characters\">&lt;p&gt;&lt;strong&gt;Bahan-bahan:&lt;/strong&gt;&lt;/p&gt;<span class=\"sf-dump-default sf-dump-ns\">\\r\\n</span></span>
      <span class=sf-dump-str title=\"1617 characters\">&lt;ul&gt;<span class=\"sf-dump-default sf-dump-ns\">\\r\\n</span></span>
      <span class=sf-dump-str title=\"1617 characters\">    &lt;li&gt;Jerami padi atau tongkol jagung cacah - 100 kg&lt;/li&gt;<span class=\"sf-dump-default sf-dump-ns\">\\r\\n</span></span>
      <span class=sf-dump-str title=\"1617 characters\">    &lt;li&gt;Dedak halus - 10 kg&lt;/li&gt;<span class=\"sf-dump-default sf-dump-ns\">\\r\\n</span></span>
      <span class=sf-dump-str title=\"1617 characters\">    &lt;li&gt;Molases atau gula merah - 2 kg&lt;/li&gt;<span class=\"sf-dump-default sf-dump-ns\">\\r\\n</span></span>
      <span class=sf-dump-str title=\"1617 characters\">    &lt;li&gt;EM4 atau probiotik - 500 ml&lt;/li&gt;<span class=\"sf-dump-default sf-dump-ns\">\\r\\n</span></span>
      <span class=sf-dump-str title=\"1617 characters\">    &lt;li&gt;Air bersih - 30-40 liter&lt;/li&gt;<span class=\"sf-dump-default sf-dump-ns\">\\r\\n</span></span>
      <span class=sf-dump-str title=\"1617 characters\">    &lt;li&gt;Garam - 200 gram&lt;/li&gt;<span class=\"sf-dump-default sf-dump-ns\">\\r\\n</span></span>
      <span class=sf-dump-str title=\"1617 characters\">&lt;/ul&gt;<span class=\"sf-dump-default sf-dump-ns\">\\r\\n</span></span>
      <span class=sf-dump-str title=\"1617 characters\"><span class=\"sf-dump-default sf-dump-ns\">\\r\\n</span></span>
      <span class=sf-dump-str title=\"1617 characters\">&lt;p&gt;&lt;strong&gt;Cara Pembuatan:&lt;/strong&gt;&lt;/p&gt;<span class=\"sf-dump-default sf-dump-ns\">\\r\\n</span></span>
      <span class=sf-dump-str title=\"1617 characters\">&lt;ol&gt;<span class=\"sf-dump-default sf-dump-ns\">\\r\\n</span></span>
      <span class=sf-dump-str title=\"1617 characters\">    &lt;li&gt;Cacah jerami atau tongkol jagung hingga ukuran 3-5 cm&lt;/li&gt;<span class=\"sf-dump-default sf-dump-ns\">\\r\\n</span></span>
      <span class=sf-dump-str title=\"1617 characters\">    &lt;li&gt;Larutkan molases, EM4, dan garam dalam air&lt;/li&gt;<span class=\"sf-dump-default sf-dump-ns\">\\r\\n</span></span>
      <span class=sf-dump-str title=\"1617 characters\">    &lt;li&gt;Campurkan semua bahan, siram dengan larutan secara merata&lt;/li&gt;<span class=\"sf-dump-default sf-dump-ns\">\\r\\n</span></span>
      <span class=sf-dump-str title=\"1617 characters\">    &lt;li&gt;Masukkan dalam drum atau kantong plastik, padatkan dan tutup rapat&lt;/li&gt;<span class=\"sf-dump-default sf-dump-ns\">\\r\\n</span></span>
      <span class=sf-dump-str title=\"1617 characters\">    &lt;li&gt;Fermentasi selama 7-14 hari&lt;/li&gt;<span class=\"sf-dump-default sf-dump-ns\">\\r\\n</span></span>
      <span class=sf-dump-str title=\"1617 characters\">    &lt;li&gt;Pakan siap diberikan dengan bau harum khas fermentasi&lt;/li&gt;<span class=\"sf-dump-default sf-dump-ns\">\\r\\n</span></span>
      <span class=sf-dump-str title=\"1617 characters\">&lt;/ol&gt;<span class=\"sf-dump-default sf-dump-ns\">\\r\\n</span></span>
      <span class=sf-dump-str title=\"1617 characters\"><span class=\"sf-dump-default sf-dump-ns\">\\r\\n</span></span>
      <span class=sf-dump-str title=\"1617 characters\">&lt;h3&gt;Keuntungan Pakan Fermentasi&lt;/h3&gt;<span class=\"sf-dump-default sf-dump-ns\">\\r\\n</span></span>
      <span class=sf-dump-str title=\"1617 characters\">&lt;ul&gt;<span class=\"sf-dump-default sf-dump-ns\">\\r\\n</span></span>
      <span class=sf-dump-str title=\"1617 characters\">    &lt;li&gt;Nilai gizi lebih tinggi&lt;/li&gt;<span class=\"sf-dump-default sf-dump-ns\">\\r\\n</span></span>
      <span class=sf-dump-str title=\"1617 characters\">    &lt;li&gt;Mudah dicerna ternak&lt;/li&gt;<span class=\"sf-dump-default sf-dump-ns\">\\r\\n</span></span>
      <span class=sf-dump-str title=\"1617 characters\">    &lt;li&gt;Dapat disimpan lebih lama&lt;/li&gt;<span class=\"sf-dump-default sf-dump-ns\">\\r\\n</span></span>
      <span class=sf-dump-str title=\"1617 characters\">    &lt;li&gt;Menghemat biaya pakan hingga 30-40%&lt;/li&gt;<span class=\"sf-dump-default sf-dump-ns\">\\r\\n</span></span>
      <span class=sf-dump-str title=\"1617 characters\">    &lt;li&gt;Meningkatkan produktivitas ternak&lt;/li&gt;<span class=\"sf-dump-default sf-dump-ns\">\\r\\n</span></span>
      <span class=sf-dump-str title=\"1617 characters\">&lt;/ul&gt;</span>
      \"\"\"
    \"<span class=sf-dump-key>order</span>\" => \"<span class=sf-dump-str>3</span>\"
    \"<span class=sf-dump-key>is_active</span>\" => \"<span class=sf-dump-str>1</span>\"
    \"<span class=sf-dump-key>thumbnail</span>\" => <span class=sf-dump-const>null</span>
    \"<span class=sf-dump-key>duration_minutes</span>\" => \"<span class=sf-dump-str title=\"2 characters\">40</span>\"
    \"<span class=sf-dump-key>created_at</span>\" => \"<span class=sf-dump-str title=\"23 characters\">2025-11-24 10:35:12.073</span>\"
    \"<span class=sf-dump-key>updated_at</span>\" => \"<span class=sf-dump-str title=\"23 characters\">2025-11-24 10:35:12.073</span>\"
  </samp>]
  #<span class=sf-dump-protected title=\"Protected property\">original</span>: <span class=sf-dump-note>array:11</span> [<samp data-depth=2 class=sf-dump-compact>
    \"<span class=sf-dump-key>id</span>\" => \"<span class=sf-dump-str>3</span>\"
    \"<span class=sf-dump-key>title</span>\" => \"<span class=sf-dump-str title=\"23 characters\">Pengolahan Pakan Ternak</span>\"
    \"<span class=sf-dump-key>slug</span>\" => \"<span class=sf-dump-str title=\"23 characters\">pengolahan-pakan-ternak</span>\"
    \"<span class=sf-dump-key>description</span>\" => \"<span class=sf-dump-str title=\"63 characters\">Cara mengolah limbah pertanian menjadi pakan ternak berkualitas</span>\"
    \"<span class=sf-dump-key>content</span>\" => \"\"\"
      <span class=sf-dump-str title=\"1617 characters\">&lt;h2&gt;Pengolahan Limbah Pertanian Menjadi Pakan Ternak&lt;/h2&gt;<span class=\"sf-dump-default sf-dump-ns\">\\r\\n</span></span>
      <span class=sf-dump-str title=\"1617 characters\">&lt;p&gt;Limbah pertanian seperti jerami, tongkol jagung, dan dedak dapat diolah menjadi pakan ternak yang bergizi dan ekonomis.&lt;/p&gt;<span class=\"sf-dump-default sf-dump-ns\">\\r\\n</span></span>
      <span class=sf-dump-str title=\"1617 characters\"><span class=\"sf-dump-default sf-dump-ns\">\\r\\n</span></span>
      <span class=sf-dump-str title=\"1617 characters\">&lt;h3&gt;Jenis Pakan dari Limbah&lt;/h3&gt;<span class=\"sf-dump-default sf-dump-ns\">\\r\\n</span></span>
      <span class=sf-dump-str title=\"1617 characters\">&lt;ul&gt;<span class=\"sf-dump-default sf-dump-ns\">\\r\\n</span></span>
      <span class=sf-dump-str title=\"1617 characters\">    &lt;li&gt;&lt;strong&gt;Silase:&lt;/strong&gt; Fermentasi hijauan pakan dalam kondisi anaerob&lt;/li&gt;<span class=\"sf-dump-default sf-dump-ns\">\\r\\n</span></span>
      <span class=sf-dump-str title=\"1617 characters\">    &lt;li&gt;&lt;strong&gt;Hay:&lt;/strong&gt; Hijauan pakan yang dikeringkan&lt;/li&gt;<span class=\"sf-dump-default sf-dump-ns\">\\r\\n</span></span>
      <span class=sf-dump-str title=\"1617 characters\">    &lt;li&gt;&lt;strong&gt;Pakan Fermentasi:&lt;/strong&gt; Pakan yang difermentasi dengan probiotik&lt;/li&gt;<span class=\"sf-dump-default sf-dump-ns\">\\r\\n</span></span>
      <span class=sf-dump-str title=\"1617 characters\">    &lt;li&gt;&lt;strong&gt;Pakan Konsentrat:&lt;/strong&gt; Campuran limbah dengan nilai gizi tinggi&lt;/li&gt;<span class=\"sf-dump-default sf-dump-ns\">\\r\\n</span></span>
      <span class=sf-dump-str title=\"1617 characters\">&lt;/ul&gt;<span class=\"sf-dump-default sf-dump-ns\">\\r\\n</span></span>
      <span class=sf-dump-str title=\"1617 characters\"><span class=\"sf-dump-default sf-dump-ns\">\\r\\n</span></span>
      <span class=sf-dump-str title=\"1617 characters\">&lt;h3&gt;Pembuatan Pakan Fermentasi&lt;/h3&gt;<span class=\"sf-dump-default sf-dump-ns\">\\r\\n</span></span>
      <span class=sf-dump-str title=\"1617 characters\">&lt;p&gt;&lt;strong&gt;Bahan-bahan:&lt;/strong&gt;&lt;/p&gt;<span class=\"sf-dump-default sf-dump-ns\">\\r\\n</span></span>
      <span class=sf-dump-str title=\"1617 characters\">&lt;ul&gt;<span class=\"sf-dump-default sf-dump-ns\">\\r\\n</span></span>
      <span class=sf-dump-str title=\"1617 characters\">    &lt;li&gt;Jerami padi atau tongkol jagung cacah - 100 kg&lt;/li&gt;<span class=\"sf-dump-default sf-dump-ns\">\\r\\n</span></span>
      <span class=sf-dump-str title=\"1617 characters\">    &lt;li&gt;Dedak halus - 10 kg&lt;/li&gt;<span class=\"sf-dump-default sf-dump-ns\">\\r\\n</span></span>
      <span class=sf-dump-str title=\"1617 characters\">    &lt;li&gt;Molases atau gula merah - 2 kg&lt;/li&gt;<span class=\"sf-dump-default sf-dump-ns\">\\r\\n</span></span>
      <span class=sf-dump-str title=\"1617 characters\">    &lt;li&gt;EM4 atau probiotik - 500 ml&lt;/li&gt;<span class=\"sf-dump-default sf-dump-ns\">\\r\\n</span></span>
      <span class=sf-dump-str title=\"1617 characters\">    &lt;li&gt;Air bersih - 30-40 liter&lt;/li&gt;<span class=\"sf-dump-default sf-dump-ns\">\\r\\n</span></span>
      <span class=sf-dump-str title=\"1617 characters\">    &lt;li&gt;Garam - 200 gram&lt;/li&gt;<span class=\"sf-dump-default sf-dump-ns\">\\r\\n</span></span>
      <span class=sf-dump-str title=\"1617 characters\">&lt;/ul&gt;<span class=\"sf-dump-default sf-dump-ns\">\\r\\n</span></span>
      <span class=sf-dump-str title=\"1617 characters\"><span class=\"sf-dump-default sf-dump-ns\">\\r\\n</span></span>
      <span class=sf-dump-str title=\"1617 characters\">&lt;p&gt;&lt;strong&gt;Cara Pembuatan:&lt;/strong&gt;&lt;/p&gt;<span class=\"sf-dump-default sf-dump-ns\">\\r\\n</span></span>
      <span class=sf-dump-str title=\"1617 characters\">&lt;ol&gt;<span class=\"sf-dump-default sf-dump-ns\">\\r\\n</span></span>
      <span class=sf-dump-str title=\"1617 characters\">    &lt;li&gt;Cacah jerami atau tongkol jagung hingga ukuran 3-5 cm&lt;/li&gt;<span class=\"sf-dump-default sf-dump-ns\">\\r\\n</span></span>
      <span class=sf-dump-str title=\"1617 characters\">    &lt;li&gt;Larutkan molases, EM4, dan garam dalam air&lt;/li&gt;<span class=\"sf-dump-default sf-dump-ns\">\\r\\n</span></span>
      <span class=sf-dump-str title=\"1617 characters\">    &lt;li&gt;Campurkan semua bahan, siram dengan larutan secara merata&lt;/li&gt;<span class=\"sf-dump-default sf-dump-ns\">\\r\\n</span></span>
      <span class=sf-dump-str title=\"1617 characters\">    &lt;li&gt;Masukkan dalam drum atau kantong plastik, padatkan dan tutup rapat&lt;/li&gt;<span class=\"sf-dump-default sf-dump-ns\">\\r\\n</span></span>
      <span class=sf-dump-str title=\"1617 characters\">    &lt;li&gt;Fermentasi selama 7-14 hari&lt;/li&gt;<span class=\"sf-dump-default sf-dump-ns\">\\r\\n</span></span>
      <span class=sf-dump-str title=\"1617 characters\">    &lt;li&gt;Pakan siap diberikan dengan bau harum khas fermentasi&lt;/li&gt;<span class=\"sf-dump-default sf-dump-ns\">\\r\\n</span></span>
      <span class=sf-dump-str title=\"1617 characters\">&lt;/ol&gt;<span class=\"sf-dump-default sf-dump-ns\">\\r\\n</span></span>
      <span class=sf-dump-str title=\"1617 characters\"><span class=\"sf-dump-default sf-dump-ns\">\\r\\n</span></span>
      <span class=sf-dump-str title=\"1617 characters\">&lt;h3&gt;Keuntungan Pakan Fermentasi&lt;/h3&gt;<span class=\"sf-dump-default sf-dump-ns\">\\r\\n</span></span>
      <span class=sf-dump-str title=\"1617 characters\">&lt;ul&gt;<span class=\"sf-dump-default sf-dump-ns\">\\r\\n</span></span>
      <span class=sf-dump-str title=\"1617 characters\">    &lt;li&gt;Nilai gizi lebih tinggi&lt;/li&gt;<span class=\"sf-dump-default sf-dump-ns\">\\r\\n</span></span>
      <span class=sf-dump-str title=\"1617 characters\">    &lt;li&gt;Mudah dicerna ternak&lt;/li&gt;<span class=\"sf-dump-default sf-dump-ns\">\\r\\n</span></span>
      <span class=sf-dump-str title=\"1617 characters\">    &lt;li&gt;Dapat disimpan lebih lama&lt;/li&gt;<span class=\"sf-dump-default sf-dump-ns\">\\r\\n</span></span>
      <span class=sf-dump-str title=\"1617 characters\">    &lt;li&gt;Menghemat biaya pakan hingga 30-40%&lt;/li&gt;<span class=\"sf-dump-default sf-dump-ns\">\\r\\n</span></span>
      <span class=sf-dump-str title=\"1617 characters\">    &lt;li&gt;Meningkatkan produktivitas ternak&lt;/li&gt;<span class=\"sf-dump-default sf-dump-ns\">\\r\\n</span></span>
      <span class=sf-dump-str title=\"1617 characters\">&lt;/ul&gt;</span>
      \"\"\"
    \"<span class=sf-dump-key>order</span>\" => \"<span class=sf-dump-str>3</span>\"
    \"<span class=sf-dump-key>is_active</span>\" => \"<span class=sf-dump-str>1</span>\"
    \"<span class=sf-dump-key>thumbnail</span>\" => <span class=sf-dump-const>null</span>
    \"<span class=sf-dump-key>duration_minutes</span>\" => \"<span class=sf-dump-str title=\"2 characters\">40</span>\"
    \"<span class=sf-dump-key>created_at</span>\" => \"<span class=sf-dump-str title=\"23 characters\">2025-11-24 10:35:12.073</span>\"
    \"<span class=sf-dump-key>updated_at</span>\" => \"<span class=sf-dump-str title=\"23 characters\">2025-11-24 10:35:12.073</span>\"
  </samp>]
  #<span class=sf-dump-protected title=\"Protected property\">changes</span>: []
  #<span class=sf-dump-protected title=\"Protected property\">casts</span>: <span class=sf-dump-note>array:1</span> [<samp data-depth=2 class=sf-dump-compact>
    \"<span class=sf-dump-key>is_active</span>\" => \"<span class=sf-dump-str title=\"7 characters\">boolean</span>\"
  </samp>]
  #<span class=sf-dump-protected title=\"Protected property\">classCastCache</span>: []
  #<span class=sf-dump-protected title=\"Protected property\">attributeCastCache</span>: []
  #<span class=sf-dump-protected title=\"Protected property\">dateFormat</span>: <span class=sf-dump-const>null</span>
  #<span class=sf-dump-protected title=\"Protected property\">appends</span>: []
  #<span class=sf-dump-protected title=\"Protected property\">dispatchesEvents</span>: []
  #<span class=sf-dump-protected title=\"Protected property\">observables</span>: []
  #<span class=sf-dump-protected title=\"Protected property\">relations</span>: []
  #<span class=sf-dump-protected title=\"Protected property\">touches</span>: []
  +<span class=sf-dump-public title=\"Public property\">timestamps</span>: <span class=sf-dump-const>true</span>
  +<span class=sf-dump-public title=\"Public property\">usesUniqueIds</span>: <span class=sf-dump-const>false</span>
  #<span class=sf-dump-protected title=\"Protected property\">hidden</span>: []
  #<span class=sf-dump-protected title=\"Protected property\">visible</span>: []
  #<span class=sf-dump-protected title=\"Protected property\">fillable</span>: <span class=sf-dump-note>array:8</span> [<samp data-depth=2 class=sf-dump-compact>
    <span class=sf-dump-index>0</span> => \"<span class=sf-dump-str title=\"5 characters\">title</span>\"
    <span class=sf-dump-index>1</span> => \"<span class=sf-dump-str title=\"4 characters\">slug</span>\"
    <span class=sf-dump-index>2</span> => \"<span class=sf-dump-str title=\"11 characters\">description</span>\"
    <span class=sf-dump-index>3</span> => \"<span class=sf-dump-str title=\"7 characters\">content</span>\"
    <span class=sf-dump-index>4</span> => \"<span class=sf-dump-str title=\"5 characters\">order</span>\"
    <span class=sf-dump-index>5</span> => \"<span class=sf-dump-str title=\"9 characters\">is_active</span>\"
    <span class=sf-dump-index>6</span> => \"<span class=sf-dump-str title=\"9 characters\">thumbnail</span>\"
    <span class=sf-dump-index>7</span> => \"<span class=sf-dump-str title=\"16 characters\">duration_minutes</span>\"
  </samp>]
  #<span class=sf-dump-protected title=\"Protected property\">guarded</span>: <span class=sf-dump-note>array:1</span> [<samp data-depth=2 class=sf-dump-compact>
    <span class=sf-dump-index>0</span> => \"<span class=sf-dump-str>*</span>\"
  </samp>]
</samp>}
</pre><script>Sfdump(\"sf-dump-1420226267\", {\"maxDepth\":3,\"maxStringLength\":160})</script>
","loop":"<pre class=sf-dump id=sf-dump-1198807368 data-indent-pad=\"  \"><span class=sf-dump-const>null</span>
</pre><script>Sfdump(\"sf-dump-1198807368\", {\"maxDepth\":3,\"maxStringLength\":160})</script>
","progress":"<pre class=sf-dump id=sf-dump-1565311095 data-indent-pad=\"  \"><span class=sf-dump-const>null</span>
</pre><script>Sfdump(\"sf-dump-1565311095\", {\"maxDepth\":3,\"maxStringLength\":160})</script>
"}},"userId":1,"exception":"[object] (Spatie\\LaravelIgnition\\Exceptions\\ViewException(code: 0): Route [videos.index] not defined. at D:\\ketapang\\Agro Waste\\vendor\\laravel\\framework\\src\\Illuminate\\Routing\\UrlGenerator.php:517)
[stacktrace]
#0 D:\\ketapang\\Agro Waste\\vendor\\laravel\\framework\\src\\Illuminate\\Foundation\\helpers.php(853): Illuminate\\Routing\\UrlGenerator->route('videos.index', Array, true)
#1 D:\\ketapang\\Agro Waste\\resources\\views\\layouts\\app.blade.php(32): route('videos.index')
#2 D:\\ketapang\\Agro Waste\\vendor\\laravel\\framework\\src\\Illuminate\\Filesystem\\Filesystem.php(123): require('D:\\\\ketapang\\\\Agr...')
#3 D:\\ketapang\\Agro Waste\\vendor\\laravel\\framework\\src\\Illuminate\\Filesystem\\Filesystem.php(124): Illuminate\\Filesystem\\Filesystem::Illuminate\\Filesystem\\{closure}()
#4 D:\\ketapang\\Agro Waste\\vendor\\laravel\\framework\\src\\Illuminate\\View\\Engines\\PhpEngine.php(58): Illuminate\\Filesystem\\Filesystem->getRequire('D:\\\\ketapang\\\\Agr...', Array)
#5 D:\\ketapang\\Agro Waste\\vendor\\laravel\\framework\\src\\Illuminate\\View\\Engines\\CompilerEngine.php(75): Illuminate\\View\\Engines\\PhpEngine->evaluatePath('D:\\\\ketapang\\\\Agr...', Array)
#6 D:\\ketapang\\Agro Waste\\vendor\\laravel\\framework\\src\\Illuminate\\View\\View.php(209): Illuminate\\View\\Engines\\CompilerEngine->get('D:\\\\ketapang\\\\Agr...', Array)
#7 D:\\ketapang\\Agro Waste\\vendor\\laravel\\framework\\src\\Illuminate\\View\\View.php(192): Illuminate\\View\\View->getContents()
#8 D:\\ketapang\\Agro Waste\\vendor\\laravel\\framework\\src\\Illuminate\\View\\View.php(161): Illuminate\\View\\View->renderContents()
#9 D:\\ketapang\\Agro Waste\\resources\\views\\home.blade.php(204): Illuminate\\View\\View->render()
#10 D:\\ketapang\\Agro Waste\\vendor\\laravel\\framework\\src\\Illuminate\\Filesystem\\Filesystem.php(123): require('D:\\\\ketapang\\\\Agr...')
#11 D:\\ketapang\\Agro Waste\\vendor\\laravel\\framework\\src\\Illuminate\\Filesystem\\Filesystem.php(124): Illuminate\\Filesystem\\Filesystem::Illuminate\\Filesystem\\{closure}()
#12 D:\\ketapang\\Agro Waste\\vendor\\laravel\\framework\\src\\Illuminate\\View\\Engines\\PhpEngine.php(58): Illuminate\\Filesystem\\Filesystem->getRequire('D:\\\\ketapang\\\\Agr...', Array)
#13 D:\\ketapang\\Agro Waste\\vendor\\laravel\\framework\\src\\Illuminate\\View\\Engines\\CompilerEngine.php(75): Illuminate\\View\\Engines\\PhpEngine->evaluatePath('D:\\\\ketapang\\\\Agr...', Array)
#14 D:\\ketapang\\Agro Waste\\vendor\\laravel\\framework\\src\\Illuminate\\View\\View.php(209): Illuminate\\View\\Engines\\CompilerEngine->get('D:\\\\ketapang\\\\Agr...', Array)
#15 D:\\ketapang\\Agro Waste\\vendor\\laravel\\framework\\src\\Illuminate\\View\\View.php(192): Illuminate\\View\\View->getContents()
#16 D:\\ketapang\\Agro Waste\\vendor\\laravel\\framework\\src\\Illuminate\\View\\View.php(161): Illuminate\\View\\View->renderContents()
#17 D:\\ketapang\\Agro Waste\\vendor\\laravel\\framework\\src\\Illuminate\\Http\\Response.php(79): Illuminate\\View\\View->render()
#18 D:\\ketapang\\Agro Waste\\vendor\\laravel\\framework\\src\\Illuminate\\Http\\Response.php(35): Illuminate\\Http\\Response->setContent(Object(Illuminate\\View\\View))
#19 D:\\ketapang\\Agro Waste\\vendor\\laravel\\framework\\src\\Illuminate\\Routing\\Router.php(920): Illuminate\\Http\\Response->__construct(Object(Illuminate\\View\\View), 200, Array)
#20 D:\\ketapang\\Agro Waste\\vendor\\laravel\\framework\\src\\Illuminate\\Routing\\Router.php(887): Illuminate\\Routing\\Router::toResponse(Object(Illuminate\\Http\\Request), Object(Illuminate\\View\\View))
#21 D:\\ketapang\\Agro Waste\\vendor\\laravel\\framework\\src\\Illuminate\\Routing\\Router.php(807): Illuminate\\Routing\\Router->prepareResponse(Object(Illuminate\\Http\\Request), Object(Illuminate\\View\\View))
#22 D:\\ketapang\\Agro Waste\\vendor\\laravel\\framework\\src\\Illuminate\\Pipeline\\Pipeline.php(170): Illuminate\\Routing\\Router->Illuminate\\Routing\\{closure}(Object(Illuminate\\Http\\Request))
#23 D:\\ketapang\\Agro Waste\\app\\Http\\Middleware\\Authenticate.php(18): Illuminate\\Pipeline\\Pipeline->Illuminate\\Pipeline\\{closure}(Object(Illuminate\\Http\\Request))
#24 D:\\ketapang\\Agro Waste\\vendor\\laravel\\framework\\src\\Illuminate\\Pipeline\\Pipeline.php(209): App\\Http\\Middleware\\Authenticate->handle(Object(Illuminate\\Http\\Request), Object(Closure))
#25 D:\\ketapang\\Agro Waste\\vendor\\laravel\\framework\\src\\Illuminate\\Routing\\Middleware\\SubstituteBindings.php(51): Illuminate\\Pipeline\\Pipeline->Illuminate\\Pipeline\\{closure}(Object(Illuminate\\Http\\Request))
#26 D:\\ketapang\\Agro Waste\\vendor\\laravel\\framework\\src\\Illuminate\\Pipeline\\Pipeline.php(209): Illuminate\\Routing\\Middleware\\SubstituteBindings->handle(Object(Illuminate\\Http\\Request), Object(Closure))
#27 D:\\ketapang\\Agro Waste\\vendor\\laravel\\framework\\src\\Illuminate\\Foundation\\Http\\Middleware\\VerifyCsrfToken.php(88): Illuminate\\Pipeline\\Pipeline->Illuminate\\Pipeline\\{closure}(Object(Illuminate\\Http\\Request))
#28 D:\\ketapang\\Agro Waste\\vendor\\laravel\\framework\\src\\Illuminate\\Pipeline\\Pipeline.php(209): Illuminate\\Foundation\\Http\\Middleware\\VerifyCsrfToken->handle(Object(Illuminate\\Http\\Request), Object(Closure))
#29 D:\\ketapang\\Agro Waste\\vendor\\laravel\\framework\\src\\Illuminate\\View\\Middleware\\ShareErrorsFromSession.php(49): Illuminate\\Pipeline\\Pipeline->Illuminate\\Pipeline\\{closure}(Object(Illuminate\\Http\\Request))
#30 D:\\ketapang\\Agro Waste\\vendor\\laravel\\framework\\src\\Illuminate\\Pipeline\\Pipeline.php(209): Illuminate\\View\\Middleware\\ShareErrorsFromSession->handle(Object(Illuminate\\Http\\Request), Object(Closure))
#31 D:\\ketapang\\Agro Waste\\vendor\\laravel\\framework\\src\\Illuminate\\Session\\Middleware\\StartSession.php(121): Illuminate\\Pipeline\\Pipeline->Illuminate\\Pipeline\\{closure}(Object(Illuminate\\Http\\Request))
#32 D:\\ketapang\\Agro Waste\\vendor\\laravel\\framework\\src\\Illuminate\\Session\\Middleware\\StartSession.php(64): Illuminate\\Session\\Middleware\\StartSession->handleStatefulRequest(Object(Illuminate\\Http\\Request), Object(Illuminate\\Session\\Store), Object(Closure))
#33 D:\\ketapang\\Agro Waste\\vendor\\laravel\\framework\\src\\Illuminate\\Pipeline\\Pipeline.php(209): Illuminate\\Session\\Middleware\\StartSession->handle(Object(Illuminate\\Http\\Request), Object(Closure))
#34 D:\\ketapang\\Agro Waste\\vendor\\laravel\\framework\\src\\Illuminate\\Cookie\\Middleware\\AddQueuedCookiesToResponse.php(37): Illuminate\\Pipeline\\Pipeline->Illuminate\\Pipeline\\{closure}(Object(Illuminate\\Http\\Request))
#35 D:\\ketapang\\Agro Waste\\vendor\\laravel\\framework\\src\\Illuminate\\Pipeline\\Pipeline.php(209): Illuminate\\Cookie\\Middleware\\AddQueuedCookiesToResponse->handle(Object(Illuminate\\Http\\Request), Object(Closure))
#36 D:\\ketapang\\Agro Waste\\vendor\\laravel\\framework\\src\\Illuminate\\Cookie\\Middleware\\EncryptCookies.php(75): Illuminate\\Pipeline\\Pipeline->Illuminate\\Pipeline\\{closure}(Object(Illuminate\\Http\\Request))
#37 D:\\ketapang\\Agro Waste\\vendor\\laravel\\framework\\src\\Illuminate\\Pipeline\\Pipeline.php(209): Illuminate\\Cookie\\Middleware\\EncryptCookies->handle(Object(Illuminate\\Http\\Request), Object(Closure))
#38 D:\\ketapang\\Agro Waste\\vendor\\laravel\\framework\\src\\Illuminate\\Pipeline\\Pipeline.php(127): Illuminate\\Pipeline\\Pipeline->Illuminate\\Pipeline\\{closure}(Object(Illuminate\\Http\\Request))
#39 D:\\ketapang\\Agro Waste\\vendor\\laravel\\framework\\src\\Illuminate\\Routing\\Router.php(807): Illuminate\\Pipeline\\Pipeline->then(Object(Closure))
#40 D:\\ketapang\\Agro Waste\\vendor\\laravel\\framework\\src\\Illuminate\\Routing\\Router.php(786): Illuminate\\Routing\\Router->runRouteWithinStack(Object(Illuminate\\Routing\\Route), Object(Illuminate\\Http\\Request))
#41 D:\\ketapang\\Agro Waste\\vendor\\laravel\\framework\\src\\Illuminate\\Routing\\Router.php(750): Illuminate\\Routing\\Router->runRoute(Object(Illuminate\\Http\\Request), Object(Illuminate\\Routing\\Route))
#42 D:\\ketapang\\Agro Waste\\vendor\\laravel\\framework\\src\\Illuminate\\Routing\\Router.php(739): Illuminate\\Routing\\Router->dispatchToRoute(Object(Illuminate\\Http\\Request))
#43 D:\\ketapang\\Agro Waste\\vendor\\laravel\\framework\\src\\Illuminate\\Foundation\\Http\\Kernel.php(201): Illuminate\\Routing\\Router->dispatch(Object(Illuminate\\Http\\Request))
#44 D:\\ketapang\\Agro Waste\\vendor\\laravel\\framework\\src\\Illuminate\\Pipeline\\Pipeline.php(170): Illuminate\\Foundation\\Http\\Kernel->Illuminate\\Foundation\\Http\\{closure}(Object(Illuminate\\Http\\Request))
#45 D:\\ketapang\\Agro Waste\\vendor\\laravel\\framework\\src\\Illuminate\\Foundation\\Http\\Middleware\\TransformsRequest.php(21): Illuminate\\Pipeline\\Pipeline->Illuminate\\Pipeline\\{closure}(Object(Illuminate\\Http\\Request))
#46 D:\\ketapang\\Agro Waste\\vendor\\laravel\\framework\\src\\Illuminate\\Foundation\\Http\\Middleware\\ConvertEmptyStringsToNull.php(31): Illuminate\\Foundation\\Http\\Middleware\\TransformsRequest->handle(Object(Illuminate\\Http\\Request), Object(Closure))
#47 D:\\ketapang\\Agro Waste\\vendor\\laravel\\framework\\src\\Illuminate\\Pipeline\\Pipeline.php(209): Illuminate\\Foundation\\Http\\Middleware\\ConvertEmptyStringsToNull->handle(Object(Illuminate\\Http\\Request), Object(Closure))
#48 D:\\ketapang\\Agro Waste\\vendor\\laravel\\framework\\src\\Illuminate\\Foundation\\Http\\Middleware\\TransformsRequest.php(21): Illuminate\\Pipeline\\Pipeline->Illuminate\\Pipeline\\{closure}(Object(Illuminate\\Http\\Request))
#49 D:\\ketapang\\Agro Waste\\vendor\\laravel\\framework\\src\\Illuminate\\Foundation\\Http\\Middleware\\TrimStrings.php(51): Illuminate\\Foundation\\Http\\Middleware\\TransformsRequest->handle(Object(Illuminate\\Http\\Request), Object(Closure))
#50 D:\\ketapang\\Agro Waste\\vendor\\laravel\\framework\\src\\Illuminate\\Pipeline\\Pipeline.php(209): Illuminate\\Foundation\\Http\\Middleware\\TrimStrings->handle(Object(Illuminate\\Http\\Request), Object(Closure))
#51 D:\\ketapang\\Agro Waste\\vendor\\laravel\\framework\\src\\Illuminate\\Http\\Middleware\\ValidatePostSize.php(27): Illuminate\\Pipeline\\Pipeline->Illuminate\\Pipeline\\{closure}(Object(Illuminate\\Http\\Request))
#52 D:\\ketapang\\Agro Waste\\vendor\\laravel\\framework\\src\\Illuminate\\Pipeline\\Pipeline.php(209): Illuminate\\Http\\Middleware\\ValidatePostSize->handle(Object(Illuminate\\Http\\Request), Object(Closure))
#53 D:\\ketapang\\Agro Waste\\vendor\\laravel\\framework\\src\\Illuminate\\Foundation\\Http\\Middleware\\PreventRequestsDuringMaintenance.php(110): Illuminate\\Pipeline\\Pipeline->Illuminate\\Pipeline\\{closure}(Object(Illuminate\\Http\\Request))
#54 D:\\ketapang\\Agro Waste\\vendor\\laravel\\framework\\src\\Illuminate\\Pipeline\\Pipeline.php(209): Illuminate\\Foundation\\Http\\Middleware\\PreventRequestsDuringMaintenance->handle(Object(Illuminate\\Http\\Request), Object(Closure))
#55 D:\\ketapang\\Agro Waste\\vendor\\laravel\\framework\\src\\Illuminate\\Http\\Middleware\\HandleCors.php(49): Illuminate\\Pipeline\\Pipeline->Illuminate\\Pipeline\\{closure}(Object(Illuminate\\Http\\Request))
#56 D:\\ketapang\\Agro Waste\\vendor\\laravel\\framework\\src\\Illuminate\\Pipeline\\Pipeline.php(209): Illuminate\\Http\\Middleware\\HandleCors->handle(Object(Illuminate\\Http\\Request), Object(Closure))
#57 D:\\ketapang\\Agro Waste\\vendor\\laravel\\framework\\src\\Illuminate\\Http\\Middleware\\TrustProxies.php(58): Illuminate\\Pipeline\\Pipeline->Illuminate\\Pipeline\\{closure}(Object(Illuminate\\Http\\Request))
#58 D:\\ketapang\\Agro Waste\\vendor\\laravel\\framework\\src\\Illuminate\\Pipeline\\Pipeline.php(209): Illuminate\\Http\\Middleware\\TrustProxies->handle(Object(Illuminate\\Http\\Request), Object(Closure))
#59 D:\\ketapang\\Agro Waste\\vendor\\laravel\\framework\\src\\Illuminate\\Foundation\\Http\\Middleware\\InvokeDeferredCallbacks.php(22): Illuminate\\Pipeline\\Pipeline->Illuminate\\Pipeline\\{closure}(Object(Illuminate\\Http\\Request))
#60 D:\\ketapang\\Agro Waste\\vendor\\laravel\\framework\\src\\Illuminate\\Pipeline\\Pipeline.php(209): Illuminate\\Foundation\\Http\\Middleware\\InvokeDeferredCallbacks->handle(Object(Illuminate\\Http\\Request), Object(Closure))
#61 D:\\ketapang\\Agro Waste\\vendor\\laravel\\framework\\src\\Illuminate\\Pipeline\\Pipeline.php(127): Illuminate\\Pipeline\\Pipeline->Illuminate\\Pipeline\\{closure}(Object(Illuminate\\Http\\Request))
#62 D:\\ketapang\\Agro Waste\\vendor\\laravel\\framework\\src\\Illuminate\\Foundation\\Http\\Kernel.php(176): Illuminate\\Pipeline\\Pipeline->then(Object(Closure))
#63 D:\\ketapang\\Agro Waste\\vendor\\laravel\\framework\\src\\Illuminate\\Foundation\\Http\\Kernel.php(145): Illuminate\\Foundation\\Http\\Kernel->sendRequestThroughRouter(Object(Illuminate\\Http\\Request))
#64 D:\\ketapang\\Agro Waste\\vendor\\laravel\\framework\\src\\Illuminate\\Foundation\\Application.php(1220): Illuminate\\Foundation\\Http\\Kernel->handle(Object(Illuminate\\Http\\Request))
#65 D:\\ketapang\\Agro Waste\\public\\index.php(17): Illuminate\\Foundation\\Application->handleRequest(Object(Illuminate\\Http\\Request))
#66 D:\\ketapang\\Agro Waste\\vendor\\laravel\\framework\\src\\Illuminate\\Foundation\\resources\\server.php(23): require_once('D:\\\\ketapang\\\\Agr...')
#67 {main}

[previous exception] [object] (Symfony\\Component\\Routing\\Exception\\RouteNotFoundException(code: 0): Route [videos.index] not defined. at D:\\ketapang\\Agro Waste\\vendor\\laravel\\framework\\src\\Illuminate\\Routing\\UrlGenerator.php:517)
[stacktrace]
#0 D:\\ketapang\\Agro Waste\\vendor\\laravel\\framework\\src\\Illuminate\\Foundation\\helpers.php(853): Illuminate\\Routing\\UrlGenerator->route('videos.index', Array, true)
#1 D:\\ketapang\\Agro Waste\\storage\\framework\\views\\269a390c3b7ffd044e4a69226b6f101f.php(32): route('videos.index')
#2 D:\\ketapang\\Agro Waste\\vendor\\laravel\\framework\\src\\Illuminate\\Filesystem\\Filesystem.php(123): require('D:\\\\ketapang\\\\Agr...')
#3 D:\\ketapang\\Agro Waste\\vendor\\laravel\\framework\\src\\Illuminate\\Filesystem\\Filesystem.php(124): Illuminate\\Filesystem\\Filesystem::Illuminate\\Filesystem\\{closure}()
#4 D:\\ketapang\\Agro Waste\\vendor\\laravel\\framework\\src\\Illuminate\\View\\Engines\\PhpEngine.php(58): Illuminate\\Filesystem\\Filesystem->getRequire('D:\\\\ketapang\\\\Agr...', Array)
#5 D:\\ketapang\\Agro Waste\\vendor\\laravel\\framework\\src\\Illuminate\\View\\Engines\\CompilerEngine.php(75): Illuminate\\View\\Engines\\PhpEngine->evaluatePath('D:\\\\ketapang\\\\Agr...', Array)
#6 D:\\ketapang\\Agro Waste\\vendor\\laravel\\framework\\src\\Illuminate\\View\\View.php(209): Illuminate\\View\\Engines\\CompilerEngine->get('D:\\\\ketapang\\\\Agr...', Array)
#7 D:\\ketapang\\Agro Waste\\vendor\\laravel\\framework\\src\\Illuminate\\View\\View.php(192): Illuminate\\View\\View->getContents()
#8 D:\\ketapang\\Agro Waste\\vendor\\laravel\\framework\\src\\Illuminate\\View\\View.php(161): Illuminate\\View\\View->renderContents()
#9 D:\\ketapang\\Agro Waste\\storage\\framework\\views\\eed27d20a935b7d4b7b20b82c6de4835.php(209): Illuminate\\View\\View->render()
#10 D:\\ketapang\\Agro Waste\\vendor\\laravel\\framework\\src\\Illuminate\\Filesystem\\Filesystem.php(123): require('D:\\\\ketapang\\\\Agr...')
#11 D:\\ketapang\\Agro Waste\\vendor\\laravel\\framework\\src\\Illuminate\\Filesystem\\Filesystem.php(124): Illuminate\\Filesystem\\Filesystem::Illuminate\\Filesystem\\{closure}()
#12 D:\\ketapang\\Agro Waste\\vendor\\laravel\\framework\\src\\Illuminate\\View\\Engines\\PhpEngine.php(58): Illuminate\\Filesystem\\Filesystem->getRequire('D:\\\\ketapang\\\\Agr...', Array)
#13 D:\\ketapang\\Agro Waste\\vendor\\laravel\\framework\\src\\Illuminate\\View\\Engines\\CompilerEngine.php(75): Illuminate\\View\\Engines\\PhpEngine->evaluatePath('D:\\\\ketapang\\\\Agr...', Array)
#14 D:\\ketapang\\Agro Waste\\vendor\\laravel\\framework\\src\\Illuminate\\View\\View.php(209): Illuminate\\View\\Engines\\CompilerEngine->get('D:\\\\ketapang\\\\Agr...', Array)
#15 D:\\ketapang\\Agro Waste\\vendor\\laravel\\framework\\src\\Illuminate\\View\\View.php(192): Illuminate\\View\\View->getContents()
#16 D:\\ketapang\\Agro Waste\\vendor\\laravel\\framework\\src\\Illuminate\\View\\View.php(161): Illuminate\\View\\View->renderContents()
#17 D:\\ketapang\\Agro Waste\\vendor\\laravel\\framework\\src\\Illuminate\\Http\\Response.php(79): Illuminate\\View\\View->render()
#18 D:\\ketapang\\Agro Waste\\vendor\\laravel\\framework\\src\\Illuminate\\Http\\Response.php(35): Illuminate\\Http\\Response->setContent(Object(Illuminate\\View\\View))
#19 D:\\ketapang\\Agro Waste\\vendor\\laravel\\framework\\src\\Illuminate\\Routing\\Router.php(920): Illuminate\\Http\\Response->__construct(Object(Illuminate\\View\\View), 200, Array)
#20 D:\\ketapang\\Agro Waste\\vendor\\laravel\\framework\\src\\Illuminate\\Routing\\Router.php(887): Illuminate\\Routing\\Router::toResponse(Object(Illuminate\\Http\\Request), Object(Illuminate\\View\\View))
#21 D:\\ketapang\\Agro Waste\\vendor\\laravel\\framework\\src\\Illuminate\\Routing\\Router.php(807): Illuminate\\Routing\\Router->prepareResponse(Object(Illuminate\\Http\\Request), Object(Illuminate\\View\\View))
#22 D:\\ketapang\\Agro Waste\\vendor\\laravel\\framework\\src\\Illuminate\\Pipeline\\Pipeline.php(170): Illuminate\\Routing\\Router->Illuminate\\Routing\\{closure}(Object(Illuminate\\Http\\Request))
#23 D:\\ketapang\\Agro Waste\\app\\Http\\Middleware\\Authenticate.php(18): Illuminate\\Pipeline\\Pipeline->Illuminate\\Pipeline\\{closure}(Object(Illuminate\\Http\\Request))
#24 D:\\ketapang\\Agro Waste\\vendor\\laravel\\framework\\src\\Illuminate\\Pipeline\\Pipeline.php(209): App\\Http\\Middleware\\Authenticate->handle(Object(Illuminate\\Http\\Request), Object(Closure))
#25 D:\\ketapang\\Agro Waste\\vendor\\laravel\\framework\\src\\Illuminate\\Routing\\Middleware\\SubstituteBindings.php(51): Illuminate\\Pipeline\\Pipeline->Illuminate\\Pipeline\\{closure}(Object(Illuminate\\Http\\Request))
#26 D:\\ketapang\\Agro Waste\\vendor\\laravel\\framework\\src\\Illuminate\\Pipeline\\Pipeline.php(209): Illuminate\\Routing\\Middleware\\SubstituteBindings->handle(Object(Illuminate\\Http\\Request), Object(Closure))
#27 D:\\ketapang\\Agro Waste\\vendor\\laravel\\framework\\src\\Illuminate\\Foundation\\Http\\Middleware\\VerifyCsrfToken.php(88): Illuminate\\Pipeline\\Pipeline->Illuminate\\Pipeline\\{closure}(Object(Illuminate\\Http\\Request))
#28 D:\\ketapang\\Agro Waste\\vendor\\laravel\\framework\\src\\Illuminate\\Pipeline\\Pipeline.php(209): Illuminate\\Foundation\\Http\\Middleware\\VerifyCsrfToken->handle(Object(Illuminate\\Http\\Request), Object(Closure))
#29 D:\\ketapang\\Agro Waste\\vendor\\laravel\\framework\\src\\Illuminate\\View\\Middleware\\ShareErrorsFromSession.php(49): Illuminate\\Pipeline\\Pipeline->Illuminate\\Pipeline\\{closure}(Object(Illuminate\\Http\\Request))
#30 D:\\ketapang\\Agro Waste\\vendor\\laravel\\framework\\src\\Illuminate\\Pipeline\\Pipeline.php(209): Illuminate\\View\\Middleware\\ShareErrorsFromSession->handle(Object(Illuminate\\Http\\Request), Object(Closure))
#31 D:\\ketapang\\Agro Waste\\vendor\\laravel\\framework\\src\\Illuminate\\Session\\Middleware\\StartSession.php(121): Illuminate\\Pipeline\\Pipeline->Illuminate\\Pipeline\\{closure}(Object(Illuminate\\Http\\Request))
#32 D:\\ketapang\\Agro Waste\\vendor\\laravel\\framework\\src\\Illuminate\\Session\\Middleware\\StartSession.php(64): Illuminate\\Session\\Middleware\\StartSession->handleStatefulRequest(Object(Illuminate\\Http\\Request), Object(Illuminate\\Session\\Store), Object(Closure))
#33 D:\\ketapang\\Agro Waste\\vendor\\laravel\\framework\\src\\Illuminate\\Pipeline\\Pipeline.php(209): Illuminate\\Session\\Middleware\\StartSession->handle(Object(Illuminate\\Http\\Request), Object(Closure))
#34 D:\\ketapang\\Agro Waste\\vendor\\laravel\\framework\\src\\Illuminate\\Cookie\\Middleware\\AddQueuedCookiesToResponse.php(37): Illuminate\\Pipeline\\Pipeline->Illuminate\\Pipeline\\{closure}(Object(Illuminate\\Http\\Request))
#35 D:\\ketapang\\Agro Waste\\vendor\\laravel\\framework\\src\\Illuminate\\Pipeline\\Pipeline.php(209): Illuminate\\Cookie\\Middleware\\AddQueuedCookiesToResponse->handle(Object(Illuminate\\Http\\Request), Object(Closure))
#36 D:\\ketapang\\Agro Waste\\vendor\\laravel\\framework\\src\\Illuminate\\Cookie\\Middleware\\EncryptCookies.php(75): Illuminate\\Pipeline\\Pipeline->Illuminate\\Pipeline\\{closure}(Object(Illuminate\\Http\\Request))
#37 D:\\ketapang\\Agro Waste\\vendor\\laravel\\framework\\src\\Illuminate\\Pipeline\\Pipeline.php(209): Illuminate\\Cookie\\Middleware\\EncryptCookies->handle(Object(Illuminate\\Http\\Request), Object(Closure))
#38 D:\\ketapang\\Agro Waste\\vendor\\laravel\\framework\\src\\Illuminate\\Pipeline\\Pipeline.php(127): Illuminate\\Pipeline\\Pipeline->Illuminate\\Pipeline\\{closure}(Object(Illuminate\\Http\\Request))
#39 D:\\ketapang\\Agro Waste\\vendor\\laravel\\framework\\src\\Illuminate\\Routing\\Router.php(807): Illuminate\\Pipeline\\Pipeline->then(Object(Closure))
#40 D:\\ketapang\\Agro Waste\\vendor\\laravel\\framework\\src\\Illuminate\\Routing\\Router.php(786): Illuminate\\Routing\\Router->runRouteWithinStack(Object(Illuminate\\Routing\\Route), Object(Illuminate\\Http\\Request))
#41 D:\\ketapang\\Agro Waste\\vendor\\laravel\\framework\\src\\Illuminate\\Routing\\Router.php(750): Illuminate\\Routing\\Router->runRoute(Object(Illuminate\\Http\\Request), Object(Illuminate\\Routing\\Route))
#42 D:\\ketapang\\Agro Waste\\vendor\\laravel\\framework\\src\\Illuminate\\Routing\\Router.php(739): Illuminate\\Routing\\Router->dispatchToRoute(Object(Illuminate\\Http\\Request))
#43 D:\\ketapang\\Agro Waste\\vendor\\laravel\\framework\\src\\Illuminate\\Foundation\\Http\\Kernel.php(201): Illuminate\\Routing\\Router->dispatch(Object(Illuminate\\Http\\Request))
#44 D:\\ketapang\\Agro Waste\\vendor\\laravel\\framework\\src\\Illuminate\\Pipeline\\Pipeline.php(170): Illuminate\\Foundation\\Http\\Kernel->Illuminate\\Foundation\\Http\\{closure}(Object(Illuminate\\Http\\Request))
#45 D:\\ketapang\\Agro Waste\\vendor\\laravel\\framework\\src\\Illuminate\\Foundation\\Http\\Middleware\\TransformsRequest.php(21): Illuminate\\Pipeline\\Pipeline->Illuminate\\Pipeline\\{closure}(Object(Illuminate\\Http\\Request))
#46 D:\\ketapang\\Agro Waste\\vendor\\laravel\\framework\\src\\Illuminate\\Foundation\\Http\\Middleware\\ConvertEmptyStringsToNull.php(31): Illuminate\\Foundation\\Http\\Middleware\\TransformsRequest->handle(Object(Illuminate\\Http\\Request), Object(Closure))
#47 D:\\ketapang\\Agro Waste\\vendor\\laravel\\framework\\src\\Illuminate\\Pipeline\\Pipeline.php(209): Illuminate\\Foundation\\Http\\Middleware\\ConvertEmptyStringsToNull->handle(Object(Illuminate\\Http\\Request), Object(Closure))
#48 D:\\ketapang\\Agro Waste\\vendor\\laravel\\framework\\src\\Illuminate\\Foundation\\Http\\Middleware\\TransformsRequest.php(21): Illuminate\\Pipeline\\Pipeline->Illuminate\\Pipeline\\{closure}(Object(Illuminate\\Http\\Request))
#49 D:\\ketapang\\Agro Waste\\vendor\\laravel\\framework\\src\\Illuminate\\Foundation\\Http\\Middleware\\TrimStrings.php(51): Illuminate\\Foundation\\Http\\Middleware\\TransformsRequest->handle(Object(Illuminate\\Http\\Request), Object(Closure))
#50 D:\\ketapang\\Agro Waste\\vendor\\laravel\\framework\\src\\Illuminate\\Pipeline\\Pipeline.php(209): Illuminate\\Foundation\\Http\\Middleware\\TrimStrings->handle(Object(Illuminate\\Http\\Request), Object(Closure))
#51 D:\\ketapang\\Agro Waste\\vendor\\laravel\\framework\\src\\Illuminate\\Http\\Middleware\\ValidatePostSize.php(27): Illuminate\\Pipeline\\Pipeline->Illuminate\\Pipeline\\{closure}(Object(Illuminate\\Http\\Request))
#52 D:\\ketapang\\Agro Waste\\vendor\\laravel\\framework\\src\\Illuminate\\Pipeline\\Pipeline.php(209): Illuminate\\Http\\Middleware\\ValidatePostSize->handle(Object(Illuminate\\Http\\Request), Object(Closure))
#53 D:\\ketapang\\Agro Waste\\vendor\\laravel\\framework\\src\\Illuminate\\Foundation\\Http\\Middleware\\PreventRequestsDuringMaintenance.php(110): Illuminate\\Pipeline\\Pipeline->Illuminate\\Pipeline\\{closure}(Object(Illuminate\\Http\\Request))
#54 D:\\ketapang\\Agro Waste\\vendor\\laravel\\framework\\src\\Illuminate\\Pipeline\\Pipeline.php(209): Illuminate\\Foundation\\Http\\Middleware\\PreventRequestsDuringMaintenance->handle(Object(Illuminate\\Http\\Request), Object(Closure))
#55 D:\\ketapang\\Agro Waste\\vendor\\laravel\\framework\\src\\Illuminate\\Http\\Middleware\\HandleCors.php(49): Illuminate\\Pipeline\\Pipeline->Illuminate\\Pipeline\\{closure}(Object(Illuminate\\Http\\Request))
#56 D:\\ketapang\\Agro Waste\\vendor\\laravel\\framework\\src\\Illuminate\\Pipeline\\Pipeline.php(209): Illuminate\\Http\\Middleware\\HandleCors->handle(Object(Illuminate\\Http\\Request), Object(Closure))
#57 D:\\ketapang\\Agro Waste\\vendor\\laravel\\framework\\src\\Illuminate\\Http\\Middleware\\TrustProxies.php(58): Illuminate\\Pipeline\\Pipeline->Illuminate\\Pipeline\\{closure}(Object(Illuminate\\Http\\Request))
#58 D:\\ketapang\\Agro Waste\\vendor\\laravel\\framework\\src\\Illuminate\\Pipeline\\Pipeline.php(209): Illuminate\\Http\\Middleware\\TrustProxies->handle(Object(Illuminate\\Http\\Request), Object(Closure))
#59 D:\\ketapang\\Agro Waste\\vendor\\laravel\\framework\\src\\Illuminate\\Foundation\\Http\\Middleware\\InvokeDeferredCallbacks.php(22): Illuminate\\Pipeline\\Pipeline->Illuminate\\Pipeline\\{closure}(Object(Illuminate\\Http\\Request))
#60 D:\\ketapang\\Agro Waste\\vendor\\laravel\\framework\\src\\Illuminate\\Pipeline\\Pipeline.php(209): Illuminate\\Foundation\\Http\\Middleware\\InvokeDeferredCallbacks->handle(Object(Illuminate\\Http\\Request), Object(Closure))
#61 D:\\ketapang\\Agro Waste\\vendor\\laravel\\framework\\src\\Illuminate\\Pipeline\\Pipeline.php(127): Illuminate\\Pipeline\\Pipeline->Illuminate\\Pipeline\\{closure}(Object(Illuminate\\Http\\Request))
#62 D:\\ketapang\\Agro Waste\\vendor\\laravel\\framework\\src\\Illuminate\\Foundation\\Http\\Kernel.php(176): Illuminate\\Pipeline\\Pipeline->then(Object(Closure))
#63 D:\\ketapang\\Agro Waste\\vendor\\laravel\\framework\\src\\Illuminate\\Foundation\\Http\\Kernel.php(145): Illuminate\\Foundation\\Http\\Kernel->sendRequestThroughRouter(Object(Illuminate\\Http\\Request))
#64 D:\\ketapang\\Agro Waste\\vendor\\laravel\\framework\\src\\Illuminate\\Foundation\\Application.php(1220): Illuminate\\Foundation\\Http\\Kernel->handle(Object(Illuminate\\Http\\Request))
#65 D:\\ketapang\\Agro Waste\\public\\index.php(17): Illuminate\\Foundation\\Application->handleRequest(Object(Illuminate\\Http\\Request))
#66 D:\\ketapang\\Agro Waste\\vendor\\laravel\\framework\\src\\Illuminate\\Foundation\\resources\\server.php(23): require_once('D:\\\\ketapang\\\\Agr...')
#67 {main}
"} 
[2025-11-24 11:56:03] local.ERROR: Route [videos.index] not defined. {"view":{"view":"D:\\ketapang\\Agro Waste\\resources\\views\\layouts\\app.blade.php","data":{"errors":"<pre class=sf-dump id=sf-dump-771591548 data-indent-pad=\"  \"><span class=sf-dump-note>Illuminate\\Support\\ViewErrorBag</span> {<a class=sf-dump-ref>#323</a><samp data-depth=1 class=sf-dump-expanded>
  #<span class=sf-dump-protected title=\"Protected property\">bags</span>: []
</samp>}
</pre><script>Sfdump(\"sf-dump-771591548\", {\"maxDepth\":3,\"maxStringLength\":160})</script>
","totalModules":"<pre class=sf-dump id=sf-dump-1610270381 data-indent-pad=\"  \"><span class=sf-dump-num>3</span>
</pre><script>Sfdump(\"sf-dump-1610270381\", {\"maxDepth\":3,\"maxStringLength\":160})</script>
","completedModules":"<pre class=sf-dump id=sf-dump-1886746470 data-indent-pad=\"  \"><span class=sf-dump-num>0</span>
</pre><script>Sfdump(\"sf-dump-1886746470\", {\"maxDepth\":3,\"maxStringLength\":160})</script>
","modules":"<pre class=sf-dump id=sf-dump-2072502825 data-indent-pad=\"  \"><span class=sf-dump-note>Illuminate\\Database\\Eloquent\\Collection</span> {<a class=sf-dump-ref>#1060</a><samp data-depth=1 class=sf-dump-expanded>
  #<span class=sf-dump-protected title=\"Protected property\">items</span>: <span class=sf-dump-note>array:3</span> [<samp data-depth=2 class=sf-dump-compact>
    <span class=sf-dump-index>0</span> => <span class=\"sf-dump-note sf-dump-ellipsization\" title=\"App\\Models\\Module
\"><span class=\"sf-dump-ellipsis sf-dump-ellipsis-note\">App\\Models</span><span class=\"sf-dump-ellipsis sf-dump-ellipsis-note\">\\</span><span class=\"sf-dump-ellipsis-tail\">Module</span></span> {<a class=sf-dump-ref>#1061</a><samp data-depth=3 class=sf-dump-compact>
      #<span class=sf-dump-protected title=\"Protected property\">connection</span>: \"<span class=sf-dump-str title=\"6 characters\">sqlsrv</span>\"
      #<span class=sf-dump-protected title=\"Protected property\">table</span>: \"<span class=sf-dump-str title=\"7 characters\">modules</span>\"
      #<span class=sf-dump-protected title=\"Protected property\">primaryKey</span>: \"<span class=sf-dump-str title=\"2 characters\">id</span>\"
      #<span class=sf-dump-protected title=\"Protected property\">keyType</span>: \"<span class=sf-dump-str title=\"3 characters\">int</span>\"
      +<span class=sf-dump-public title=\"Public property\">incrementing</span>: <span class=sf-dump-const>true</span>
      #<span class=sf-dump-protected title=\"Protected property\">with</span>: []
      #<span class=sf-dump-protected title=\"Protected property\">withCount</span>: []
      +<span class=sf-dump-public title=\"Public property\">preventsLazyLoading</span>: <span class=sf-dump-const>false</span>
      #<span class=sf-dump-protected title=\"Protected property\">perPage</span>: <span class=sf-dump-num>15</span>
      +<span class=sf-dump-public title=\"Public property\">exists</span>: <span class=sf-dump-const>true</span>
      +<span class=sf-dump-public title=\"Public property\">wasRecentlyCreated</span>: <span class=sf-dump-const>false</span>
      #<span class=sf-dump-protected title=\"Protected property\">escapeWhenCastingToString</span>: <span class=sf-dump-const>false</span>
      #<span class=sf-dump-protected title=\"Protected property\">attributes</span>: <span class=sf-dump-note>array:11</span> [ &#8230;11]
      #<span class=sf-dump-protected title=\"Protected property\">original</span>: <span class=sf-dump-note>array:11</span> [ &#8230;11]
      #<span class=sf-dump-protected title=\"Protected property\">changes</span>: []
      #<span class=sf-dump-protected title=\"Protected property\">casts</span>: <span class=sf-dump-note>array:1</span> [ &#8230;1]
      #<span class=sf-dump-protected title=\"Protected property\">classCastCache</span>: []
      #<span class=sf-dump-protected title=\"Protected property\">attributeCastCache</span>: []
      #<span class=sf-dump-protected title=\"Protected property\">dateFormat</span>: <span class=sf-dump-const>null</span>
      #<span class=sf-dump-protected title=\"Protected property\">appends</span>: []
      #<span class=sf-dump-protected title=\"Protected property\">dispatchesEvents</span>: []
      #<span class=sf-dump-protected title=\"Protected property\">observables</span>: []
      #<span class=sf-dump-protected title=\"Protected property\">relations</span>: []
      #<span class=sf-dump-protected title=\"Protected property\">touches</span>: []
      +<span class=sf-dump-public title=\"Public property\">timestamps</span>: <span class=sf-dump-const>true</span>
      +<span class=sf-dump-public title=\"Public property\">usesUniqueIds</span>: <span class=sf-dump-const>false</span>
      #<span class=sf-dump-protected title=\"Protected property\">hidden</span>: []
      #<span class=sf-dump-protected title=\"Protected property\">visible</span>: []
      #<span class=sf-dump-protected title=\"Protected property\">fillable</span>: <span class=sf-dump-note>array:8</span> [ &#8230;8]
      #<span class=sf-dump-protected title=\"Protected property\">guarded</span>: <span class=sf-dump-note>array:1</span> [ &#8230;1]
    </samp>}
    <span class=sf-dump-index>1</span> => <span class=\"sf-dump-note sf-dump-ellipsization\" title=\"App\\Models\\Module
\"><span class=\"sf-dump-ellipsis sf-dump-ellipsis-note\">App\\Models</span><span class=\"sf-dump-ellipsis sf-dump-ellipsis-note\">\\</span><span class=\"sf-dump-ellipsis-tail\">Module</span></span> {<a class=sf-dump-ref>#1059</a><samp data-depth=3 class=sf-dump-compact>
      #<span class=sf-dump-protected title=\"Protected property\">connection</span>: \"<span class=sf-dump-str title=\"6 characters\">sqlsrv</span>\"
      #<span class=sf-dump-protected title=\"Protected property\">table</span>: \"<span class=sf-dump-str title=\"7 characters\">modules</span>\"
      #<span class=sf-dump-protected title=\"Protected property\">primaryKey</span>: \"<span class=sf-dump-str title=\"2 characters\">id</span>\"
      #<span class=sf-dump-protected title=\"Protected property\">keyType</span>: \"<span class=sf-dump-str title=\"3 characters\">int</span>\"
      +<span class=sf-dump-public title=\"Public property\">incrementing</span>: <span class=sf-dump-const>true</span>
      #<span class=sf-dump-protected title=\"Protected property\">with</span>: []
      #<span class=sf-dump-protected title=\"Protected property\">withCount</span>: []
      +<span class=sf-dump-public title=\"Public property\">preventsLazyLoading</span>: <span class=sf-dump-const>false</span>
      #<span class=sf-dump-protected title=\"Protected property\">perPage</span>: <span class=sf-dump-num>15</span>
      +<span class=sf-dump-public title=\"Public property\">exists</span>: <span class=sf-dump-const>true</span>
      +<span class=sf-dump-public title=\"Public property\">wasRecentlyCreated</span>: <span class=sf-dump-const>false</span>
      #<span class=sf-dump-protected title=\"Protected property\">escapeWhenCastingToString</span>: <span class=sf-dump-const>false</span>
      #<span class=sf-dump-protected title=\"Protected property\">attributes</span>: <span class=sf-dump-note>array:11</span> [ &#8230;11]
      #<span class=sf-dump-protected title=\"Protected property\">original</span>: <span class=sf-dump-note>array:11</span> [ &#8230;11]
      #<span class=sf-dump-protected title=\"Protected property\">changes</span>: []
      #<span class=sf-dump-protected title=\"Protected property\">casts</span>: <span class=sf-dump-note>array:1</span> [ &#8230;1]
      #<span class=sf-dump-protected title=\"Protected property\">classCastCache</span>: []
      #<span class=sf-dump-protected title=\"Protected property\">attributeCastCache</span>: []
      #<span class=sf-dump-protected title=\"Protected property\">dateFormat</span>: <span class=sf-dump-const>null</span>
      #<span class=sf-dump-protected title=\"Protected property\">appends</span>: []
      #<span class=sf-dump-protected title=\"Protected property\">dispatchesEvents</span>: []
      #<span class=sf-dump-protected title=\"Protected property\">observables</span>: []
      #<span class=sf-dump-protected title=\"Protected property\">relations</span>: []
      #<span class=sf-dump-protected title=\"Protected property\">touches</span>: []
      +<span class=sf-dump-public title=\"Public property\">timestamps</span>: <span class=sf-dump-const>true</span>
      +<span class=sf-dump-public title=\"Public property\">usesUniqueIds</span>: <span class=sf-dump-const>false</span>
      #<span class=sf-dump-protected title=\"Protected property\">hidden</span>: []
      #<span class=sf-dump-protected title=\"Protected property\">visible</span>: []
      #<span class=sf-dump-protected title=\"Protected property\">fillable</span>: <span class=sf-dump-note>array:8</span> [ &#8230;8]
      #<span class=sf-dump-protected title=\"Protected property\">guarded</span>: <span class=sf-dump-note>array:1</span> [ &#8230;1]
    </samp>}
    <span class=sf-dump-index>2</span> => <span class=\"sf-dump-note sf-dump-ellipsization\" title=\"App\\Models\\Module
\"><span class=\"sf-dump-ellipsis sf-dump-ellipsis-note\">App\\Models</span><span class=\"sf-dump-ellipsis sf-dump-ellipsis-note\">\\</span><span class=\"sf-dump-ellipsis-tail\">Module</span></span> {<a class=sf-dump-ref>#1063</a><samp data-depth=3 class=sf-dump-compact>
      #<span class=sf-dump-protected title=\"Protected property\">connection</span>: \"<span class=sf-dump-str title=\"6 characters\">sqlsrv</span>\"
      #<span class=sf-dump-protected title=\"Protected property\">table</span>: \"<span class=sf-dump-str title=\"7 characters\">modules</span>\"
      #<span class=sf-dump-protected title=\"Protected property\">primaryKey</span>: \"<span class=sf-dump-str title=\"2 characters\">id</span>\"
      #<span class=sf-dump-protected title=\"Protected property\">keyType</span>: \"<span class=sf-dump-str title=\"3 characters\">int</span>\"
      +<span class=sf-dump-public title=\"Public property\">incrementing</span>: <span class=sf-dump-const>true</span>
      #<span class=sf-dump-protected title=\"Protected property\">with</span>: []
      #<span class=sf-dump-protected title=\"Protected property\">withCount</span>: []
      +<span class=sf-dump-public title=\"Public property\">preventsLazyLoading</span>: <span class=sf-dump-const>false</span>
      #<span class=sf-dump-protected title=\"Protected property\">perPage</span>: <span class=sf-dump-num>15</span>
      +<span class=sf-dump-public title=\"Public property\">exists</span>: <span class=sf-dump-const>true</span>
      +<span class=sf-dump-public title=\"Public property\">wasRecentlyCreated</span>: <span class=sf-dump-const>false</span>
      #<span class=sf-dump-protected title=\"Protected property\">escapeWhenCastingToString</span>: <span class=sf-dump-const>false</span>
      #<span class=sf-dump-protected title=\"Protected property\">attributes</span>: <span class=sf-dump-note>array:11</span> [ &#8230;11]
      #<span class=sf-dump-protected title=\"Protected property\">original</span>: <span class=sf-dump-note>array:11</span> [ &#8230;11]
      #<span class=sf-dump-protected title=\"Protected property\">changes</span>: []
      #<span class=sf-dump-protected title=\"Protected property\">casts</span>: <span class=sf-dump-note>array:1</span> [ &#8230;1]
      #<span class=sf-dump-protected title=\"Protected property\">classCastCache</span>: []
      #<span class=sf-dump-protected title=\"Protected property\">attributeCastCache</span>: []
      #<span class=sf-dump-protected title=\"Protected property\">dateFormat</span>: <span class=sf-dump-const>null</span>
      #<span class=sf-dump-protected title=\"Protected property\">appends</span>: []
      #<span class=sf-dump-protected title=\"Protected property\">dispatchesEvents</span>: []
      #<span class=sf-dump-protected title=\"Protected property\">observables</span>: []
      #<span class=sf-dump-protected title=\"Protected property\">relations</span>: []
      #<span class=sf-dump-protected title=\"Protected property\">touches</span>: []
      +<span class=sf-dump-public title=\"Public property\">timestamps</span>: <span class=sf-dump-const>true</span>
      +<span class=sf-dump-public title=\"Public property\">usesUniqueIds</span>: <span class=sf-dump-const>false</span>
      #<span class=sf-dump-protected title=\"Protected property\">hidden</span>: []
      #<span class=sf-dump-protected title=\"Protected property\">visible</span>: []
      #<span class=sf-dump-protected title=\"Protected property\">fillable</span>: <span class=sf-dump-note>array:8</span> [ &#8230;8]
      #<span class=sf-dump-protected title=\"Protected property\">guarded</span>: <span class=sf-dump-note>array:1</span> [ &#8230;1]
    </samp>}
  </samp>]
  #<span class=sf-dump-protected title=\"Protected property\">escapeWhenCastingToString</span>: <span class=sf-dump-const>false</span>
</samp>}
</pre><script>Sfdump(\"sf-dump-2072502825\", {\"maxDepth\":3,\"maxStringLength\":160})</script>
","userProgress":"<pre class=sf-dump id=sf-dump-387713285 data-indent-pad=\"  \"><span class=sf-dump-note>Illuminate\\Database\\Eloquent\\Collection</span> {<a class=sf-dump-ref>#1043</a><samp data-depth=1 class=sf-dump-expanded>
  #<span class=sf-dump-protected title=\"Protected property\">items</span>: []
  #<span class=sf-dump-protected title=\"Protected property\">escapeWhenCastingToString</span>: <span class=sf-dump-const>false</span>
</samp>}
</pre><script>Sfdump(\"sf-dump-387713285\", {\"maxDepth\":3,\"maxStringLength\":160})</script>
","recentAttempts":"<pre class=sf-dump id=sf-dump-387175486 data-indent-pad=\"  \"><span class=sf-dump-note>Illuminate\\Database\\Eloquent\\Collection</span> {<a class=sf-dump-ref>#1055</a><samp data-depth=1 class=sf-dump-expanded>
  #<span class=sf-dump-protected title=\"Protected property\">items</span>: []
  #<span class=sf-dump-protected title=\"Protected property\">escapeWhenCastingToString</span>: <span class=sf-dump-const>false</span>
</samp>}
</pre><script>Sfdump(\"sf-dump-387175486\", {\"maxDepth\":3,\"maxStringLength\":160})</script>
","hour":"<pre class=sf-dump id=sf-dump-930530137 data-indent-pad=\"  \">\"<span class=sf-dump-str title=\"2 characters\">11</span>\"
</pre><script>Sfdump(\"sf-dump-930530137\", {\"maxDepth\":3,\"maxStringLength\":160})</script>
","greeting":"<pre class=sf-dump id=sf-dump-401029639 data-indent-pad=\"  \">\"<span class=sf-dump-str title=\"12 characters\">Selamat Pagi</span>\"
</pre><script>Sfdump(\"sf-dump-401029639\", {\"maxDepth\":3,\"maxStringLength\":160})</script>
","__currentLoopData":"<pre class=sf-dump id=sf-dump-1151746646 data-indent-pad=\"  \"><span class=sf-dump-note>Illuminate\\Database\\Eloquent\\Collection</span> {<a class=sf-dump-ref>#1060</a><samp data-depth=1 class=sf-dump-expanded>
  #<span class=sf-dump-protected title=\"Protected property\">items</span>: <span class=sf-dump-note>array:3</span> [<samp data-depth=2 class=sf-dump-compact>
    <span class=sf-dump-index>0</span> => <span class=\"sf-dump-note sf-dump-ellipsization\" title=\"App\\Models\\Module
\"><span class=\"sf-dump-ellipsis sf-dump-ellipsis-note\">App\\Models</span><span class=\"sf-dump-ellipsis sf-dump-ellipsis-note\">\\</span><span class=\"sf-dump-ellipsis-tail\">Module</span></span> {<a class=sf-dump-ref>#1061</a><samp data-depth=3 class=sf-dump-compact>
      #<span class=sf-dump-protected title=\"Protected property\">connection</span>: \"<span class=sf-dump-str title=\"6 characters\">sqlsrv</span>\"
      #<span class=sf-dump-protected title=\"Protected property\">table</span>: \"<span class=sf-dump-str title=\"7 characters\">modules</span>\"
      #<span class=sf-dump-protected title=\"Protected property\">primaryKey</span>: \"<span class=sf-dump-str title=\"2 characters\">id</span>\"
      #<span class=sf-dump-protected title=\"Protected property\">keyType</span>: \"<span class=sf-dump-str title=\"3 characters\">int</span>\"
      +<span class=sf-dump-public title=\"Public property\">incrementing</span>: <span class=sf-dump-const>true</span>
      #<span class=sf-dump-protected title=\"Protected property\">with</span>: []
      #<span class=sf-dump-protected title=\"Protected property\">withCount</span>: []
      +<span class=sf-dump-public title=\"Public property\">preventsLazyLoading</span>: <span class=sf-dump-const>false</span>
      #<span class=sf-dump-protected title=\"Protected property\">perPage</span>: <span class=sf-dump-num>15</span>
      +<span class=sf-dump-public title=\"Public property\">exists</span>: <span class=sf-dump-const>true</span>
      +<span class=sf-dump-public title=\"Public property\">wasRecentlyCreated</span>: <span class=sf-dump-const>false</span>
      #<span class=sf-dump-protected title=\"Protected property\">escapeWhenCastingToString</span>: <span class=sf-dump-const>false</span>
      #<span class=sf-dump-protected title=\"Protected property\">attributes</span>: <span class=sf-dump-note>array:11</span> [ &#8230;11]
      #<span class=sf-dump-protected title=\"Protected property\">original</span>: <span class=sf-dump-note>array:11</span> [ &#8230;11]
      #<span class=sf-dump-protected title=\"Protected property\">changes</span>: []
      #<span class=sf-dump-protected title=\"Protected property\">casts</span>: <span class=sf-dump-note>array:1</span> [ &#8230;1]
      #<span class=sf-dump-protected title=\"Protected property\">classCastCache</span>: []
      #<span class=sf-dump-protected title=\"Protected property\">attributeCastCache</span>: []
      #<span class=sf-dump-protected title=\"Protected property\">dateFormat</span>: <span class=sf-dump-const>null</span>
      #<span class=sf-dump-protected title=\"Protected property\">appends</span>: []
      #<span class=sf-dump-protected title=\"Protected property\">dispatchesEvents</span>: []
      #<span class=sf-dump-protected title=\"Protected property\">observables</span>: []
      #<span class=sf-dump-protected title=\"Protected property\">relations</span>: []
      #<span class=sf-dump-protected title=\"Protected property\">touches</span>: []
      +<span class=sf-dump-public title=\"Public property\">timestamps</span>: <span class=sf-dump-const>true</span>
      +<span class=sf-dump-public title=\"Public property\">usesUniqueIds</span>: <span class=sf-dump-const>false</span>
      #<span class=sf-dump-protected title=\"Protected property\">hidden</span>: []
      #<span class=sf-dump-protected title=\"Protected property\">visible</span>: []
      #<span class=sf-dump-protected title=\"Protected property\">fillable</span>: <span class=sf-dump-note>array:8</span> [ &#8230;8]
      #<span class=sf-dump-protected title=\"Protected property\">guarded</span>: <span class=sf-dump-note>array:1</span> [ &#8230;1]
    </samp>}
    <span class=sf-dump-index>1</span> => <span class=\"sf-dump-note sf-dump-ellipsization\" title=\"App\\Models\\Module
\"><span class=\"sf-dump-ellipsis sf-dump-ellipsis-note\">App\\Models</span><span class=\"sf-dump-ellipsis sf-dump-ellipsis-note\">\\</span><span class=\"sf-dump-ellipsis-tail\">Module</span></span> {<a class=sf-dump-ref>#1059</a><samp data-depth=3 class=sf-dump-compact>
      #<span class=sf-dump-protected title=\"Protected property\">connection</span>: \"<span class=sf-dump-str title=\"6 characters\">sqlsrv</span>\"
      #<span class=sf-dump-protected title=\"Protected property\">table</span>: \"<span class=sf-dump-str title=\"7 characters\">modules</span>\"
      #<span class=sf-dump-protected title=\"Protected property\">primaryKey</span>: \"<span class=sf-dump-str title=\"2 characters\">id</span>\"
      #<span class=sf-dump-protected title=\"Protected property\">keyType</span>: \"<span class=sf-dump-str title=\"3 characters\">int</span>\"
      +<span class=sf-dump-public title=\"Public property\">incrementing</span>: <span class=sf-dump-const>true</span>
      #<span class=sf-dump-protected title=\"Protected property\">with</span>: []
      #<span class=sf-dump-protected title=\"Protected property\">withCount</span>: []
      +<span class=sf-dump-public title=\"Public property\">preventsLazyLoading</span>: <span class=sf-dump-const>false</span>
      #<span class=sf-dump-protected title=\"Protected property\">perPage</span>: <span class=sf-dump-num>15</span>
      +<span class=sf-dump-public title=\"Public property\">exists</span>: <span class=sf-dump-const>true</span>
      +<span class=sf-dump-public title=\"Public property\">wasRecentlyCreated</span>: <span class=sf-dump-const>false</span>
      #<span class=sf-dump-protected title=\"Protected property\">escapeWhenCastingToString</span>: <span class=sf-dump-const>false</span>
      #<span class=sf-dump-protected title=\"Protected property\">attributes</span>: <span class=sf-dump-note>array:11</span> [ &#8230;11]
      #<span class=sf-dump-protected title=\"Protected property\">original</span>: <span class=sf-dump-note>array:11</span> [ &#8230;11]
      #<span class=sf-dump-protected title=\"Protected property\">changes</span>: []
      #<span class=sf-dump-protected title=\"Protected property\">casts</span>: <span class=sf-dump-note>array:1</span> [ &#8230;1]
      #<span class=sf-dump-protected title=\"Protected property\">classCastCache</span>: []
      #<span class=sf-dump-protected title=\"Protected property\">attributeCastCache</span>: []
      #<span class=sf-dump-protected title=\"Protected property\">dateFormat</span>: <span class=sf-dump-const>null</span>
      #<span class=sf-dump-protected title=\"Protected property\">appends</span>: []
      #<span class=sf-dump-protected title=\"Protected property\">dispatchesEvents</span>: []
      #<span class=sf-dump-protected title=\"Protected property\">observables</span>: []
      #<span class=sf-dump-protected title=\"Protected property\">relations</span>: []
      #<span class=sf-dump-protected title=\"Protected property\">touches</span>: []
      +<span class=sf-dump-public title=\"Public property\">timestamps</span>: <span class=sf-dump-const>true</span>
      +<span class=sf-dump-public title=\"Public property\">usesUniqueIds</span>: <span class=sf-dump-const>false</span>
      #<span class=sf-dump-protected title=\"Protected property\">hidden</span>: []
      #<span class=sf-dump-protected title=\"Protected property\">visible</span>: []
      #<span class=sf-dump-protected title=\"Protected property\">fillable</span>: <span class=sf-dump-note>array:8</span> [ &#8230;8]
      #<span class=sf-dump-protected title=\"Protected property\">guarded</span>: <span class=sf-dump-note>array:1</span> [ &#8230;1]
    </samp>}
    <span class=sf-dump-index>2</span> => <span class=\"sf-dump-note sf-dump-ellipsization\" title=\"App\\Models\\Module
\"><span class=\"sf-dump-ellipsis sf-dump-ellipsis-note\">App\\Models</span><span class=\"sf-dump-ellipsis sf-dump-ellipsis-note\">\\</span><span class=\"sf-dump-ellipsis-tail\">Module</span></span> {<a class=sf-dump-ref>#1063</a><samp data-depth=3 class=sf-dump-compact>
      #<span class=sf-dump-protected title=\"Protected property\">connection</span>: \"<span class=sf-dump-str title=\"6 characters\">sqlsrv</span>\"
      #<span class=sf-dump-protected title=\"Protected property\">table</span>: \"<span class=sf-dump-str title=\"7 characters\">modules</span>\"
      #<span class=sf-dump-protected title=\"Protected property\">primaryKey</span>: \"<span class=sf-dump-str title=\"2 characters\">id</span>\"
      #<span class=sf-dump-protected title=\"Protected property\">keyType</span>: \"<span class=sf-dump-str title=\"3 characters\">int</span>\"
      +<span class=sf-dump-public title=\"Public property\">incrementing</span>: <span class=sf-dump-const>true</span>
      #<span class=sf-dump-protected title=\"Protected property\">with</span>: []
      #<span class=sf-dump-protected title=\"Protected property\">withCount</span>: []
      +<span class=sf-dump-public title=\"Public property\">preventsLazyLoading</span>: <span class=sf-dump-const>false</span>
      #<span class=sf-dump-protected title=\"Protected property\">perPage</span>: <span class=sf-dump-num>15</span>
      +<span class=sf-dump-public title=\"Public property\">exists</span>: <span class=sf-dump-const>true</span>
      +<span class=sf-dump-public title=\"Public property\">wasRecentlyCreated</span>: <span class=sf-dump-const>false</span>
      #<span class=sf-dump-protected title=\"Protected property\">escapeWhenCastingToString</span>: <span class=sf-dump-const>false</span>
      #<span class=sf-dump-protected title=\"Protected property\">attributes</span>: <span class=sf-dump-note>array:11</span> [ &#8230;11]
      #<span class=sf-dump-protected title=\"Protected property\">original</span>: <span class=sf-dump-note>array:11</span> [ &#8230;11]
      #<span class=sf-dump-protected title=\"Protected property\">changes</span>: []
      #<span class=sf-dump-protected title=\"Protected property\">casts</span>: <span class=sf-dump-note>array:1</span> [ &#8230;1]
      #<span class=sf-dump-protected title=\"Protected property\">classCastCache</span>: []
      #<span class=sf-dump-protected title=\"Protected property\">attributeCastCache</span>: []
      #<span class=sf-dump-protected title=\"Protected property\">dateFormat</span>: <span class=sf-dump-const>null</span>
      #<span class=sf-dump-protected title=\"Protected property\">appends</span>: []
      #<span class=sf-dump-protected title=\"Protected property\">dispatchesEvents</span>: []
      #<span class=sf-dump-protected title=\"Protected property\">observables</span>: []
      #<span class=sf-dump-protected title=\"Protected property\">relations</span>: []
      #<span class=sf-dump-protected title=\"Protected property\">touches</span>: []
      +<span class=sf-dump-public title=\"Public property\">timestamps</span>: <span class=sf-dump-const>true</span>
      +<span class=sf-dump-public title=\"Public property\">usesUniqueIds</span>: <span class=sf-dump-const>false</span>
      #<span class=sf-dump-protected title=\"Protected property\">hidden</span>: []
      #<span class=sf-dump-protected title=\"Protected property\">visible</span>: []
      #<span class=sf-dump-protected title=\"Protected property\">fillable</span>: <span class=sf-dump-note>array:8</span> [ &#8230;8]
      #<span class=sf-dump-protected title=\"Protected property\">guarded</span>: <span class=sf-dump-note>array:1</span> [ &#8230;1]
    </samp>}
  </samp>]
  #<span class=sf-dump-protected title=\"Protected property\">escapeWhenCastingToString</span>: <span class=sf-dump-const>false</span>
</samp>}
</pre><script>Sfdump(\"sf-dump-1151746646\", {\"maxDepth\":3,\"maxStringLength\":160})</script>
","module":"<pre class=sf-dump id=sf-dump-1286108799 data-indent-pad=\"  \"><span class=sf-dump-note>App\\Models\\Module</span> {<a class=sf-dump-ref>#1063</a><samp data-depth=1 class=sf-dump-expanded>
  #<span class=sf-dump-protected title=\"Protected property\">connection</span>: \"<span class=sf-dump-str title=\"6 characters\">sqlsrv</span>\"
  #<span class=sf-dump-protected title=\"Protected property\">table</span>: \"<span class=sf-dump-str title=\"7 characters\">modules</span>\"
  #<span class=sf-dump-protected title=\"Protected property\">primaryKey</span>: \"<span class=sf-dump-str title=\"2 characters\">id</span>\"
  #<span class=sf-dump-protected title=\"Protected property\">keyType</span>: \"<span class=sf-dump-str title=\"3 characters\">int</span>\"
  +<span class=sf-dump-public title=\"Public property\">incrementing</span>: <span class=sf-dump-const>true</span>
  #<span class=sf-dump-protected title=\"Protected property\">with</span>: []
  #<span class=sf-dump-protected title=\"Protected property\">withCount</span>: []
  +<span class=sf-dump-public title=\"Public property\">preventsLazyLoading</span>: <span class=sf-dump-const>false</span>
  #<span class=sf-dump-protected title=\"Protected property\">perPage</span>: <span class=sf-dump-num>15</span>
  +<span class=sf-dump-public title=\"Public property\">exists</span>: <span class=sf-dump-const>true</span>
  +<span class=sf-dump-public title=\"Public property\">wasRecentlyCreated</span>: <span class=sf-dump-const>false</span>
  #<span class=sf-dump-protected title=\"Protected property\">escapeWhenCastingToString</span>: <span class=sf-dump-const>false</span>
  #<span class=sf-dump-protected title=\"Protected property\">attributes</span>: <span class=sf-dump-note>array:11</span> [<samp data-depth=2 class=sf-dump-compact>
    \"<span class=sf-dump-key>id</span>\" => \"<span class=sf-dump-str>3</span>\"
    \"<span class=sf-dump-key>title</span>\" => \"<span class=sf-dump-str title=\"23 characters\">Pengolahan Pakan Ternak</span>\"
    \"<span class=sf-dump-key>slug</span>\" => \"<span class=sf-dump-str title=\"23 characters\">pengolahan-pakan-ternak</span>\"
    \"<span class=sf-dump-key>description</span>\" => \"<span class=sf-dump-str title=\"63 characters\">Cara mengolah limbah pertanian menjadi pakan ternak berkualitas</span>\"
    \"<span class=sf-dump-key>content</span>\" => \"\"\"
      <span class=sf-dump-str title=\"1617 characters\">&lt;h2&gt;Pengolahan Limbah Pertanian Menjadi Pakan Ternak&lt;/h2&gt;<span class=\"sf-dump-default sf-dump-ns\">\\r\\n</span></span>
      <span class=sf-dump-str title=\"1617 characters\">&lt;p&gt;Limbah pertanian seperti jerami, tongkol jagung, dan dedak dapat diolah menjadi pakan ternak yang bergizi dan ekonomis.&lt;/p&gt;<span class=\"sf-dump-default sf-dump-ns\">\\r\\n</span></span>
      <span class=sf-dump-str title=\"1617 characters\"><span class=\"sf-dump-default sf-dump-ns\">\\r\\n</span></span>
      <span class=sf-dump-str title=\"1617 characters\">&lt;h3&gt;Jenis Pakan dari Limbah&lt;/h3&gt;<span class=\"sf-dump-default sf-dump-ns\">\\r\\n</span></span>
      <span class=sf-dump-str title=\"1617 characters\">&lt;ul&gt;<span class=\"sf-dump-default sf-dump-ns\">\\r\\n</span></span>
      <span class=sf-dump-str title=\"1617 characters\">    &lt;li&gt;&lt;strong&gt;Silase:&lt;/strong&gt; Fermentasi hijauan pakan dalam kondisi anaerob&lt;/li&gt;<span class=\"sf-dump-default sf-dump-ns\">\\r\\n</span></span>
      <span class=sf-dump-str title=\"1617 characters\">    &lt;li&gt;&lt;strong&gt;Hay:&lt;/strong&gt; Hijauan pakan yang dikeringkan&lt;/li&gt;<span class=\"sf-dump-default sf-dump-ns\">\\r\\n</span></span>
      <span class=sf-dump-str title=\"1617 characters\">    &lt;li&gt;&lt;strong&gt;Pakan Fermentasi:&lt;/strong&gt; Pakan yang difermentasi dengan probiotik&lt;/li&gt;<span class=\"sf-dump-default sf-dump-ns\">\\r\\n</span></span>
      <span class=sf-dump-str title=\"1617 characters\">    &lt;li&gt;&lt;strong&gt;Pakan Konsentrat:&lt;/strong&gt; Campuran limbah dengan nilai gizi tinggi&lt;/li&gt;<span class=\"sf-dump-default sf-dump-ns\">\\r\\n</span></span>
      <span class=sf-dump-str title=\"1617 characters\">&lt;/ul&gt;<span class=\"sf-dump-default sf-dump-ns\">\\r\\n</span></span>
      <span class=sf-dump-str title=\"1617 characters\"><span class=\"sf-dump-default sf-dump-ns\">\\r\\n</span></span>
      <span class=sf-dump-str title=\"1617 characters\">&lt;h3&gt;Pembuatan Pakan Fermentasi&lt;/h3&gt;<span class=\"sf-dump-default sf-dump-ns\">\\r\\n</span></span>
      <span class=sf-dump-str title=\"1617 characters\">&lt;p&gt;&lt;strong&gt;Bahan-bahan:&lt;/strong&gt;&lt;/p&gt;<span class=\"sf-dump-default sf-dump-ns\">\\r\\n</span></span>
      <span class=sf-dump-str title=\"1617 characters\">&lt;ul&gt;<span class=\"sf-dump-default sf-dump-ns\">\\r\\n</span></span>
      <span class=sf-dump-str title=\"1617 characters\">    &lt;li&gt;Jerami padi atau tongkol jagung cacah - 100 kg&lt;/li&gt;<span class=\"sf-dump-default sf-dump-ns\">\\r\\n</span></span>
      <span class=sf-dump-str title=\"1617 characters\">    &lt;li&gt;Dedak halus - 10 kg&lt;/li&gt;<span class=\"sf-dump-default sf-dump-ns\">\\r\\n</span></span>
      <span class=sf-dump-str title=\"1617 characters\">    &lt;li&gt;Molases atau gula merah - 2 kg&lt;/li&gt;<span class=\"sf-dump-default sf-dump-ns\">\\r\\n</span></span>
      <span class=sf-dump-str title=\"1617 characters\">    &lt;li&gt;EM4 atau probiotik - 500 ml&lt;/li&gt;<span class=\"sf-dump-default sf-dump-ns\">\\r\\n</span></span>
      <span class=sf-dump-str title=\"1617 characters\">    &lt;li&gt;Air bersih - 30-40 liter&lt;/li&gt;<span class=\"sf-dump-default sf-dump-ns\">\\r\\n</span></span>
      <span class=sf-dump-str title=\"1617 characters\">    &lt;li&gt;Garam - 200 gram&lt;/li&gt;<span class=\"sf-dump-default sf-dump-ns\">\\r\\n</span></span>
      <span class=sf-dump-str title=\"1617 characters\">&lt;/ul&gt;<span class=\"sf-dump-default sf-dump-ns\">\\r\\n</span></span>
      <span class=sf-dump-str title=\"1617 characters\"><span class=\"sf-dump-default sf-dump-ns\">\\r\\n</span></span>
      <span class=sf-dump-str title=\"1617 characters\">&lt;p&gt;&lt;strong&gt;Cara Pembuatan:&lt;/strong&gt;&lt;/p&gt;<span class=\"sf-dump-default sf-dump-ns\">\\r\\n</span></span>
      <span class=sf-dump-str title=\"1617 characters\">&lt;ol&gt;<span class=\"sf-dump-default sf-dump-ns\">\\r\\n</span></span>
      <span class=sf-dump-str title=\"1617 characters\">    &lt;li&gt;Cacah jerami atau tongkol jagung hingga ukuran 3-5 cm&lt;/li&gt;<span class=\"sf-dump-default sf-dump-ns\">\\r\\n</span></span>
      <span class=sf-dump-str title=\"1617 characters\">    &lt;li&gt;Larutkan molases, EM4, dan garam dalam air&lt;/li&gt;<span class=\"sf-dump-default sf-dump-ns\">\\r\\n</span></span>
      <span class=sf-dump-str title=\"1617 characters\">    &lt;li&gt;Campurkan semua bahan, siram dengan larutan secara merata&lt;/li&gt;<span class=\"sf-dump-default sf-dump-ns\">\\r\\n</span></span>
      <span class=sf-dump-str title=\"1617 characters\">    &lt;li&gt;Masukkan dalam drum atau kantong plastik, padatkan dan tutup rapat&lt;/li&gt;<span class=\"sf-dump-default sf-dump-ns\">\\r\\n</span></span>
      <span class=sf-dump-str title=\"1617 characters\">    &lt;li&gt;Fermentasi selama 7-14 hari&lt;/li&gt;<span class=\"sf-dump-default sf-dump-ns\">\\r\\n</span></span>
      <span class=sf-dump-str title=\"1617 characters\">    &lt;li&gt;Pakan siap diberikan dengan bau harum khas fermentasi&lt;/li&gt;<span class=\"sf-dump-default sf-dump-ns\">\\r\\n</span></span>
      <span class=sf-dump-str title=\"1617 characters\">&lt;/ol&gt;<span class=\"sf-dump-default sf-dump-ns\">\\r\\n</span></span>
      <span class=sf-dump-str title=\"1617 characters\"><span class=\"sf-dump-default sf-dump-ns\">\\r\\n</span></span>
      <span class=sf-dump-str title=\"1617 characters\">&lt;h3&gt;Keuntungan Pakan Fermentasi&lt;/h3&gt;<span class=\"sf-dump-default sf-dump-ns\">\\r\\n</span></span>
      <span class=sf-dump-str title=\"1617 characters\">&lt;ul&gt;<span class=\"sf-dump-default sf-dump-ns\">\\r\\n</span></span>
      <span class=sf-dump-str title=\"1617 characters\">    &lt;li&gt;Nilai gizi lebih tinggi&lt;/li&gt;<span class=\"sf-dump-default sf-dump-ns\">\\r\\n</span></span>
      <span class=sf-dump-str title=\"1617 characters\">    &lt;li&gt;Mudah dicerna ternak&lt;/li&gt;<span class=\"sf-dump-default sf-dump-ns\">\\r\\n</span></span>
      <span class=sf-dump-str title=\"1617 characters\">    &lt;li&gt;Dapat disimpan lebih lama&lt;/li&gt;<span class=\"sf-dump-default sf-dump-ns\">\\r\\n</span></span>
      <span class=sf-dump-str title=\"1617 characters\">    &lt;li&gt;Menghemat biaya pakan hingga 30-40%&lt;/li&gt;<span class=\"sf-dump-default sf-dump-ns\">\\r\\n</span></span>
      <span class=sf-dump-str title=\"1617 characters\">    &lt;li&gt;Meningkatkan produktivitas ternak&lt;/li&gt;<span class=\"sf-dump-default sf-dump-ns\">\\r\\n</span></span>
      <span class=sf-dump-str title=\"1617 characters\">&lt;/ul&gt;</span>
      \"\"\"
    \"<span class=sf-dump-key>order</span>\" => \"<span class=sf-dump-str>3</span>\"
    \"<span class=sf-dump-key>is_active</span>\" => \"<span class=sf-dump-str>1</span>\"
    \"<span class=sf-dump-key>thumbnail</span>\" => <span class=sf-dump-const>null</span>
    \"<span class=sf-dump-key>duration_minutes</span>\" => \"<span class=sf-dump-str title=\"2 characters\">40</span>\"
    \"<span class=sf-dump-key>created_at</span>\" => \"<span class=sf-dump-str title=\"23 characters\">2025-11-24 10:35:12.073</span>\"
    \"<span class=sf-dump-key>updated_at</span>\" => \"<span class=sf-dump-str title=\"23 characters\">2025-11-24 10:35:12.073</span>\"
  </samp>]
  #<span class=sf-dump-protected title=\"Protected property\">original</span>: <span class=sf-dump-note>array:11</span> [<samp data-depth=2 class=sf-dump-compact>
    \"<span class=sf-dump-key>id</span>\" => \"<span class=sf-dump-str>3</span>\"
    \"<span class=sf-dump-key>title</span>\" => \"<span class=sf-dump-str title=\"23 characters\">Pengolahan Pakan Ternak</span>\"
    \"<span class=sf-dump-key>slug</span>\" => \"<span class=sf-dump-str title=\"23 characters\">pengolahan-pakan-ternak</span>\"
    \"<span class=sf-dump-key>description</span>\" => \"<span class=sf-dump-str title=\"63 characters\">Cara mengolah limbah pertanian menjadi pakan ternak berkualitas</span>\"
    \"<span class=sf-dump-key>content</span>\" => \"\"\"
      <span class=sf-dump-str title=\"1617 characters\">&lt;h2&gt;Pengolahan Limbah Pertanian Menjadi Pakan Ternak&lt;/h2&gt;<span class=\"sf-dump-default sf-dump-ns\">\\r\\n</span></span>
      <span class=sf-dump-str title=\"1617 characters\">&lt;p&gt;Limbah pertanian seperti jerami, tongkol jagung, dan dedak dapat diolah menjadi pakan ternak yang bergizi dan ekonomis.&lt;/p&gt;<span class=\"sf-dump-default sf-dump-ns\">\\r\\n</span></span>
      <span class=sf-dump-str title=\"1617 characters\"><span class=\"sf-dump-default sf-dump-ns\">\\r\\n</span></span>
      <span class=sf-dump-str title=\"1617 characters\">&lt;h3&gt;Jenis Pakan dari Limbah&lt;/h3&gt;<span class=\"sf-dump-default sf-dump-ns\">\\r\\n</span></span>
      <span class=sf-dump-str title=\"1617 characters\">&lt;ul&gt;<span class=\"sf-dump-default sf-dump-ns\">\\r\\n</span></span>
      <span class=sf-dump-str title=\"1617 characters\">    &lt;li&gt;&lt;strong&gt;Silase:&lt;/strong&gt; Fermentasi hijauan pakan dalam kondisi anaerob&lt;/li&gt;<span class=\"sf-dump-default sf-dump-ns\">\\r\\n</span></span>
      <span class=sf-dump-str title=\"1617 characters\">    &lt;li&gt;&lt;strong&gt;Hay:&lt;/strong&gt; Hijauan pakan yang dikeringkan&lt;/li&gt;<span class=\"sf-dump-default sf-dump-ns\">\\r\\n</span></span>
      <span class=sf-dump-str title=\"1617 characters\">    &lt;li&gt;&lt;strong&gt;Pakan Fermentasi:&lt;/strong&gt; Pakan yang difermentasi dengan probiotik&lt;/li&gt;<span class=\"sf-dump-default sf-dump-ns\">\\r\\n</span></span>
      <span class=sf-dump-str title=\"1617 characters\">    &lt;li&gt;&lt;strong&gt;Pakan Konsentrat:&lt;/strong&gt; Campuran limbah dengan nilai gizi tinggi&lt;/li&gt;<span class=\"sf-dump-default sf-dump-ns\">\\r\\n</span></span>
      <span class=sf-dump-str title=\"1617 characters\">&lt;/ul&gt;<span class=\"sf-dump-default sf-dump-ns\">\\r\\n</span></span>
      <span class=sf-dump-str title=\"1617 characters\"><span class=\"sf-dump-default sf-dump-ns\">\\r\\n</span></span>
      <span class=sf-dump-str title=\"1617 characters\">&lt;h3&gt;Pembuatan Pakan Fermentasi&lt;/h3&gt;<span class=\"sf-dump-default sf-dump-ns\">\\r\\n</span></span>
      <span class=sf-dump-str title=\"1617 characters\">&lt;p&gt;&lt;strong&gt;Bahan-bahan:&lt;/strong&gt;&lt;/p&gt;<span class=\"sf-dump-default sf-dump-ns\">\\r\\n</span></span>
      <span class=sf-dump-str title=\"1617 characters\">&lt;ul&gt;<span class=\"sf-dump-default sf-dump-ns\">\\r\\n</span></span>
      <span class=sf-dump-str title=\"1617 characters\">    &lt;li&gt;Jerami padi atau tongkol jagung cacah - 100 kg&lt;/li&gt;<span class=\"sf-dump-default sf-dump-ns\">\\r\\n</span></span>
      <span class=sf-dump-str title=\"1617 characters\">    &lt;li&gt;Dedak halus - 10 kg&lt;/li&gt;<span class=\"sf-dump-default sf-dump-ns\">\\r\\n</span></span>
      <span class=sf-dump-str title=\"1617 characters\">    &lt;li&gt;Molases atau gula merah - 2 kg&lt;/li&gt;<span class=\"sf-dump-default sf-dump-ns\">\\r\\n</span></span>
      <span class=sf-dump-str title=\"1617 characters\">    &lt;li&gt;EM4 atau probiotik - 500 ml&lt;/li&gt;<span class=\"sf-dump-default sf-dump-ns\">\\r\\n</span></span>
      <span class=sf-dump-str title=\"1617 characters\">    &lt;li&gt;Air bersih - 30-40 liter&lt;/li&gt;<span class=\"sf-dump-default sf-dump-ns\">\\r\\n</span></span>
      <span class=sf-dump-str title=\"1617 characters\">    &lt;li&gt;Garam - 200 gram&lt;/li&gt;<span class=\"sf-dump-default sf-dump-ns\">\\r\\n</span></span>
      <span class=sf-dump-str title=\"1617 characters\">&lt;/ul&gt;<span class=\"sf-dump-default sf-dump-ns\">\\r\\n</span></span>
      <span class=sf-dump-str title=\"1617 characters\"><span class=\"sf-dump-default sf-dump-ns\">\\r\\n</span></span>
      <span class=sf-dump-str title=\"1617 characters\">&lt;p&gt;&lt;strong&gt;Cara Pembuatan:&lt;/strong&gt;&lt;/p&gt;<span class=\"sf-dump-default sf-dump-ns\">\\r\\n</span></span>
      <span class=sf-dump-str title=\"1617 characters\">&lt;ol&gt;<span class=\"sf-dump-default sf-dump-ns\">\\r\\n</span></span>
      <span class=sf-dump-str title=\"1617 characters\">    &lt;li&gt;Cacah jerami atau tongkol jagung hingga ukuran 3-5 cm&lt;/li&gt;<span class=\"sf-dump-default sf-dump-ns\">\\r\\n</span></span>
      <span class=sf-dump-str title=\"1617 characters\">    &lt;li&gt;Larutkan molases, EM4, dan garam dalam air&lt;/li&gt;<span class=\"sf-dump-default sf-dump-ns\">\\r\\n</span></span>
      <span class=sf-dump-str title=\"1617 characters\">    &lt;li&gt;Campurkan semua bahan, siram dengan larutan secara merata&lt;/li&gt;<span class=\"sf-dump-default sf-dump-ns\">\\r\\n</span></span>
      <span class=sf-dump-str title=\"1617 characters\">    &lt;li&gt;Masukkan dalam drum atau kantong plastik, padatkan dan tutup rapat&lt;/li&gt;<span class=\"sf-dump-default sf-dump-ns\">\\r\\n</span></span>
      <span class=sf-dump-str title=\"1617 characters\">    &lt;li&gt;Fermentasi selama 7-14 hari&lt;/li&gt;<span class=\"sf-dump-default sf-dump-ns\">\\r\\n</span></span>
      <span class=sf-dump-str title=\"1617 characters\">    &lt;li&gt;Pakan siap diberikan dengan bau harum khas fermentasi&lt;/li&gt;<span class=\"sf-dump-default sf-dump-ns\">\\r\\n</span></span>
      <span class=sf-dump-str title=\"1617 characters\">&lt;/ol&gt;<span class=\"sf-dump-default sf-dump-ns\">\\r\\n</span></span>
      <span class=sf-dump-str title=\"1617 characters\"><span class=\"sf-dump-default sf-dump-ns\">\\r\\n</span></span>
      <span class=sf-dump-str title=\"1617 characters\">&lt;h3&gt;Keuntungan Pakan Fermentasi&lt;/h3&gt;<span class=\"sf-dump-default sf-dump-ns\">\\r\\n</span></span>
      <span class=sf-dump-str title=\"1617 characters\">&lt;ul&gt;<span class=\"sf-dump-default sf-dump-ns\">\\r\\n</span></span>
      <span class=sf-dump-str title=\"1617 characters\">    &lt;li&gt;Nilai gizi lebih tinggi&lt;/li&gt;<span class=\"sf-dump-default sf-dump-ns\">\\r\\n</span></span>
      <span class=sf-dump-str title=\"1617 characters\">    &lt;li&gt;Mudah dicerna ternak&lt;/li&gt;<span class=\"sf-dump-default sf-dump-ns\">\\r\\n</span></span>
      <span class=sf-dump-str title=\"1617 characters\">    &lt;li&gt;Dapat disimpan lebih lama&lt;/li&gt;<span class=\"sf-dump-default sf-dump-ns\">\\r\\n</span></span>
      <span class=sf-dump-str title=\"1617 characters\">    &lt;li&gt;Menghemat biaya pakan hingga 30-40%&lt;/li&gt;<span class=\"sf-dump-default sf-dump-ns\">\\r\\n</span></span>
      <span class=sf-dump-str title=\"1617 characters\">    &lt;li&gt;Meningkatkan produktivitas ternak&lt;/li&gt;<span class=\"sf-dump-default sf-dump-ns\">\\r\\n</span></span>
      <span class=sf-dump-str title=\"1617 characters\">&lt;/ul&gt;</span>
      \"\"\"
    \"<span class=sf-dump-key>order</span>\" => \"<span class=sf-dump-str>3</span>\"
    \"<span class=sf-dump-key>is_active</span>\" => \"<span class=sf-dump-str>1</span>\"
    \"<span class=sf-dump-key>thumbnail</span>\" => <span class=sf-dump-const>null</span>
    \"<span class=sf-dump-key>duration_minutes</span>\" => \"<span class=sf-dump-str title=\"2 characters\">40</span>\"
    \"<span class=sf-dump-key>created_at</span>\" => \"<span class=sf-dump-str title=\"23 characters\">2025-11-24 10:35:12.073</span>\"
    \"<span class=sf-dump-key>updated_at</span>\" => \"<span class=sf-dump-str title=\"23 characters\">2025-11-24 10:35:12.073</span>\"
  </samp>]
  #<span class=sf-dump-protected title=\"Protected property\">changes</span>: []
  #<span class=sf-dump-protected title=\"Protected property\">casts</span>: <span class=sf-dump-note>array:1</span> [<samp data-depth=2 class=sf-dump-compact>
    \"<span class=sf-dump-key>is_active</span>\" => \"<span class=sf-dump-str title=\"7 characters\">boolean</span>\"
  </samp>]
  #<span class=sf-dump-protected title=\"Protected property\">classCastCache</span>: []
  #<span class=sf-dump-protected title=\"Protected property\">attributeCastCache</span>: []
  #<span class=sf-dump-protected title=\"Protected property\">dateFormat</span>: <span class=sf-dump-const>null</span>
  #<span class=sf-dump-protected title=\"Protected property\">appends</span>: []
  #<span class=sf-dump-protected title=\"Protected property\">dispatchesEvents</span>: []
  #<span class=sf-dump-protected title=\"Protected property\">observables</span>: []
  #<span class=sf-dump-protected title=\"Protected property\">relations</span>: []
  #<span class=sf-dump-protected title=\"Protected property\">touches</span>: []
  +<span class=sf-dump-public title=\"Public property\">timestamps</span>: <span class=sf-dump-const>true</span>
  +<span class=sf-dump-public title=\"Public property\">usesUniqueIds</span>: <span class=sf-dump-const>false</span>
  #<span class=sf-dump-protected title=\"Protected property\">hidden</span>: []
  #<span class=sf-dump-protected title=\"Protected property\">visible</span>: []
  #<span class=sf-dump-protected title=\"Protected property\">fillable</span>: <span class=sf-dump-note>array:8</span> [<samp data-depth=2 class=sf-dump-compact>
    <span class=sf-dump-index>0</span> => \"<span class=sf-dump-str title=\"5 characters\">title</span>\"
    <span class=sf-dump-index>1</span> => \"<span class=sf-dump-str title=\"4 characters\">slug</span>\"
    <span class=sf-dump-index>2</span> => \"<span class=sf-dump-str title=\"11 characters\">description</span>\"
    <span class=sf-dump-index>3</span> => \"<span class=sf-dump-str title=\"7 characters\">content</span>\"
    <span class=sf-dump-index>4</span> => \"<span class=sf-dump-str title=\"5 characters\">order</span>\"
    <span class=sf-dump-index>5</span> => \"<span class=sf-dump-str title=\"9 characters\">is_active</span>\"
    <span class=sf-dump-index>6</span> => \"<span class=sf-dump-str title=\"9 characters\">thumbnail</span>\"
    <span class=sf-dump-index>7</span> => \"<span class=sf-dump-str title=\"16 characters\">duration_minutes</span>\"
  </samp>]
  #<span class=sf-dump-protected title=\"Protected property\">guarded</span>: <span class=sf-dump-note>array:1</span> [<samp data-depth=2 class=sf-dump-compact>
    <span class=sf-dump-index>0</span> => \"<span class=sf-dump-str>*</span>\"
  </samp>]
</samp>}
</pre><script>Sfdump(\"sf-dump-1286108799\", {\"maxDepth\":3,\"maxStringLength\":160})</script>
","loop":"<pre class=sf-dump id=sf-dump-1815060338 data-indent-pad=\"  \"><span class=sf-dump-const>null</span>
</pre><script>Sfdump(\"sf-dump-1815060338\", {\"maxDepth\":3,\"maxStringLength\":160})</script>
","progress":"<pre class=sf-dump id=sf-dump-1456460275 data-indent-pad=\"  \"><span class=sf-dump-const>null</span>
</pre><script>Sfdump(\"sf-dump-1456460275\", {\"maxDepth\":3,\"maxStringLength\":160})</script>
"}},"userId":1,"exception":"[object] (Spatie\\LaravelIgnition\\Exceptions\\ViewException(code: 0): Route [videos.index] not defined. at D:\\ketapang\\Agro Waste\\vendor\\laravel\\framework\\src\\Illuminate\\Routing\\UrlGenerator.php:517)
[stacktrace]
#0 D:\\ketapang\\Agro Waste\\vendor\\laravel\\framework\\src\\Illuminate\\Foundation\\helpers.php(853): Illuminate\\Routing\\UrlGenerator->route('videos.index', Array, true)
#1 D:\\ketapang\\Agro Waste\\resources\\views\\layouts\\app.blade.php(32): route('videos.index')
#2 D:\\ketapang\\Agro Waste\\vendor\\laravel\\framework\\src\\Illuminate\\Filesystem\\Filesystem.php(123): require('D:\\\\ketapang\\\\Agr...')
#3 D:\\ketapang\\Agro Waste\\vendor\\laravel\\framework\\src\\Illuminate\\Filesystem\\Filesystem.php(124): Illuminate\\Filesystem\\Filesystem::Illuminate\\Filesystem\\{closure}()
#4 D:\\ketapang\\Agro Waste\\vendor\\laravel\\framework\\src\\Illuminate\\View\\Engines\\PhpEngine.php(58): Illuminate\\Filesystem\\Filesystem->getRequire('D:\\\\ketapang\\\\Agr...', Array)
#5 D:\\ketapang\\Agro Waste\\vendor\\laravel\\framework\\src\\Illuminate\\View\\Engines\\CompilerEngine.php(75): Illuminate\\View\\Engines\\PhpEngine->evaluatePath('D:\\\\ketapang\\\\Agr...', Array)
#6 D:\\ketapang\\Agro Waste\\vendor\\laravel\\framework\\src\\Illuminate\\View\\View.php(209): Illuminate\\View\\Engines\\CompilerEngine->get('D:\\\\ketapang\\\\Agr...', Array)
#7 D:\\ketapang\\Agro Waste\\vendor\\laravel\\framework\\src\\Illuminate\\View\\View.php(192): Illuminate\\View\\View->getContents()
#8 D:\\ketapang\\Agro Waste\\vendor\\laravel\\framework\\src\\Illuminate\\View\\View.php(161): Illuminate\\View\\View->renderContents()
#9 D:\\ketapang\\Agro Waste\\resources\\views\\home.blade.php(204): Illuminate\\View\\View->render()
#10 D:\\ketapang\\Agro Waste\\vendor\\laravel\\framework\\src\\Illuminate\\Filesystem\\Filesystem.php(123): require('D:\\\\ketapang\\\\Agr...')
#11 D:\\ketapang\\Agro Waste\\vendor\\laravel\\framework\\src\\Illuminate\\Filesystem\\Filesystem.php(124): Illuminate\\Filesystem\\Filesystem::Illuminate\\Filesystem\\{closure}()
#12 D:\\ketapang\\Agro Waste\\vendor\\laravel\\framework\\src\\Illuminate\\View\\Engines\\PhpEngine.php(58): Illuminate\\Filesystem\\Filesystem->getRequire('D:\\\\ketapang\\\\Agr...', Array)
#13 D:\\ketapang\\Agro Waste\\vendor\\laravel\\framework\\src\\Illuminate\\View\\Engines\\CompilerEngine.php(75): Illuminate\\View\\Engines\\PhpEngine->evaluatePath('D:\\\\ketapang\\\\Agr...', Array)
#14 D:\\ketapang\\Agro Waste\\vendor\\laravel\\framework\\src\\Illuminate\\View\\View.php(209): Illuminate\\View\\Engines\\CompilerEngine->get('D:\\\\ketapang\\\\Agr...', Array)
#15 D:\\ketapang\\Agro Waste\\vendor\\laravel\\framework\\src\\Illuminate\\View\\View.php(192): Illuminate\\View\\View->getContents()
#16 D:\\ketapang\\Agro Waste\\vendor\\laravel\\framework\\src\\Illuminate\\View\\View.php(161): Illuminate\\View\\View->renderContents()
#17 D:\\ketapang\\Agro Waste\\vendor\\laravel\\framework\\src\\Illuminate\\Http\\Response.php(79): Illuminate\\View\\View->render()
#18 D:\\ketapang\\Agro Waste\\vendor\\laravel\\framework\\src\\Illuminate\\Http\\Response.php(35): Illuminate\\Http\\Response->setContent(Object(Illuminate\\View\\View))
#19 D:\\ketapang\\Agro Waste\\vendor\\laravel\\framework\\src\\Illuminate\\Routing\\Router.php(920): Illuminate\\Http\\Response->__construct(Object(Illuminate\\View\\View), 200, Array)
#20 D:\\ketapang\\Agro Waste\\vendor\\laravel\\framework\\src\\Illuminate\\Routing\\Router.php(887): Illuminate\\Routing\\Router::toResponse(Object(Illuminate\\Http\\Request), Object(Illuminate\\View\\View))
#21 D:\\ketapang\\Agro Waste\\vendor\\laravel\\framework\\src\\Illuminate\\Routing\\Router.php(807): Illuminate\\Routing\\Router->prepareResponse(Object(Illuminate\\Http\\Request), Object(Illuminate\\View\\View))
#22 D:\\ketapang\\Agro Waste\\vendor\\laravel\\framework\\src\\Illuminate\\Pipeline\\Pipeline.php(170): Illuminate\\Routing\\Router->Illuminate\\Routing\\{closure}(Object(Illuminate\\Http\\Request))
#23 D:\\ketapang\\Agro Waste\\app\\Http\\Middleware\\Authenticate.php(18): Illuminate\\Pipeline\\Pipeline->Illuminate\\Pipeline\\{closure}(Object(Illuminate\\Http\\Request))
#24 D:\\ketapang\\Agro Waste\\vendor\\laravel\\framework\\src\\Illuminate\\Pipeline\\Pipeline.php(209): App\\Http\\Middleware\\Authenticate->handle(Object(Illuminate\\Http\\Request), Object(Closure))
#25 D:\\ketapang\\Agro Waste\\vendor\\laravel\\framework\\src\\Illuminate\\Routing\\Middleware\\SubstituteBindings.php(51): Illuminate\\Pipeline\\Pipeline->Illuminate\\Pipeline\\{closure}(Object(Illuminate\\Http\\Request))
#26 D:\\ketapang\\Agro Waste\\vendor\\laravel\\framework\\src\\Illuminate\\Pipeline\\Pipeline.php(209): Illuminate\\Routing\\Middleware\\SubstituteBindings->handle(Object(Illuminate\\Http\\Request), Object(Closure))
#27 D:\\ketapang\\Agro Waste\\vendor\\laravel\\framework\\src\\Illuminate\\Foundation\\Http\\Middleware\\VerifyCsrfToken.php(88): Illuminate\\Pipeline\\Pipeline->Illuminate\\Pipeline\\{closure}(Object(Illuminate\\Http\\Request))
#28 D:\\ketapang\\Agro Waste\\vendor\\laravel\\framework\\src\\Illuminate\\Pipeline\\Pipeline.php(209): Illuminate\\Foundation\\Http\\Middleware\\VerifyCsrfToken->handle(Object(Illuminate\\Http\\Request), Object(Closure))
#29 D:\\ketapang\\Agro Waste\\vendor\\laravel\\framework\\src\\Illuminate\\View\\Middleware\\ShareErrorsFromSession.php(49): Illuminate\\Pipeline\\Pipeline->Illuminate\\Pipeline\\{closure}(Object(Illuminate\\Http\\Request))
#30 D:\\ketapang\\Agro Waste\\vendor\\laravel\\framework\\src\\Illuminate\\Pipeline\\Pipeline.php(209): Illuminate\\View\\Middleware\\ShareErrorsFromSession->handle(Object(Illuminate\\Http\\Request), Object(Closure))
#31 D:\\ketapang\\Agro Waste\\vendor\\laravel\\framework\\src\\Illuminate\\Session\\Middleware\\StartSession.php(121): Illuminate\\Pipeline\\Pipeline->Illuminate\\Pipeline\\{closure}(Object(Illuminate\\Http\\Request))
#32 D:\\ketapang\\Agro Waste\\vendor\\laravel\\framework\\src\\Illuminate\\Session\\Middleware\\StartSession.php(64): Illuminate\\Session\\Middleware\\StartSession->handleStatefulRequest(Object(Illuminate\\Http\\Request), Object(Illuminate\\Session\\Store), Object(Closure))
#33 D:\\ketapang\\Agro Waste\\vendor\\laravel\\framework\\src\\Illuminate\\Pipeline\\Pipeline.php(209): Illuminate\\Session\\Middleware\\StartSession->handle(Object(Illuminate\\Http\\Request), Object(Closure))
#34 D:\\ketapang\\Agro Waste\\vendor\\laravel\\framework\\src\\Illuminate\\Cookie\\Middleware\\AddQueuedCookiesToResponse.php(37): Illuminate\\Pipeline\\Pipeline->Illuminate\\Pipeline\\{closure}(Object(Illuminate\\Http\\Request))
#35 D:\\ketapang\\Agro Waste\\vendor\\laravel\\framework\\src\\Illuminate\\Pipeline\\Pipeline.php(209): Illuminate\\Cookie\\Middleware\\AddQueuedCookiesToResponse->handle(Object(Illuminate\\Http\\Request), Object(Closure))
#36 D:\\ketapang\\Agro Waste\\vendor\\laravel\\framework\\src\\Illuminate\\Cookie\\Middleware\\EncryptCookies.php(75): Illuminate\\Pipeline\\Pipeline->Illuminate\\Pipeline\\{closure}(Object(Illuminate\\Http\\Request))
#37 D:\\ketapang\\Agro Waste\\vendor\\laravel\\framework\\src\\Illuminate\\Pipeline\\Pipeline.php(209): Illuminate\\Cookie\\Middleware\\EncryptCookies->handle(Object(Illuminate\\Http\\Request), Object(Closure))
#38 D:\\ketapang\\Agro Waste\\vendor\\laravel\\framework\\src\\Illuminate\\Pipeline\\Pipeline.php(127): Illuminate\\Pipeline\\Pipeline->Illuminate\\Pipeline\\{closure}(Object(Illuminate\\Http\\Request))
#39 D:\\ketapang\\Agro Waste\\vendor\\laravel\\framework\\src\\Illuminate\\Routing\\Router.php(807): Illuminate\\Pipeline\\Pipeline->then(Object(Closure))
#40 D:\\ketapang\\Agro Waste\\vendor\\laravel\\framework\\src\\Illuminate\\Routing\\Router.php(786): Illuminate\\Routing\\Router->runRouteWithinStack(Object(Illuminate\\Routing\\Route), Object(Illuminate\\Http\\Request))
#41 D:\\ketapang\\Agro Waste\\vendor\\laravel\\framework\\src\\Illuminate\\Routing\\Router.php(750): Illuminate\\Routing\\Router->runRoute(Object(Illuminate\\Http\\Request), Object(Illuminate\\Routing\\Route))
#42 D:\\ketapang\\Agro Waste\\vendor\\laravel\\framework\\src\\Illuminate\\Routing\\Router.php(739): Illuminate\\Routing\\Router->dispatchToRoute(Object(Illuminate\\Http\\Request))
#43 D:\\ketapang\\Agro Waste\\vendor\\laravel\\framework\\src\\Illuminate\\Foundation\\Http\\Kernel.php(201): Illuminate\\Routing\\Router->dispatch(Object(Illuminate\\Http\\Request))
#44 D:\\ketapang\\Agro Waste\\vendor\\laravel\\framework\\src\\Illuminate\\Pipeline\\Pipeline.php(170): Illuminate\\Foundation\\Http\\Kernel->Illuminate\\Foundation\\Http\\{closure}(Object(Illuminate\\Http\\Request))
#45 D:\\ketapang\\Agro Waste\\vendor\\laravel\\framework\\src\\Illuminate\\Foundation\\Http\\Middleware\\TransformsRequest.php(21): Illuminate\\Pipeline\\Pipeline->Illuminate\\Pipeline\\{closure}(Object(Illuminate\\Http\\Request))
#46 D:\\ketapang\\Agro Waste\\vendor\\laravel\\framework\\src\\Illuminate\\Foundation\\Http\\Middleware\\ConvertEmptyStringsToNull.php(31): Illuminate\\Foundation\\Http\\Middleware\\TransformsRequest->handle(Object(Illuminate\\Http\\Request), Object(Closure))
#47 D:\\ketapang\\Agro Waste\\vendor\\laravel\\framework\\src\\Illuminate\\Pipeline\\Pipeline.php(209): Illuminate\\Foundation\\Http\\Middleware\\ConvertEmptyStringsToNull->handle(Object(Illuminate\\Http\\Request), Object(Closure))
#48 D:\\ketapang\\Agro Waste\\vendor\\laravel\\framework\\src\\Illuminate\\Foundation\\Http\\Middleware\\TransformsRequest.php(21): Illuminate\\Pipeline\\Pipeline->Illuminate\\Pipeline\\{closure}(Object(Illuminate\\Http\\Request))
#49 D:\\ketapang\\Agro Waste\\vendor\\laravel\\framework\\src\\Illuminate\\Foundation\\Http\\Middleware\\TrimStrings.php(51): Illuminate\\Foundation\\Http\\Middleware\\TransformsRequest->handle(Object(Illuminate\\Http\\Request), Object(Closure))
#50 D:\\ketapang\\Agro Waste\\vendor\\laravel\\framework\\src\\Illuminate\\Pipeline\\Pipeline.php(209): Illuminate\\Foundation\\Http\\Middleware\\TrimStrings->handle(Object(Illuminate\\Http\\Request), Object(Closure))
#51 D:\\ketapang\\Agro Waste\\vendor\\laravel\\framework\\src\\Illuminate\\Http\\Middleware\\ValidatePostSize.php(27): Illuminate\\Pipeline\\Pipeline->Illuminate\\Pipeline\\{closure}(Object(Illuminate\\Http\\Request))
#52 D:\\ketapang\\Agro Waste\\vendor\\laravel\\framework\\src\\Illuminate\\Pipeline\\Pipeline.php(209): Illuminate\\Http\\Middleware\\ValidatePostSize->handle(Object(Illuminate\\Http\\Request), Object(Closure))
#53 D:\\ketapang\\Agro Waste\\vendor\\laravel\\framework\\src\\Illuminate\\Foundation\\Http\\Middleware\\PreventRequestsDuringMaintenance.php(110): Illuminate\\Pipeline\\Pipeline->Illuminate\\Pipeline\\{closure}(Object(Illuminate\\Http\\Request))
#54 D:\\ketapang\\Agro Waste\\vendor\\laravel\\framework\\src\\Illuminate\\Pipeline\\Pipeline.php(209): Illuminate\\Foundation\\Http\\Middleware\\PreventRequestsDuringMaintenance->handle(Object(Illuminate\\Http\\Request), Object(Closure))
#55 D:\\ketapang\\Agro Waste\\vendor\\laravel\\framework\\src\\Illuminate\\Http\\Middleware\\HandleCors.php(49): Illuminate\\Pipeline\\Pipeline->Illuminate\\Pipeline\\{closure}(Object(Illuminate\\Http\\Request))
#56 D:\\ketapang\\Agro Waste\\vendor\\laravel\\framework\\src\\Illuminate\\Pipeline\\Pipeline.php(209): Illuminate\\Http\\Middleware\\HandleCors->handle(Object(Illuminate\\Http\\Request), Object(Closure))
#57 D:\\ketapang\\Agro Waste\\vendor\\laravel\\framework\\src\\Illuminate\\Http\\Middleware\\TrustProxies.php(58): Illuminate\\Pipeline\\Pipeline->Illuminate\\Pipeline\\{closure}(Object(Illuminate\\Http\\Request))
#58 D:\\ketapang\\Agro Waste\\vendor\\laravel\\framework\\src\\Illuminate\\Pipeline\\Pipeline.php(209): Illuminate\\Http\\Middleware\\TrustProxies->handle(Object(Illuminate\\Http\\Request), Object(Closure))
#59 D:\\ketapang\\Agro Waste\\vendor\\laravel\\framework\\src\\Illuminate\\Foundation\\Http\\Middleware\\InvokeDeferredCallbacks.php(22): Illuminate\\Pipeline\\Pipeline->Illuminate\\Pipeline\\{closure}(Object(Illuminate\\Http\\Request))
#60 D:\\ketapang\\Agro Waste\\vendor\\laravel\\framework\\src\\Illuminate\\Pipeline\\Pipeline.php(209): Illuminate\\Foundation\\Http\\Middleware\\InvokeDeferredCallbacks->handle(Object(Illuminate\\Http\\Request), Object(Closure))
#61 D:\\ketapang\\Agro Waste\\vendor\\laravel\\framework\\src\\Illuminate\\Pipeline\\Pipeline.php(127): Illuminate\\Pipeline\\Pipeline->Illuminate\\Pipeline\\{closure}(Object(Illuminate\\Http\\Request))
#62 D:\\ketapang\\Agro Waste\\vendor\\laravel\\framework\\src\\Illuminate\\Foundation\\Http\\Kernel.php(176): Illuminate\\Pipeline\\Pipeline->then(Object(Closure))
#63 D:\\ketapang\\Agro Waste\\vendor\\laravel\\framework\\src\\Illuminate\\Foundation\\Http\\Kernel.php(145): Illuminate\\Foundation\\Http\\Kernel->sendRequestThroughRouter(Object(Illuminate\\Http\\Request))
#64 D:\\ketapang\\Agro Waste\\vendor\\laravel\\framework\\src\\Illuminate\\Foundation\\Application.php(1220): Illuminate\\Foundation\\Http\\Kernel->handle(Object(Illuminate\\Http\\Request))
#65 D:\\ketapang\\Agro Waste\\public\\index.php(17): Illuminate\\Foundation\\Application->handleRequest(Object(Illuminate\\Http\\Request))
#66 D:\\ketapang\\Agro Waste\\vendor\\laravel\\framework\\src\\Illuminate\\Foundation\\resources\\server.php(23): require_once('D:\\\\ketapang\\\\Agr...')
#67 {main}

[previous exception] [object] (Symfony\\Component\\Routing\\Exception\\RouteNotFoundException(code: 0): Route [videos.index] not defined. at D:\\ketapang\\Agro Waste\\vendor\\laravel\\framework\\src\\Illuminate\\Routing\\UrlGenerator.php:517)
[stacktrace]
#0 D:\\ketapang\\Agro Waste\\vendor\\laravel\\framework\\src\\Illuminate\\Foundation\\helpers.php(853): Illuminate\\Routing\\UrlGenerator->route('videos.index', Array, true)
#1 D:\\ketapang\\Agro Waste\\storage\\framework\\views\\269a390c3b7ffd044e4a69226b6f101f.php(32): route('videos.index')
#2 D:\\ketapang\\Agro Waste\\vendor\\laravel\\framework\\src\\Illuminate\\Filesystem\\Filesystem.php(123): require('D:\\\\ketapang\\\\Agr...')
#3 D:\\ketapang\\Agro Waste\\vendor\\laravel\\framework\\src\\Illuminate\\Filesystem\\Filesystem.php(124): Illuminate\\Filesystem\\Filesystem::Illuminate\\Filesystem\\{closure}()
#4 D:\\ketapang\\Agro Waste\\vendor\\laravel\\framework\\src\\Illuminate\\View\\Engines\\PhpEngine.php(58): Illuminate\\Filesystem\\Filesystem->getRequire('D:\\\\ketapang\\\\Agr...', Array)
#5 D:\\ketapang\\Agro Waste\\vendor\\laravel\\framework\\src\\Illuminate\\View\\Engines\\CompilerEngine.php(75): Illuminate\\View\\Engines\\PhpEngine->evaluatePath('D:\\\\ketapang\\\\Agr...', Array)
#6 D:\\ketapang\\Agro Waste\\vendor\\laravel\\framework\\src\\Illuminate\\View\\View.php(209): Illuminate\\View\\Engines\\CompilerEngine->get('D:\\\\ketapang\\\\Agr...', Array)
#7 D:\\ketapang\\Agro Waste\\vendor\\laravel\\framework\\src\\Illuminate\\View\\View.php(192): Illuminate\\View\\View->getContents()
#8 D:\\ketapang\\Agro Waste\\vendor\\laravel\\framework\\src\\Illuminate\\View\\View.php(161): Illuminate\\View\\View->renderContents()
#9 D:\\ketapang\\Agro Waste\\storage\\framework\\views\\eed27d20a935b7d4b7b20b82c6de4835.php(209): Illuminate\\View\\View->render()
#10 D:\\ketapang\\Agro Waste\\vendor\\laravel\\framework\\src\\Illuminate\\Filesystem\\Filesystem.php(123): require('D:\\\\ketapang\\\\Agr...')
#11 D:\\ketapang\\Agro Waste\\vendor\\laravel\\framework\\src\\Illuminate\\Filesystem\\Filesystem.php(124): Illuminate\\Filesystem\\Filesystem::Illuminate\\Filesystem\\{closure}()
#12 D:\\ketapang\\Agro Waste\\vendor\\laravel\\framework\\src\\Illuminate\\View\\Engines\\PhpEngine.php(58): Illuminate\\Filesystem\\Filesystem->getRequire('D:\\\\ketapang\\\\Agr...', Array)
#13 D:\\ketapang\\Agro Waste\\vendor\\laravel\\framework\\src\\Illuminate\\View\\Engines\\CompilerEngine.php(75): Illuminate\\View\\Engines\\PhpEngine->evaluatePath('D:\\\\ketapang\\\\Agr...', Array)
#14 D:\\ketapang\\Agro Waste\\vendor\\laravel\\framework\\src\\Illuminate\\View\\View.php(209): Illuminate\\View\\Engines\\CompilerEngine->get('D:\\\\ketapang\\\\Agr...', Array)
#15 D:\\ketapang\\Agro Waste\\vendor\\laravel\\framework\\src\\Illuminate\\View\\View.php(192): Illuminate\\View\\View->getContents()
#16 D:\\ketapang\\Agro Waste\\vendor\\laravel\\framework\\src\\Illuminate\\View\\View.php(161): Illuminate\\View\\View->renderContents()
#17 D:\\ketapang\\Agro Waste\\vendor\\laravel\\framework\\src\\Illuminate\\Http\\Response.php(79): Illuminate\\View\\View->render()
#18 D:\\ketapang\\Agro Waste\\vendor\\laravel\\framework\\src\\Illuminate\\Http\\Response.php(35): Illuminate\\Http\\Response->setContent(Object(Illuminate\\View\\View))
#19 D:\\ketapang\\Agro Waste\\vendor\\laravel\\framework\\src\\Illuminate\\Routing\\Router.php(920): Illuminate\\Http\\Response->__construct(Object(Illuminate\\View\\View), 200, Array)
#20 D:\\ketapang\\Agro Waste\\vendor\\laravel\\framework\\src\\Illuminate\\Routing\\Router.php(887): Illuminate\\Routing\\Router::toResponse(Object(Illuminate\\Http\\Request), Object(Illuminate\\View\\View))
#21 D:\\ketapang\\Agro Waste\\vendor\\laravel\\framework\\src\\Illuminate\\Routing\\Router.php(807): Illuminate\\Routing\\Router->prepareResponse(Object(Illuminate\\Http\\Request), Object(Illuminate\\View\\View))
#22 D:\\ketapang\\Agro Waste\\vendor\\laravel\\framework\\src\\Illuminate\\Pipeline\\Pipeline.php(170): Illuminate\\Routing\\Router->Illuminate\\Routing\\{closure}(Object(Illuminate\\Http\\Request))
#23 D:\\ketapang\\Agro Waste\\app\\Http\\Middleware\\Authenticate.php(18): Illuminate\\Pipeline\\Pipeline->Illuminate\\Pipeline\\{closure}(Object(Illuminate\\Http\\Request))
#24 D:\\ketapang\\Agro Waste\\vendor\\laravel\\framework\\src\\Illuminate\\Pipeline\\Pipeline.php(209): App\\Http\\Middleware\\Authenticate->handle(Object(Illuminate\\Http\\Request), Object(Closure))
#25 D:\\ketapang\\Agro Waste\\vendor\\laravel\\framework\\src\\Illuminate\\Routing\\Middleware\\SubstituteBindings.php(51): Illuminate\\Pipeline\\Pipeline->Illuminate\\Pipeline\\{closure}(Object(Illuminate\\Http\\Request))
#26 D:\\ketapang\\Agro Waste\\vendor\\laravel\\framework\\src\\Illuminate\\Pipeline\\Pipeline.php(209): Illuminate\\Routing\\Middleware\\SubstituteBindings->handle(Object(Illuminate\\Http\\Request), Object(Closure))
#27 D:\\ketapang\\Agro Waste\\vendor\\laravel\\framework\\src\\Illuminate\\Foundation\\Http\\Middleware\\VerifyCsrfToken.php(88): Illuminate\\Pipeline\\Pipeline->Illuminate\\Pipeline\\{closure}(Object(Illuminate\\Http\\Request))
#28 D:\\ketapang\\Agro Waste\\vendor\\laravel\\framework\\src\\Illuminate\\Pipeline\\Pipeline.php(209): Illuminate\\Foundation\\Http\\Middleware\\VerifyCsrfToken->handle(Object(Illuminate\\Http\\Request), Object(Closure))
#29 D:\\ketapang\\Agro Waste\\vendor\\laravel\\framework\\src\\Illuminate\\View\\Middleware\\ShareErrorsFromSession.php(49): Illuminate\\Pipeline\\Pipeline->Illuminate\\Pipeline\\{closure}(Object(Illuminate\\Http\\Request))
#30 D:\\ketapang\\Agro Waste\\vendor\\laravel\\framework\\src\\Illuminate\\Pipeline\\Pipeline.php(209): Illuminate\\View\\Middleware\\ShareErrorsFromSession->handle(Object(Illuminate\\Http\\Request), Object(Closure))
#31 D:\\ketapang\\Agro Waste\\vendor\\laravel\\framework\\src\\Illuminate\\Session\\Middleware\\StartSession.php(121): Illuminate\\Pipeline\\Pipeline->Illuminate\\Pipeline\\{closure}(Object(Illuminate\\Http\\Request))
#32 D:\\ketapang\\Agro Waste\\vendor\\laravel\\framework\\src\\Illuminate\\Session\\Middleware\\StartSession.php(64): Illuminate\\Session\\Middleware\\StartSession->handleStatefulRequest(Object(Illuminate\\Http\\Request), Object(Illuminate\\Session\\Store), Object(Closure))
#33 D:\\ketapang\\Agro Waste\\vendor\\laravel\\framework\\src\\Illuminate\\Pipeline\\Pipeline.php(209): Illuminate\\Session\\Middleware\\StartSession->handle(Object(Illuminate\\Http\\Request), Object(Closure))
#34 D:\\ketapang\\Agro Waste\\vendor\\laravel\\framework\\src\\Illuminate\\Cookie\\Middleware\\AddQueuedCookiesToResponse.php(37): Illuminate\\Pipeline\\Pipeline->Illuminate\\Pipeline\\{closure}(Object(Illuminate\\Http\\Request))
#35 D:\\ketapang\\Agro Waste\\vendor\\laravel\\framework\\src\\Illuminate\\Pipeline\\Pipeline.php(209): Illuminate\\Cookie\\Middleware\\AddQueuedCookiesToResponse->handle(Object(Illuminate\\Http\\Request), Object(Closure))
#36 D:\\ketapang\\Agro Waste\\vendor\\laravel\\framework\\src\\Illuminate\\Cookie\\Middleware\\EncryptCookies.php(75): Illuminate\\Pipeline\\Pipeline->Illuminate\\Pipeline\\{closure}(Object(Illuminate\\Http\\Request))
#37 D:\\ketapang\\Agro Waste\\vendor\\laravel\\framework\\src\\Illuminate\\Pipeline\\Pipeline.php(209): Illuminate\\Cookie\\Middleware\\EncryptCookies->handle(Object(Illuminate\\Http\\Request), Object(Closure))
#38 D:\\ketapang\\Agro Waste\\vendor\\laravel\\framework\\src\\Illuminate\\Pipeline\\Pipeline.php(127): Illuminate\\Pipeline\\Pipeline->Illuminate\\Pipeline\\{closure}(Object(Illuminate\\Http\\Request))
#39 D:\\ketapang\\Agro Waste\\vendor\\laravel\\framework\\src\\Illuminate\\Routing\\Router.php(807): Illuminate\\Pipeline\\Pipeline->then(Object(Closure))
#40 D:\\ketapang\\Agro Waste\\vendor\\laravel\\framework\\src\\Illuminate\\Routing\\Router.php(786): Illuminate\\Routing\\Router->runRouteWithinStack(Object(Illuminate\\Routing\\Route), Object(Illuminate\\Http\\Request))
#41 D:\\ketapang\\Agro Waste\\vendor\\laravel\\framework\\src\\Illuminate\\Routing\\Router.php(750): Illuminate\\Routing\\Router->runRoute(Object(Illuminate\\Http\\Request), Object(Illuminate\\Routing\\Route))
#42 D:\\ketapang\\Agro Waste\\vendor\\laravel\\framework\\src\\Illuminate\\Routing\\Router.php(739): Illuminate\\Routing\\Router->dispatchToRoute(Object(Illuminate\\Http\\Request))
#43 D:\\ketapang\\Agro Waste\\vendor\\laravel\\framework\\src\\Illuminate\\Foundation\\Http\\Kernel.php(201): Illuminate\\Routing\\Router->dispatch(Object(Illuminate\\Http\\Request))
#44 D:\\ketapang\\Agro Waste\\vendor\\laravel\\framework\\src\\Illuminate\\Pipeline\\Pipeline.php(170): Illuminate\\Foundation\\Http\\Kernel->Illuminate\\Foundation\\Http\\{closure}(Object(Illuminate\\Http\\Request))
#45 D:\\ketapang\\Agro Waste\\vendor\\laravel\\framework\\src\\Illuminate\\Foundation\\Http\\Middleware\\TransformsRequest.php(21): Illuminate\\Pipeline\\Pipeline->Illuminate\\Pipeline\\{closure}(Object(Illuminate\\Http\\Request))
#46 D:\\ketapang\\Agro Waste\\vendor\\laravel\\framework\\src\\Illuminate\\Foundation\\Http\\Middleware\\ConvertEmptyStringsToNull.php(31): Illuminate\\Foundation\\Http\\Middleware\\TransformsRequest->handle(Object(Illuminate\\Http\\Request), Object(Closure))
#47 D:\\ketapang\\Agro Waste\\vendor\\laravel\\framework\\src\\Illuminate\\Pipeline\\Pipeline.php(209): Illuminate\\Foundation\\Http\\Middleware\\ConvertEmptyStringsToNull->handle(Object(Illuminate\\Http\\Request), Object(Closure))
#48 D:\\ketapang\\Agro Waste\\vendor\\laravel\\framework\\src\\Illuminate\\Foundation\\Http\\Middleware\\TransformsRequest.php(21): Illuminate\\Pipeline\\Pipeline->Illuminate\\Pipeline\\{closure}(Object(Illuminate\\Http\\Request))
#49 D:\\ketapang\\Agro Waste\\vendor\\laravel\\framework\\src\\Illuminate\\Foundation\\Http\\Middleware\\TrimStrings.php(51): Illuminate\\Foundation\\Http\\Middleware\\TransformsRequest->handle(Object(Illuminate\\Http\\Request), Object(Closure))
#50 D:\\ketapang\\Agro Waste\\vendor\\laravel\\framework\\src\\Illuminate\\Pipeline\\Pipeline.php(209): Illuminate\\Foundation\\Http\\Middleware\\TrimStrings->handle(Object(Illuminate\\Http\\Request), Object(Closure))
#51 D:\\ketapang\\Agro Waste\\vendor\\laravel\\framework\\src\\Illuminate\\Http\\Middleware\\ValidatePostSize.php(27): Illuminate\\Pipeline\\Pipeline->Illuminate\\Pipeline\\{closure}(Object(Illuminate\\Http\\Request))
#52 D:\\ketapang\\Agro Waste\\vendor\\laravel\\framework\\src\\Illuminate\\Pipeline\\Pipeline.php(209): Illuminate\\Http\\Middleware\\ValidatePostSize->handle(Object(Illuminate\\Http\\Request), Object(Closure))
#53 D:\\ketapang\\Agro Waste\\vendor\\laravel\\framework\\src\\Illuminate\\Foundation\\Http\\Middleware\\PreventRequestsDuringMaintenance.php(110): Illuminate\\Pipeline\\Pipeline->Illuminate\\Pipeline\\{closure}(Object(Illuminate\\Http\\Request))
#54 D:\\ketapang\\Agro Waste\\vendor\\laravel\\framework\\src\\Illuminate\\Pipeline\\Pipeline.php(209): Illuminate\\Foundation\\Http\\Middleware\\PreventRequestsDuringMaintenance->handle(Object(Illuminate\\Http\\Request), Object(Closure))
#55 D:\\ketapang\\Agro Waste\\vendor\\laravel\\framework\\src\\Illuminate\\Http\\Middleware\\HandleCors.php(49): Illuminate\\Pipeline\\Pipeline->Illuminate\\Pipeline\\{closure}(Object(Illuminate\\Http\\Request))
#56 D:\\ketapang\\Agro Waste\\vendor\\laravel\\framework\\src\\Illuminate\\Pipeline\\Pipeline.php(209): Illuminate\\Http\\Middleware\\HandleCors->handle(Object(Illuminate\\Http\\Request), Object(Closure))
#57 D:\\ketapang\\Agro Waste\\vendor\\laravel\\framework\\src\\Illuminate\\Http\\Middleware\\TrustProxies.php(58): Illuminate\\Pipeline\\Pipeline->Illuminate\\Pipeline\\{closure}(Object(Illuminate\\Http\\Request))
#58 D:\\ketapang\\Agro Waste\\vendor\\laravel\\framework\\src\\Illuminate\\Pipeline\\Pipeline.php(209): Illuminate\\Http\\Middleware\\TrustProxies->handle(Object(Illuminate\\Http\\Request), Object(Closure))
#59 D:\\ketapang\\Agro Waste\\vendor\\laravel\\framework\\src\\Illuminate\\Foundation\\Http\\Middleware\\InvokeDeferredCallbacks.php(22): Illuminate\\Pipeline\\Pipeline->Illuminate\\Pipeline\\{closure}(Object(Illuminate\\Http\\Request))
#60 D:\\ketapang\\Agro Waste\\vendor\\laravel\\framework\\src\\Illuminate\\Pipeline\\Pipeline.php(209): Illuminate\\Foundation\\Http\\Middleware\\InvokeDeferredCallbacks->handle(Object(Illuminate\\Http\\Request), Object(Closure))
#61 D:\\ketapang\\Agro Waste\\vendor\\laravel\\framework\\src\\Illuminate\\Pipeline\\Pipeline.php(127): Illuminate\\Pipeline\\Pipeline->Illuminate\\Pipeline\\{closure}(Object(Illuminate\\Http\\Request))
#62 D:\\ketapang\\Agro Waste\\vendor\\laravel\\framework\\src\\Illuminate\\Foundation\\Http\\Kernel.php(176): Illuminate\\Pipeline\\Pipeline->then(Object(Closure))
#63 D:\\ketapang\\Agro Waste\\vendor\\laravel\\framework\\src\\Illuminate\\Foundation\\Http\\Kernel.php(145): Illuminate\\Foundation\\Http\\Kernel->sendRequestThroughRouter(Object(Illuminate\\Http\\Request))
#64 D:\\ketapang\\Agro Waste\\vendor\\laravel\\framework\\src\\Illuminate\\Foundation\\Application.php(1220): Illuminate\\Foundation\\Http\\Kernel->handle(Object(Illuminate\\Http\\Request))
#65 D:\\ketapang\\Agro Waste\\public\\index.php(17): Illuminate\\Foundation\\Application->handleRequest(Object(Illuminate\\Http\\Request))
#66 D:\\ketapang\\Agro Waste\\vendor\\laravel\\framework\\src\\Illuminate\\Foundation\\resources\\server.php(23): require_once('D:\\\\ketapang\\\\Agr...')
#67 {main}
"} 
[2025-11-24 11:56:11] local.ERROR: Route [videos.index] not defined. {"view":{"view":"D:\\ketapang\\Agro Waste\\resources\\views\\layouts\\app.blade.php","data":{"errors":"<pre class=sf-dump id=sf-dump-1012485282 data-indent-pad=\"  \"><span class=sf-dump-note>Illuminate\\Support\\ViewErrorBag</span> {<a class=sf-dump-ref>#323</a><samp data-depth=1 class=sf-dump-expanded>
  #<span class=sf-dump-protected title=\"Protected property\">bags</span>: []
</samp>}
</pre><script>Sfdump(\"sf-dump-1012485282\", {\"maxDepth\":3,\"maxStringLength\":160})</script>
","totalModules":"<pre class=sf-dump id=sf-dump-261837303 data-indent-pad=\"  \"><span class=sf-dump-num>3</span>
</pre><script>Sfdump(\"sf-dump-261837303\", {\"maxDepth\":3,\"maxStringLength\":160})</script>
","completedModules":"<pre class=sf-dump id=sf-dump-1400517461 data-indent-pad=\"  \"><span class=sf-dump-num>0</span>
</pre><script>Sfdump(\"sf-dump-1400517461\", {\"maxDepth\":3,\"maxStringLength\":160})</script>
","modules":"<pre class=sf-dump id=sf-dump-109170816 data-indent-pad=\"  \"><span class=sf-dump-note>Illuminate\\Database\\Eloquent\\Collection</span> {<a class=sf-dump-ref>#1060</a><samp data-depth=1 class=sf-dump-expanded>
  #<span class=sf-dump-protected title=\"Protected property\">items</span>: <span class=sf-dump-note>array:3</span> [<samp data-depth=2 class=sf-dump-compact>
    <span class=sf-dump-index>0</span> => <span class=\"sf-dump-note sf-dump-ellipsization\" title=\"App\\Models\\Module
\"><span class=\"sf-dump-ellipsis sf-dump-ellipsis-note\">App\\Models</span><span class=\"sf-dump-ellipsis sf-dump-ellipsis-note\">\\</span><span class=\"sf-dump-ellipsis-tail\">Module</span></span> {<a class=sf-dump-ref>#1061</a><samp data-depth=3 class=sf-dump-compact>
      #<span class=sf-dump-protected title=\"Protected property\">connection</span>: \"<span class=sf-dump-str title=\"6 characters\">sqlsrv</span>\"
      #<span class=sf-dump-protected title=\"Protected property\">table</span>: \"<span class=sf-dump-str title=\"7 characters\">modules</span>\"
      #<span class=sf-dump-protected title=\"Protected property\">primaryKey</span>: \"<span class=sf-dump-str title=\"2 characters\">id</span>\"
      #<span class=sf-dump-protected title=\"Protected property\">keyType</span>: \"<span class=sf-dump-str title=\"3 characters\">int</span>\"
      +<span class=sf-dump-public title=\"Public property\">incrementing</span>: <span class=sf-dump-const>true</span>
      #<span class=sf-dump-protected title=\"Protected property\">with</span>: []
      #<span class=sf-dump-protected title=\"Protected property\">withCount</span>: []
      +<span class=sf-dump-public title=\"Public property\">preventsLazyLoading</span>: <span class=sf-dump-const>false</span>
      #<span class=sf-dump-protected title=\"Protected property\">perPage</span>: <span class=sf-dump-num>15</span>
      +<span class=sf-dump-public title=\"Public property\">exists</span>: <span class=sf-dump-const>true</span>
      +<span class=sf-dump-public title=\"Public property\">wasRecentlyCreated</span>: <span class=sf-dump-const>false</span>
      #<span class=sf-dump-protected title=\"Protected property\">escapeWhenCastingToString</span>: <span class=sf-dump-const>false</span>
      #<span class=sf-dump-protected title=\"Protected property\">attributes</span>: <span class=sf-dump-note>array:11</span> [ &#8230;11]
      #<span class=sf-dump-protected title=\"Protected property\">original</span>: <span class=sf-dump-note>array:11</span> [ &#8230;11]
      #<span class=sf-dump-protected title=\"Protected property\">changes</span>: []
      #<span class=sf-dump-protected title=\"Protected property\">casts</span>: <span class=sf-dump-note>array:1</span> [ &#8230;1]
      #<span class=sf-dump-protected title=\"Protected property\">classCastCache</span>: []
      #<span class=sf-dump-protected title=\"Protected property\">attributeCastCache</span>: []
      #<span class=sf-dump-protected title=\"Protected property\">dateFormat</span>: <span class=sf-dump-const>null</span>
      #<span class=sf-dump-protected title=\"Protected property\">appends</span>: []
      #<span class=sf-dump-protected title=\"Protected property\">dispatchesEvents</span>: []
      #<span class=sf-dump-protected title=\"Protected property\">observables</span>: []
      #<span class=sf-dump-protected title=\"Protected property\">relations</span>: []
      #<span class=sf-dump-protected title=\"Protected property\">touches</span>: []
      +<span class=sf-dump-public title=\"Public property\">timestamps</span>: <span class=sf-dump-const>true</span>
      +<span class=sf-dump-public title=\"Public property\">usesUniqueIds</span>: <span class=sf-dump-const>false</span>
      #<span class=sf-dump-protected title=\"Protected property\">hidden</span>: []
      #<span class=sf-dump-protected title=\"Protected property\">visible</span>: []
      #<span class=sf-dump-protected title=\"Protected property\">fillable</span>: <span class=sf-dump-note>array:8</span> [ &#8230;8]
      #<span class=sf-dump-protected title=\"Protected property\">guarded</span>: <span class=sf-dump-note>array:1</span> [ &#8230;1]
    </samp>}
    <span class=sf-dump-index>1</span> => <span class=\"sf-dump-note sf-dump-ellipsization\" title=\"App\\Models\\Module
\"><span class=\"sf-dump-ellipsis sf-dump-ellipsis-note\">App\\Models</span><span class=\"sf-dump-ellipsis sf-dump-ellipsis-note\">\\</span><span class=\"sf-dump-ellipsis-tail\">Module</span></span> {<a class=sf-dump-ref>#1059</a><samp data-depth=3 class=sf-dump-compact>
      #<span class=sf-dump-protected title=\"Protected property\">connection</span>: \"<span class=sf-dump-str title=\"6 characters\">sqlsrv</span>\"
      #<span class=sf-dump-protected title=\"Protected property\">table</span>: \"<span class=sf-dump-str title=\"7 characters\">modules</span>\"
      #<span class=sf-dump-protected title=\"Protected property\">primaryKey</span>: \"<span class=sf-dump-str title=\"2 characters\">id</span>\"
      #<span class=sf-dump-protected title=\"Protected property\">keyType</span>: \"<span class=sf-dump-str title=\"3 characters\">int</span>\"
      +<span class=sf-dump-public title=\"Public property\">incrementing</span>: <span class=sf-dump-const>true</span>
      #<span class=sf-dump-protected title=\"Protected property\">with</span>: []
      #<span class=sf-dump-protected title=\"Protected property\">withCount</span>: []
      +<span class=sf-dump-public title=\"Public property\">preventsLazyLoading</span>: <span class=sf-dump-const>false</span>
      #<span class=sf-dump-protected title=\"Protected property\">perPage</span>: <span class=sf-dump-num>15</span>
      +<span class=sf-dump-public title=\"Public property\">exists</span>: <span class=sf-dump-const>true</span>
      +<span class=sf-dump-public title=\"Public property\">wasRecentlyCreated</span>: <span class=sf-dump-const>false</span>
      #<span class=sf-dump-protected title=\"Protected property\">escapeWhenCastingToString</span>: <span class=sf-dump-const>false</span>
      #<span class=sf-dump-protected title=\"Protected property\">attributes</span>: <span class=sf-dump-note>array:11</span> [ &#8230;11]
      #<span class=sf-dump-protected title=\"Protected property\">original</span>: <span class=sf-dump-note>array:11</span> [ &#8230;11]
      #<span class=sf-dump-protected title=\"Protected property\">changes</span>: []
      #<span class=sf-dump-protected title=\"Protected property\">casts</span>: <span class=sf-dump-note>array:1</span> [ &#8230;1]
      #<span class=sf-dump-protected title=\"Protected property\">classCastCache</span>: []
      #<span class=sf-dump-protected title=\"Protected property\">attributeCastCache</span>: []
      #<span class=sf-dump-protected title=\"Protected property\">dateFormat</span>: <span class=sf-dump-const>null</span>
      #<span class=sf-dump-protected title=\"Protected property\">appends</span>: []
      #<span class=sf-dump-protected title=\"Protected property\">dispatchesEvents</span>: []
      #<span class=sf-dump-protected title=\"Protected property\">observables</span>: []
      #<span class=sf-dump-protected title=\"Protected property\">relations</span>: []
      #<span class=sf-dump-protected title=\"Protected property\">touches</span>: []
      +<span class=sf-dump-public title=\"Public property\">timestamps</span>: <span class=sf-dump-const>true</span>
      +<span class=sf-dump-public title=\"Public property\">usesUniqueIds</span>: <span class=sf-dump-const>false</span>
      #<span class=sf-dump-protected title=\"Protected property\">hidden</span>: []
      #<span class=sf-dump-protected title=\"Protected property\">visible</span>: []
      #<span class=sf-dump-protected title=\"Protected property\">fillable</span>: <span class=sf-dump-note>array:8</span> [ &#8230;8]
      #<span class=sf-dump-protected title=\"Protected property\">guarded</span>: <span class=sf-dump-note>array:1</span> [ &#8230;1]
    </samp>}
    <span class=sf-dump-index>2</span> => <span class=\"sf-dump-note sf-dump-ellipsization\" title=\"App\\Models\\Module
\"><span class=\"sf-dump-ellipsis sf-dump-ellipsis-note\">App\\Models</span><span class=\"sf-dump-ellipsis sf-dump-ellipsis-note\">\\</span><span class=\"sf-dump-ellipsis-tail\">Module</span></span> {<a class=sf-dump-ref>#1063</a><samp data-depth=3 class=sf-dump-compact>
      #<span class=sf-dump-protected title=\"Protected property\">connection</span>: \"<span class=sf-dump-str title=\"6 characters\">sqlsrv</span>\"
      #<span class=sf-dump-protected title=\"Protected property\">table</span>: \"<span class=sf-dump-str title=\"7 characters\">modules</span>\"
      #<span class=sf-dump-protected title=\"Protected property\">primaryKey</span>: \"<span class=sf-dump-str title=\"2 characters\">id</span>\"
      #<span class=sf-dump-protected title=\"Protected property\">keyType</span>: \"<span class=sf-dump-str title=\"3 characters\">int</span>\"
      +<span class=sf-dump-public title=\"Public property\">incrementing</span>: <span class=sf-dump-const>true</span>
      #<span class=sf-dump-protected title=\"Protected property\">with</span>: []
      #<span class=sf-dump-protected title=\"Protected property\">withCount</span>: []
      +<span class=sf-dump-public title=\"Public property\">preventsLazyLoading</span>: <span class=sf-dump-const>false</span>
      #<span class=sf-dump-protected title=\"Protected property\">perPage</span>: <span class=sf-dump-num>15</span>
      +<span class=sf-dump-public title=\"Public property\">exists</span>: <span class=sf-dump-const>true</span>
      +<span class=sf-dump-public title=\"Public property\">wasRecentlyCreated</span>: <span class=sf-dump-const>false</span>
      #<span class=sf-dump-protected title=\"Protected property\">escapeWhenCastingToString</span>: <span class=sf-dump-const>false</span>
      #<span class=sf-dump-protected title=\"Protected property\">attributes</span>: <span class=sf-dump-note>array:11</span> [ &#8230;11]
      #<span class=sf-dump-protected title=\"Protected property\">original</span>: <span class=sf-dump-note>array:11</span> [ &#8230;11]
      #<span class=sf-dump-protected title=\"Protected property\">changes</span>: []
      #<span class=sf-dump-protected title=\"Protected property\">casts</span>: <span class=sf-dump-note>array:1</span> [ &#8230;1]
      #<span class=sf-dump-protected title=\"Protected property\">classCastCache</span>: []
      #<span class=sf-dump-protected title=\"Protected property\">attributeCastCache</span>: []
      #<span class=sf-dump-protected title=\"Protected property\">dateFormat</span>: <span class=sf-dump-const>null</span>
      #<span class=sf-dump-protected title=\"Protected property\">appends</span>: []
      #<span class=sf-dump-protected title=\"Protected property\">dispatchesEvents</span>: []
      #<span class=sf-dump-protected title=\"Protected property\">observables</span>: []
      #<span class=sf-dump-protected title=\"Protected property\">relations</span>: []
      #<span class=sf-dump-protected title=\"Protected property\">touches</span>: []
      +<span class=sf-dump-public title=\"Public property\">timestamps</span>: <span class=sf-dump-const>true</span>
      +<span class=sf-dump-public title=\"Public property\">usesUniqueIds</span>: <span class=sf-dump-const>false</span>
      #<span class=sf-dump-protected title=\"Protected property\">hidden</span>: []
      #<span class=sf-dump-protected title=\"Protected property\">visible</span>: []
      #<span class=sf-dump-protected title=\"Protected property\">fillable</span>: <span class=sf-dump-note>array:8</span> [ &#8230;8]
      #<span class=sf-dump-protected title=\"Protected property\">guarded</span>: <span class=sf-dump-note>array:1</span> [ &#8230;1]
    </samp>}
  </samp>]
  #<span class=sf-dump-protected title=\"Protected property\">escapeWhenCastingToString</span>: <span class=sf-dump-const>false</span>
</samp>}
</pre><script>Sfdump(\"sf-dump-109170816\", {\"maxDepth\":3,\"maxStringLength\":160})</script>
","userProgress":"<pre class=sf-dump id=sf-dump-354911609 data-indent-pad=\"  \"><span class=sf-dump-note>Illuminate\\Database\\Eloquent\\Collection</span> {<a class=sf-dump-ref>#1043</a><samp data-depth=1 class=sf-dump-expanded>
  #<span class=sf-dump-protected title=\"Protected property\">items</span>: []
  #<span class=sf-dump-protected title=\"Protected property\">escapeWhenCastingToString</span>: <span class=sf-dump-const>false</span>
</samp>}
</pre><script>Sfdump(\"sf-dump-354911609\", {\"maxDepth\":3,\"maxStringLength\":160})</script>
","recentAttempts":"<pre class=sf-dump id=sf-dump-529855137 data-indent-pad=\"  \"><span class=sf-dump-note>Illuminate\\Database\\Eloquent\\Collection</span> {<a class=sf-dump-ref>#1055</a><samp data-depth=1 class=sf-dump-expanded>
  #<span class=sf-dump-protected title=\"Protected property\">items</span>: []
  #<span class=sf-dump-protected title=\"Protected property\">escapeWhenCastingToString</span>: <span class=sf-dump-const>false</span>
</samp>}
</pre><script>Sfdump(\"sf-dump-529855137\", {\"maxDepth\":3,\"maxStringLength\":160})</script>
","hour":"<pre class=sf-dump id=sf-dump-448874302 data-indent-pad=\"  \">\"<span class=sf-dump-str title=\"2 characters\">11</span>\"
</pre><script>Sfdump(\"sf-dump-448874302\", {\"maxDepth\":3,\"maxStringLength\":160})</script>
","greeting":"<pre class=sf-dump id=sf-dump-603871187 data-indent-pad=\"  \">\"<span class=sf-dump-str title=\"12 characters\">Selamat Pagi</span>\"
</pre><script>Sfdump(\"sf-dump-603871187\", {\"maxDepth\":3,\"maxStringLength\":160})</script>
","__currentLoopData":"<pre class=sf-dump id=sf-dump-403409333 data-indent-pad=\"  \"><span class=sf-dump-note>Illuminate\\Database\\Eloquent\\Collection</span> {<a class=sf-dump-ref>#1060</a><samp data-depth=1 class=sf-dump-expanded>
  #<span class=sf-dump-protected title=\"Protected property\">items</span>: <span class=sf-dump-note>array:3</span> [<samp data-depth=2 class=sf-dump-compact>
    <span class=sf-dump-index>0</span> => <span class=\"sf-dump-note sf-dump-ellipsization\" title=\"App\\Models\\Module
\"><span class=\"sf-dump-ellipsis sf-dump-ellipsis-note\">App\\Models</span><span class=\"sf-dump-ellipsis sf-dump-ellipsis-note\">\\</span><span class=\"sf-dump-ellipsis-tail\">Module</span></span> {<a class=sf-dump-ref>#1061</a><samp data-depth=3 class=sf-dump-compact>
      #<span class=sf-dump-protected title=\"Protected property\">connection</span>: \"<span class=sf-dump-str title=\"6 characters\">sqlsrv</span>\"
      #<span class=sf-dump-protected title=\"Protected property\">table</span>: \"<span class=sf-dump-str title=\"7 characters\">modules</span>\"
      #<span class=sf-dump-protected title=\"Protected property\">primaryKey</span>: \"<span class=sf-dump-str title=\"2 characters\">id</span>\"
      #<span class=sf-dump-protected title=\"Protected property\">keyType</span>: \"<span class=sf-dump-str title=\"3 characters\">int</span>\"
      +<span class=sf-dump-public title=\"Public property\">incrementing</span>: <span class=sf-dump-const>true</span>
      #<span class=sf-dump-protected title=\"Protected property\">with</span>: []
      #<span class=sf-dump-protected title=\"Protected property\">withCount</span>: []
      +<span class=sf-dump-public title=\"Public property\">preventsLazyLoading</span>: <span class=sf-dump-const>false</span>
      #<span class=sf-dump-protected title=\"Protected property\">perPage</span>: <span class=sf-dump-num>15</span>
      +<span class=sf-dump-public title=\"Public property\">exists</span>: <span class=sf-dump-const>true</span>
      +<span class=sf-dump-public title=\"Public property\">wasRecentlyCreated</span>: <span class=sf-dump-const>false</span>
      #<span class=sf-dump-protected title=\"Protected property\">escapeWhenCastingToString</span>: <span class=sf-dump-const>false</span>
      #<span class=sf-dump-protected title=\"Protected property\">attributes</span>: <span class=sf-dump-note>array:11</span> [ &#8230;11]
      #<span class=sf-dump-protected title=\"Protected property\">original</span>: <span class=sf-dump-note>array:11</span> [ &#8230;11]
      #<span class=sf-dump-protected title=\"Protected property\">changes</span>: []
      #<span class=sf-dump-protected title=\"Protected property\">casts</span>: <span class=sf-dump-note>array:1</span> [ &#8230;1]
      #<span class=sf-dump-protected title=\"Protected property\">classCastCache</span>: []
      #<span class=sf-dump-protected title=\"Protected property\">attributeCastCache</span>: []
      #<span class=sf-dump-protected title=\"Protected property\">dateFormat</span>: <span class=sf-dump-const>null</span>
      #<span class=sf-dump-protected title=\"Protected property\">appends</span>: []
      #<span class=sf-dump-protected title=\"Protected property\">dispatchesEvents</span>: []
      #<span class=sf-dump-protected title=\"Protected property\">observables</span>: []
      #<span class=sf-dump-protected title=\"Protected property\">relations</span>: []
      #<span class=sf-dump-protected title=\"Protected property\">touches</span>: []
      +<span class=sf-dump-public title=\"Public property\">timestamps</span>: <span class=sf-dump-const>true</span>
      +<span class=sf-dump-public title=\"Public property\">usesUniqueIds</span>: <span class=sf-dump-const>false</span>
      #<span class=sf-dump-protected title=\"Protected property\">hidden</span>: []
      #<span class=sf-dump-protected title=\"Protected property\">visible</span>: []
      #<span class=sf-dump-protected title=\"Protected property\">fillable</span>: <span class=sf-dump-note>array:8</span> [ &#8230;8]
      #<span class=sf-dump-protected title=\"Protected property\">guarded</span>: <span class=sf-dump-note>array:1</span> [ &#8230;1]
    </samp>}
    <span class=sf-dump-index>1</span> => <span class=\"sf-dump-note sf-dump-ellipsization\" title=\"App\\Models\\Module
\"><span class=\"sf-dump-ellipsis sf-dump-ellipsis-note\">App\\Models</span><span class=\"sf-dump-ellipsis sf-dump-ellipsis-note\">\\</span><span class=\"sf-dump-ellipsis-tail\">Module</span></span> {<a class=sf-dump-ref>#1059</a><samp data-depth=3 class=sf-dump-compact>
      #<span class=sf-dump-protected title=\"Protected property\">connection</span>: \"<span class=sf-dump-str title=\"6 characters\">sqlsrv</span>\"
      #<span class=sf-dump-protected title=\"Protected property\">table</span>: \"<span class=sf-dump-str title=\"7 characters\">modules</span>\"
      #<span class=sf-dump-protected title=\"Protected property\">primaryKey</span>: \"<span class=sf-dump-str title=\"2 characters\">id</span>\"
      #<span class=sf-dump-protected title=\"Protected property\">keyType</span>: \"<span class=sf-dump-str title=\"3 characters\">int</span>\"
      +<span class=sf-dump-public title=\"Public property\">incrementing</span>: <span class=sf-dump-const>true</span>
      #<span class=sf-dump-protected title=\"Protected property\">with</span>: []
      #<span class=sf-dump-protected title=\"Protected property\">withCount</span>: []
      +<span class=sf-dump-public title=\"Public property\">preventsLazyLoading</span>: <span class=sf-dump-const>false</span>
      #<span class=sf-dump-protected title=\"Protected property\">perPage</span>: <span class=sf-dump-num>15</span>
      +<span class=sf-dump-public title=\"Public property\">exists</span>: <span class=sf-dump-const>true</span>
      +<span class=sf-dump-public title=\"Public property\">wasRecentlyCreated</span>: <span class=sf-dump-const>false</span>
      #<span class=sf-dump-protected title=\"Protected property\">escapeWhenCastingToString</span>: <span class=sf-dump-const>false</span>
      #<span class=sf-dump-protected title=\"Protected property\">attributes</span>: <span class=sf-dump-note>array:11</span> [ &#8230;11]
      #<span class=sf-dump-protected title=\"Protected property\">original</span>: <span class=sf-dump-note>array:11</span> [ &#8230;11]
      #<span class=sf-dump-protected title=\"Protected property\">changes</span>: []
      #<span class=sf-dump-protected title=\"Protected property\">casts</span>: <span class=sf-dump-note>array:1</span> [ &#8230;1]
      #<span class=sf-dump-protected title=\"Protected property\">classCastCache</span>: []
      #<span class=sf-dump-protected title=\"Protected property\">attributeCastCache</span>: []
      #<span class=sf-dump-protected title=\"Protected property\">dateFormat</span>: <span class=sf-dump-const>null</span>
      #<span class=sf-dump-protected title=\"Protected property\">appends</span>: []
      #<span class=sf-dump-protected title=\"Protected property\">dispatchesEvents</span>: []
      #<span class=sf-dump-protected title=\"Protected property\">observables</span>: []
      #<span class=sf-dump-protected title=\"Protected property\">relations</span>: []
      #<span class=sf-dump-protected title=\"Protected property\">touches</span>: []
      +<span class=sf-dump-public title=\"Public property\">timestamps</span>: <span class=sf-dump-const>true</span>
      +<span class=sf-dump-public title=\"Public property\">usesUniqueIds</span>: <span class=sf-dump-const>false</span>
      #<span class=sf-dump-protected title=\"Protected property\">hidden</span>: []
      #<span class=sf-dump-protected title=\"Protected property\">visible</span>: []
      #<span class=sf-dump-protected title=\"Protected property\">fillable</span>: <span class=sf-dump-note>array:8</span> [ &#8230;8]
      #<span class=sf-dump-protected title=\"Protected property\">guarded</span>: <span class=sf-dump-note>array:1</span> [ &#8230;1]
    </samp>}
    <span class=sf-dump-index>2</span> => <span class=\"sf-dump-note sf-dump-ellipsization\" title=\"App\\Models\\Module
\"><span class=\"sf-dump-ellipsis sf-dump-ellipsis-note\">App\\Models</span><span class=\"sf-dump-ellipsis sf-dump-ellipsis-note\">\\</span><span class=\"sf-dump-ellipsis-tail\">Module</span></span> {<a class=sf-dump-ref>#1063</a><samp data-depth=3 class=sf-dump-compact>
      #<span class=sf-dump-protected title=\"Protected property\">connection</span>: \"<span class=sf-dump-str title=\"6 characters\">sqlsrv</span>\"
      #<span class=sf-dump-protected title=\"Protected property\">table</span>: \"<span class=sf-dump-str title=\"7 characters\">modules</span>\"
      #<span class=sf-dump-protected title=\"Protected property\">primaryKey</span>: \"<span class=sf-dump-str title=\"2 characters\">id</span>\"
      #<span class=sf-dump-protected title=\"Protected property\">keyType</span>: \"<span class=sf-dump-str title=\"3 characters\">int</span>\"
      +<span class=sf-dump-public title=\"Public property\">incrementing</span>: <span class=sf-dump-const>true</span>
      #<span class=sf-dump-protected title=\"Protected property\">with</span>: []
      #<span class=sf-dump-protected title=\"Protected property\">withCount</span>: []
      +<span class=sf-dump-public title=\"Public property\">preventsLazyLoading</span>: <span class=sf-dump-const>false</span>
      #<span class=sf-dump-protected title=\"Protected property\">perPage</span>: <span class=sf-dump-num>15</span>
      +<span class=sf-dump-public title=\"Public property\">exists</span>: <span class=sf-dump-const>true</span>
      +<span class=sf-dump-public title=\"Public property\">wasRecentlyCreated</span>: <span class=sf-dump-const>false</span>
      #<span class=sf-dump-protected title=\"Protected property\">escapeWhenCastingToString</span>: <span class=sf-dump-const>false</span>
      #<span class=sf-dump-protected title=\"Protected property\">attributes</span>: <span class=sf-dump-note>array:11</span> [ &#8230;11]
      #<span class=sf-dump-protected title=\"Protected property\">original</span>: <span class=sf-dump-note>array:11</span> [ &#8230;11]
      #<span class=sf-dump-protected title=\"Protected property\">changes</span>: []
      #<span class=sf-dump-protected title=\"Protected property\">casts</span>: <span class=sf-dump-note>array:1</span> [ &#8230;1]
      #<span class=sf-dump-protected title=\"Protected property\">classCastCache</span>: []
      #<span class=sf-dump-protected title=\"Protected property\">attributeCastCache</span>: []
      #<span class=sf-dump-protected title=\"Protected property\">dateFormat</span>: <span class=sf-dump-const>null</span>
      #<span class=sf-dump-protected title=\"Protected property\">appends</span>: []
      #<span class=sf-dump-protected title=\"Protected property\">dispatchesEvents</span>: []
      #<span class=sf-dump-protected title=\"Protected property\">observables</span>: []
      #<span class=sf-dump-protected title=\"Protected property\">relations</span>: []
      #<span class=sf-dump-protected title=\"Protected property\">touches</span>: []
      +<span class=sf-dump-public title=\"Public property\">timestamps</span>: <span class=sf-dump-const>true</span>
      +<span class=sf-dump-public title=\"Public property\">usesUniqueIds</span>: <span class=sf-dump-const>false</span>
      #<span class=sf-dump-protected title=\"Protected property\">hidden</span>: []
      #<span class=sf-dump-protected title=\"Protected property\">visible</span>: []
      #<span class=sf-dump-protected title=\"Protected property\">fillable</span>: <span class=sf-dump-note>array:8</span> [ &#8230;8]
      #<span class=sf-dump-protected title=\"Protected property\">guarded</span>: <span class=sf-dump-note>array:1</span> [ &#8230;1]
    </samp>}
  </samp>]
  #<span class=sf-dump-protected title=\"Protected property\">escapeWhenCastingToString</span>: <span class=sf-dump-const>false</span>
</samp>}
</pre><script>Sfdump(\"sf-dump-403409333\", {\"maxDepth\":3,\"maxStringLength\":160})</script>
","module":"<pre class=sf-dump id=sf-dump-1242768761 data-indent-pad=\"  \"><span class=sf-dump-note>App\\Models\\Module</span> {<a class=sf-dump-ref>#1063</a><samp data-depth=1 class=sf-dump-expanded>
  #<span class=sf-dump-protected title=\"Protected property\">connection</span>: \"<span class=sf-dump-str title=\"6 characters\">sqlsrv</span>\"
  #<span class=sf-dump-protected title=\"Protected property\">table</span>: \"<span class=sf-dump-str title=\"7 characters\">modules</span>\"
  #<span class=sf-dump-protected title=\"Protected property\">primaryKey</span>: \"<span class=sf-dump-str title=\"2 characters\">id</span>\"
  #<span class=sf-dump-protected title=\"Protected property\">keyType</span>: \"<span class=sf-dump-str title=\"3 characters\">int</span>\"
  +<span class=sf-dump-public title=\"Public property\">incrementing</span>: <span class=sf-dump-const>true</span>
  #<span class=sf-dump-protected title=\"Protected property\">with</span>: []
  #<span class=sf-dump-protected title=\"Protected property\">withCount</span>: []
  +<span class=sf-dump-public title=\"Public property\">preventsLazyLoading</span>: <span class=sf-dump-const>false</span>
  #<span class=sf-dump-protected title=\"Protected property\">perPage</span>: <span class=sf-dump-num>15</span>
  +<span class=sf-dump-public title=\"Public property\">exists</span>: <span class=sf-dump-const>true</span>
  +<span class=sf-dump-public title=\"Public property\">wasRecentlyCreated</span>: <span class=sf-dump-const>false</span>
  #<span class=sf-dump-protected title=\"Protected property\">escapeWhenCastingToString</span>: <span class=sf-dump-const>false</span>
  #<span class=sf-dump-protected title=\"Protected property\">attributes</span>: <span class=sf-dump-note>array:11</span> [<samp data-depth=2 class=sf-dump-compact>
    \"<span class=sf-dump-key>id</span>\" => \"<span class=sf-dump-str>3</span>\"
    \"<span class=sf-dump-key>title</span>\" => \"<span class=sf-dump-str title=\"23 characters\">Pengolahan Pakan Ternak</span>\"
    \"<span class=sf-dump-key>slug</span>\" => \"<span class=sf-dump-str title=\"23 characters\">pengolahan-pakan-ternak</span>\"
    \"<span class=sf-dump-key>description</span>\" => \"<span class=sf-dump-str title=\"63 characters\">Cara mengolah limbah pertanian menjadi pakan ternak berkualitas</span>\"
    \"<span class=sf-dump-key>content</span>\" => \"\"\"
      <span class=sf-dump-str title=\"1617 characters\">&lt;h2&gt;Pengolahan Limbah Pertanian Menjadi Pakan Ternak&lt;/h2&gt;<span class=\"sf-dump-default sf-dump-ns\">\\r\\n</span></span>
      <span class=sf-dump-str title=\"1617 characters\">&lt;p&gt;Limbah pertanian seperti jerami, tongkol jagung, dan dedak dapat diolah menjadi pakan ternak yang bergizi dan ekonomis.&lt;/p&gt;<span class=\"sf-dump-default sf-dump-ns\">\\r\\n</span></span>
      <span class=sf-dump-str title=\"1617 characters\"><span class=\"sf-dump-default sf-dump-ns\">\\r\\n</span></span>
      <span class=sf-dump-str title=\"1617 characters\">&lt;h3&gt;Jenis Pakan dari Limbah&lt;/h3&gt;<span class=\"sf-dump-default sf-dump-ns\">\\r\\n</span></span>
      <span class=sf-dump-str title=\"1617 characters\">&lt;ul&gt;<span class=\"sf-dump-default sf-dump-ns\">\\r\\n</span></span>
      <span class=sf-dump-str title=\"1617 characters\">    &lt;li&gt;&lt;strong&gt;Silase:&lt;/strong&gt; Fermentasi hijauan pakan dalam kondisi anaerob&lt;/li&gt;<span class=\"sf-dump-default sf-dump-ns\">\\r\\n</span></span>
      <span class=sf-dump-str title=\"1617 characters\">    &lt;li&gt;&lt;strong&gt;Hay:&lt;/strong&gt; Hijauan pakan yang dikeringkan&lt;/li&gt;<span class=\"sf-dump-default sf-dump-ns\">\\r\\n</span></span>
      <span class=sf-dump-str title=\"1617 characters\">    &lt;li&gt;&lt;strong&gt;Pakan Fermentasi:&lt;/strong&gt; Pakan yang difermentasi dengan probiotik&lt;/li&gt;<span class=\"sf-dump-default sf-dump-ns\">\\r\\n</span></span>
      <span class=sf-dump-str title=\"1617 characters\">    &lt;li&gt;&lt;strong&gt;Pakan Konsentrat:&lt;/strong&gt; Campuran limbah dengan nilai gizi tinggi&lt;/li&gt;<span class=\"sf-dump-default sf-dump-ns\">\\r\\n</span></span>
      <span class=sf-dump-str title=\"1617 characters\">&lt;/ul&gt;<span class=\"sf-dump-default sf-dump-ns\">\\r\\n</span></span>
      <span class=sf-dump-str title=\"1617 characters\"><span class=\"sf-dump-default sf-dump-ns\">\\r\\n</span></span>
      <span class=sf-dump-str title=\"1617 characters\">&lt;h3&gt;Pembuatan Pakan Fermentasi&lt;/h3&gt;<span class=\"sf-dump-default sf-dump-ns\">\\r\\n</span></span>
      <span class=sf-dump-str title=\"1617 characters\">&lt;p&gt;&lt;strong&gt;Bahan-bahan:&lt;/strong&gt;&lt;/p&gt;<span class=\"sf-dump-default sf-dump-ns\">\\r\\n</span></span>
      <span class=sf-dump-str title=\"1617 characters\">&lt;ul&gt;<span class=\"sf-dump-default sf-dump-ns\">\\r\\n</span></span>
      <span class=sf-dump-str title=\"1617 characters\">    &lt;li&gt;Jerami padi atau tongkol jagung cacah - 100 kg&lt;/li&gt;<span class=\"sf-dump-default sf-dump-ns\">\\r\\n</span></span>
      <span class=sf-dump-str title=\"1617 characters\">    &lt;li&gt;Dedak halus - 10 kg&lt;/li&gt;<span class=\"sf-dump-default sf-dump-ns\">\\r\\n</span></span>
      <span class=sf-dump-str title=\"1617 characters\">    &lt;li&gt;Molases atau gula merah - 2 kg&lt;/li&gt;<span class=\"sf-dump-default sf-dump-ns\">\\r\\n</span></span>
      <span class=sf-dump-str title=\"1617 characters\">    &lt;li&gt;EM4 atau probiotik - 500 ml&lt;/li&gt;<span class=\"sf-dump-default sf-dump-ns\">\\r\\n</span></span>
      <span class=sf-dump-str title=\"1617 characters\">    &lt;li&gt;Air bersih - 30-40 liter&lt;/li&gt;<span class=\"sf-dump-default sf-dump-ns\">\\r\\n</span></span>
      <span class=sf-dump-str title=\"1617 characters\">    &lt;li&gt;Garam - 200 gram&lt;/li&gt;<span class=\"sf-dump-default sf-dump-ns\">\\r\\n</span></span>
      <span class=sf-dump-str title=\"1617 characters\">&lt;/ul&gt;<span class=\"sf-dump-default sf-dump-ns\">\\r\\n</span></span>
      <span class=sf-dump-str title=\"1617 characters\"><span class=\"sf-dump-default sf-dump-ns\">\\r\\n</span></span>
      <span class=sf-dump-str title=\"1617 characters\">&lt;p&gt;&lt;strong&gt;Cara Pembuatan:&lt;/strong&gt;&lt;/p&gt;<span class=\"sf-dump-default sf-dump-ns\">\\r\\n</span></span>
      <span class=sf-dump-str title=\"1617 characters\">&lt;ol&gt;<span class=\"sf-dump-default sf-dump-ns\">\\r\\n</span></span>
      <span class=sf-dump-str title=\"1617 characters\">    &lt;li&gt;Cacah jerami atau tongkol jagung hingga ukuran 3-5 cm&lt;/li&gt;<span class=\"sf-dump-default sf-dump-ns\">\\r\\n</span></span>
      <span class=sf-dump-str title=\"1617 characters\">    &lt;li&gt;Larutkan molases, EM4, dan garam dalam air&lt;/li&gt;<span class=\"sf-dump-default sf-dump-ns\">\\r\\n</span></span>
      <span class=sf-dump-str title=\"1617 characters\">    &lt;li&gt;Campurkan semua bahan, siram dengan larutan secara merata&lt;/li&gt;<span class=\"sf-dump-default sf-dump-ns\">\\r\\n</span></span>
      <span class=sf-dump-str title=\"1617 characters\">    &lt;li&gt;Masukkan dalam drum atau kantong plastik, padatkan dan tutup rapat&lt;/li&gt;<span class=\"sf-dump-default sf-dump-ns\">\\r\\n</span></span>
      <span class=sf-dump-str title=\"1617 characters\">    &lt;li&gt;Fermentasi selama 7-14 hari&lt;/li&gt;<span class=\"sf-dump-default sf-dump-ns\">\\r\\n</span></span>
      <span class=sf-dump-str title=\"1617 characters\">    &lt;li&gt;Pakan siap diberikan dengan bau harum khas fermentasi&lt;/li&gt;<span class=\"sf-dump-default sf-dump-ns\">\\r\\n</span></span>
      <span class=sf-dump-str title=\"1617 characters\">&lt;/ol&gt;<span class=\"sf-dump-default sf-dump-ns\">\\r\\n</span></span>
      <span class=sf-dump-str title=\"1617 characters\"><span class=\"sf-dump-default sf-dump-ns\">\\r\\n</span></span>
      <span class=sf-dump-str title=\"1617 characters\">&lt;h3&gt;Keuntungan Pakan Fermentasi&lt;/h3&gt;<span class=\"sf-dump-default sf-dump-ns\">\\r\\n</span></span>
      <span class=sf-dump-str title=\"1617 characters\">&lt;ul&gt;<span class=\"sf-dump-default sf-dump-ns\">\\r\\n</span></span>
      <span class=sf-dump-str title=\"1617 characters\">    &lt;li&gt;Nilai gizi lebih tinggi&lt;/li&gt;<span class=\"sf-dump-default sf-dump-ns\">\\r\\n</span></span>
      <span class=sf-dump-str title=\"1617 characters\">    &lt;li&gt;Mudah dicerna ternak&lt;/li&gt;<span class=\"sf-dump-default sf-dump-ns\">\\r\\n</span></span>
      <span class=sf-dump-str title=\"1617 characters\">    &lt;li&gt;Dapat disimpan lebih lama&lt;/li&gt;<span class=\"sf-dump-default sf-dump-ns\">\\r\\n</span></span>
      <span class=sf-dump-str title=\"1617 characters\">    &lt;li&gt;Menghemat biaya pakan hingga 30-40%&lt;/li&gt;<span class=\"sf-dump-default sf-dump-ns\">\\r\\n</span></span>
      <span class=sf-dump-str title=\"1617 characters\">    &lt;li&gt;Meningkatkan produktivitas ternak&lt;/li&gt;<span class=\"sf-dump-default sf-dump-ns\">\\r\\n</span></span>
      <span class=sf-dump-str title=\"1617 characters\">&lt;/ul&gt;</span>
      \"\"\"
    \"<span class=sf-dump-key>order</span>\" => \"<span class=sf-dump-str>3</span>\"
    \"<span class=sf-dump-key>is_active</span>\" => \"<span class=sf-dump-str>1</span>\"
    \"<span class=sf-dump-key>thumbnail</span>\" => <span class=sf-dump-const>null</span>
    \"<span class=sf-dump-key>duration_minutes</span>\" => \"<span class=sf-dump-str title=\"2 characters\">40</span>\"
    \"<span class=sf-dump-key>created_at</span>\" => \"<span class=sf-dump-str title=\"23 characters\">2025-11-24 10:35:12.073</span>\"
    \"<span class=sf-dump-key>updated_at</span>\" => \"<span class=sf-dump-str title=\"23 characters\">2025-11-24 10:35:12.073</span>\"
  </samp>]
  #<span class=sf-dump-protected title=\"Protected property\">original</span>: <span class=sf-dump-note>array:11</span> [<samp data-depth=2 class=sf-dump-compact>
    \"<span class=sf-dump-key>id</span>\" => \"<span class=sf-dump-str>3</span>\"
    \"<span class=sf-dump-key>title</span>\" => \"<span class=sf-dump-str title=\"23 characters\">Pengolahan Pakan Ternak</span>\"
    \"<span class=sf-dump-key>slug</span>\" => \"<span class=sf-dump-str title=\"23 characters\">pengolahan-pakan-ternak</span>\"
    \"<span class=sf-dump-key>description</span>\" => \"<span class=sf-dump-str title=\"63 characters\">Cara mengolah limbah pertanian menjadi pakan ternak berkualitas</span>\"
    \"<span class=sf-dump-key>content</span>\" => \"\"\"
      <span class=sf-dump-str title=\"1617 characters\">&lt;h2&gt;Pengolahan Limbah Pertanian Menjadi Pakan Ternak&lt;/h2&gt;<span class=\"sf-dump-default sf-dump-ns\">\\r\\n</span></span>
      <span class=sf-dump-str title=\"1617 characters\">&lt;p&gt;Limbah pertanian seperti jerami, tongkol jagung, dan dedak dapat diolah menjadi pakan ternak yang bergizi dan ekonomis.&lt;/p&gt;<span class=\"sf-dump-default sf-dump-ns\">\\r\\n</span></span>
      <span class=sf-dump-str title=\"1617 characters\"><span class=\"sf-dump-default sf-dump-ns\">\\r\\n</span></span>
      <span class=sf-dump-str title=\"1617 characters\">&lt;h3&gt;Jenis Pakan dari Limbah&lt;/h3&gt;<span class=\"sf-dump-default sf-dump-ns\">\\r\\n</span></span>
      <span class=sf-dump-str title=\"1617 characters\">&lt;ul&gt;<span class=\"sf-dump-default sf-dump-ns\">\\r\\n</span></span>
      <span class=sf-dump-str title=\"1617 characters\">    &lt;li&gt;&lt;strong&gt;Silase:&lt;/strong&gt; Fermentasi hijauan pakan dalam kondisi anaerob&lt;/li&gt;<span class=\"sf-dump-default sf-dump-ns\">\\r\\n</span></span>
      <span class=sf-dump-str title=\"1617 characters\">    &lt;li&gt;&lt;strong&gt;Hay:&lt;/strong&gt; Hijauan pakan yang dikeringkan&lt;/li&gt;<span class=\"sf-dump-default sf-dump-ns\">\\r\\n</span></span>
      <span class=sf-dump-str title=\"1617 characters\">    &lt;li&gt;&lt;strong&gt;Pakan Fermentasi:&lt;/strong&gt; Pakan yang difermentasi dengan probiotik&lt;/li&gt;<span class=\"sf-dump-default sf-dump-ns\">\\r\\n</span></span>
      <span class=sf-dump-str title=\"1617 characters\">    &lt;li&gt;&lt;strong&gt;Pakan Konsentrat:&lt;/strong&gt; Campuran limbah dengan nilai gizi tinggi&lt;/li&gt;<span class=\"sf-dump-default sf-dump-ns\">\\r\\n</span></span>
      <span class=sf-dump-str title=\"1617 characters\">&lt;/ul&gt;<span class=\"sf-dump-default sf-dump-ns\">\\r\\n</span></span>
      <span class=sf-dump-str title=\"1617 characters\"><span class=\"sf-dump-default sf-dump-ns\">\\r\\n</span></span>
      <span class=sf-dump-str title=\"1617 characters\">&lt;h3&gt;Pembuatan Pakan Fermentasi&lt;/h3&gt;<span class=\"sf-dump-default sf-dump-ns\">\\r\\n</span></span>
      <span class=sf-dump-str title=\"1617 characters\">&lt;p&gt;&lt;strong&gt;Bahan-bahan:&lt;/strong&gt;&lt;/p&gt;<span class=\"sf-dump-default sf-dump-ns\">\\r\\n</span></span>
      <span class=sf-dump-str title=\"1617 characters\">&lt;ul&gt;<span class=\"sf-dump-default sf-dump-ns\">\\r\\n</span></span>
      <span class=sf-dump-str title=\"1617 characters\">    &lt;li&gt;Jerami padi atau tongkol jagung cacah - 100 kg&lt;/li&gt;<span class=\"sf-dump-default sf-dump-ns\">\\r\\n</span></span>
      <span class=sf-dump-str title=\"1617 characters\">    &lt;li&gt;Dedak halus - 10 kg&lt;/li&gt;<span class=\"sf-dump-default sf-dump-ns\">\\r\\n</span></span>
      <span class=sf-dump-str title=\"1617 characters\">    &lt;li&gt;Molases atau gula merah - 2 kg&lt;/li&gt;<span class=\"sf-dump-default sf-dump-ns\">\\r\\n</span></span>
      <span class=sf-dump-str title=\"1617 characters\">    &lt;li&gt;EM4 atau probiotik - 500 ml&lt;/li&gt;<span class=\"sf-dump-default sf-dump-ns\">\\r\\n</span></span>
      <span class=sf-dump-str title=\"1617 characters\">    &lt;li&gt;Air bersih - 30-40 liter&lt;/li&gt;<span class=\"sf-dump-default sf-dump-ns\">\\r\\n</span></span>
      <span class=sf-dump-str title=\"1617 characters\">    &lt;li&gt;Garam - 200 gram&lt;/li&gt;<span class=\"sf-dump-default sf-dump-ns\">\\r\\n</span></span>
      <span class=sf-dump-str title=\"1617 characters\">&lt;/ul&gt;<span class=\"sf-dump-default sf-dump-ns\">\\r\\n</span></span>
      <span class=sf-dump-str title=\"1617 characters\"><span class=\"sf-dump-default sf-dump-ns\">\\r\\n</span></span>
      <span class=sf-dump-str title=\"1617 characters\">&lt;p&gt;&lt;strong&gt;Cara Pembuatan:&lt;/strong&gt;&lt;/p&gt;<span class=\"sf-dump-default sf-dump-ns\">\\r\\n</span></span>
      <span class=sf-dump-str title=\"1617 characters\">&lt;ol&gt;<span class=\"sf-dump-default sf-dump-ns\">\\r\\n</span></span>
      <span class=sf-dump-str title=\"1617 characters\">    &lt;li&gt;Cacah jerami atau tongkol jagung hingga ukuran 3-5 cm&lt;/li&gt;<span class=\"sf-dump-default sf-dump-ns\">\\r\\n</span></span>
      <span class=sf-dump-str title=\"1617 characters\">    &lt;li&gt;Larutkan molases, EM4, dan garam dalam air&lt;/li&gt;<span class=\"sf-dump-default sf-dump-ns\">\\r\\n</span></span>
      <span class=sf-dump-str title=\"1617 characters\">    &lt;li&gt;Campurkan semua bahan, siram dengan larutan secara merata&lt;/li&gt;<span class=\"sf-dump-default sf-dump-ns\">\\r\\n</span></span>
      <span class=sf-dump-str title=\"1617 characters\">    &lt;li&gt;Masukkan dalam drum atau kantong plastik, padatkan dan tutup rapat&lt;/li&gt;<span class=\"sf-dump-default sf-dump-ns\">\\r\\n</span></span>
      <span class=sf-dump-str title=\"1617 characters\">    &lt;li&gt;Fermentasi selama 7-14 hari&lt;/li&gt;<span class=\"sf-dump-default sf-dump-ns\">\\r\\n</span></span>
      <span class=sf-dump-str title=\"1617 characters\">    &lt;li&gt;Pakan siap diberikan dengan bau harum khas fermentasi&lt;/li&gt;<span class=\"sf-dump-default sf-dump-ns\">\\r\\n</span></span>
      <span class=sf-dump-str title=\"1617 characters\">&lt;/ol&gt;<span class=\"sf-dump-default sf-dump-ns\">\\r\\n</span></span>
      <span class=sf-dump-str title=\"1617 characters\"><span class=\"sf-dump-default sf-dump-ns\">\\r\\n</span></span>
      <span class=sf-dump-str title=\"1617 characters\">&lt;h3&gt;Keuntungan Pakan Fermentasi&lt;/h3&gt;<span class=\"sf-dump-default sf-dump-ns\">\\r\\n</span></span>
      <span class=sf-dump-str title=\"1617 characters\">&lt;ul&gt;<span class=\"sf-dump-default sf-dump-ns\">\\r\\n</span></span>
      <span class=sf-dump-str title=\"1617 characters\">    &lt;li&gt;Nilai gizi lebih tinggi&lt;/li&gt;<span class=\"sf-dump-default sf-dump-ns\">\\r\\n</span></span>
      <span class=sf-dump-str title=\"1617 characters\">    &lt;li&gt;Mudah dicerna ternak&lt;/li&gt;<span class=\"sf-dump-default sf-dump-ns\">\\r\\n</span></span>
      <span class=sf-dump-str title=\"1617 characters\">    &lt;li&gt;Dapat disimpan lebih lama&lt;/li&gt;<span class=\"sf-dump-default sf-dump-ns\">\\r\\n</span></span>
      <span class=sf-dump-str title=\"1617 characters\">    &lt;li&gt;Menghemat biaya pakan hingga 30-40%&lt;/li&gt;<span class=\"sf-dump-default sf-dump-ns\">\\r\\n</span></span>
      <span class=sf-dump-str title=\"1617 characters\">    &lt;li&gt;Meningkatkan produktivitas ternak&lt;/li&gt;<span class=\"sf-dump-default sf-dump-ns\">\\r\\n</span></span>
      <span class=sf-dump-str title=\"1617 characters\">&lt;/ul&gt;</span>
      \"\"\"
    \"<span class=sf-dump-key>order</span>\" => \"<span class=sf-dump-str>3</span>\"
    \"<span class=sf-dump-key>is_active</span>\" => \"<span class=sf-dump-str>1</span>\"
    \"<span class=sf-dump-key>thumbnail</span>\" => <span class=sf-dump-const>null</span>
    \"<span class=sf-dump-key>duration_minutes</span>\" => \"<span class=sf-dump-str title=\"2 characters\">40</span>\"
    \"<span class=sf-dump-key>created_at</span>\" => \"<span class=sf-dump-str title=\"23 characters\">2025-11-24 10:35:12.073</span>\"
    \"<span class=sf-dump-key>updated_at</span>\" => \"<span class=sf-dump-str title=\"23 characters\">2025-11-24 10:35:12.073</span>\"
  </samp>]
  #<span class=sf-dump-protected title=\"Protected property\">changes</span>: []
  #<span class=sf-dump-protected title=\"Protected property\">casts</span>: <span class=sf-dump-note>array:1</span> [<samp data-depth=2 class=sf-dump-compact>
    \"<span class=sf-dump-key>is_active</span>\" => \"<span class=sf-dump-str title=\"7 characters\">boolean</span>\"
  </samp>]
  #<span class=sf-dump-protected title=\"Protected property\">classCastCache</span>: []
  #<span class=sf-dump-protected title=\"Protected property\">attributeCastCache</span>: []
  #<span class=sf-dump-protected title=\"Protected property\">dateFormat</span>: <span class=sf-dump-const>null</span>
  #<span class=sf-dump-protected title=\"Protected property\">appends</span>: []
  #<span class=sf-dump-protected title=\"Protected property\">dispatchesEvents</span>: []
  #<span class=sf-dump-protected title=\"Protected property\">observables</span>: []
  #<span class=sf-dump-protected title=\"Protected property\">relations</span>: []
  #<span class=sf-dump-protected title=\"Protected property\">touches</span>: []
  +<span class=sf-dump-public title=\"Public property\">timestamps</span>: <span class=sf-dump-const>true</span>
  +<span class=sf-dump-public title=\"Public property\">usesUniqueIds</span>: <span class=sf-dump-const>false</span>
  #<span class=sf-dump-protected title=\"Protected property\">hidden</span>: []
  #<span class=sf-dump-protected title=\"Protected property\">visible</span>: []
  #<span class=sf-dump-protected title=\"Protected property\">fillable</span>: <span class=sf-dump-note>array:8</span> [<samp data-depth=2 class=sf-dump-compact>
    <span class=sf-dump-index>0</span> => \"<span class=sf-dump-str title=\"5 characters\">title</span>\"
    <span class=sf-dump-index>1</span> => \"<span class=sf-dump-str title=\"4 characters\">slug</span>\"
    <span class=sf-dump-index>2</span> => \"<span class=sf-dump-str title=\"11 characters\">description</span>\"
    <span class=sf-dump-index>3</span> => \"<span class=sf-dump-str title=\"7 characters\">content</span>\"
    <span class=sf-dump-index>4</span> => \"<span class=sf-dump-str title=\"5 characters\">order</span>\"
    <span class=sf-dump-index>5</span> => \"<span class=sf-dump-str title=\"9 characters\">is_active</span>\"
    <span class=sf-dump-index>6</span> => \"<span class=sf-dump-str title=\"9 characters\">thumbnail</span>\"
    <span class=sf-dump-index>7</span> => \"<span class=sf-dump-str title=\"16 characters\">duration_minutes</span>\"
  </samp>]
  #<span class=sf-dump-protected title=\"Protected property\">guarded</span>: <span class=sf-dump-note>array:1</span> [<samp data-depth=2 class=sf-dump-compact>
    <span class=sf-dump-index>0</span> => \"<span class=sf-dump-str>*</span>\"
  </samp>]
</samp>}
</pre><script>Sfdump(\"sf-dump-1242768761\", {\"maxDepth\":3,\"maxStringLength\":160})</script>
","loop":"<pre class=sf-dump id=sf-dump-861101158 data-indent-pad=\"  \"><span class=sf-dump-const>null</span>
</pre><script>Sfdump(\"sf-dump-861101158\", {\"maxDepth\":3,\"maxStringLength\":160})</script>
","progress":"<pre class=sf-dump id=sf-dump-2018255598 data-indent-pad=\"  \"><span class=sf-dump-const>null</span>
</pre><script>Sfdump(\"sf-dump-2018255598\", {\"maxDepth\":3,\"maxStringLength\":160})</script>
"}},"userId":1,"exception":"[object] (Spatie\\LaravelIgnition\\Exceptions\\ViewException(code: 0): Route [videos.index] not defined. at D:\\ketapang\\Agro Waste\\vendor\\laravel\\framework\\src\\Illuminate\\Routing\\UrlGenerator.php:517)
[stacktrace]
#0 D:\\ketapang\\Agro Waste\\vendor\\laravel\\framework\\src\\Illuminate\\Foundation\\helpers.php(853): Illuminate\\Routing\\UrlGenerator->route('videos.index', Array, true)
#1 D:\\ketapang\\Agro Waste\\resources\\views\\layouts\\app.blade.php(32): route('videos.index')
#2 D:\\ketapang\\Agro Waste\\vendor\\laravel\\framework\\src\\Illuminate\\Filesystem\\Filesystem.php(123): require('D:\\\\ketapang\\\\Agr...')
#3 D:\\ketapang\\Agro Waste\\vendor\\laravel\\framework\\src\\Illuminate\\Filesystem\\Filesystem.php(124): Illuminate\\Filesystem\\Filesystem::Illuminate\\Filesystem\\{closure}()
#4 D:\\ketapang\\Agro Waste\\vendor\\laravel\\framework\\src\\Illuminate\\View\\Engines\\PhpEngine.php(58): Illuminate\\Filesystem\\Filesystem->getRequire('D:\\\\ketapang\\\\Agr...', Array)
#5 D:\\ketapang\\Agro Waste\\vendor\\laravel\\framework\\src\\Illuminate\\View\\Engines\\CompilerEngine.php(75): Illuminate\\View\\Engines\\PhpEngine->evaluatePath('D:\\\\ketapang\\\\Agr...', Array)
#6 D:\\ketapang\\Agro Waste\\vendor\\laravel\\framework\\src\\Illuminate\\View\\View.php(209): Illuminate\\View\\Engines\\CompilerEngine->get('D:\\\\ketapang\\\\Agr...', Array)
#7 D:\\ketapang\\Agro Waste\\vendor\\laravel\\framework\\src\\Illuminate\\View\\View.php(192): Illuminate\\View\\View->getContents()
#8 D:\\ketapang\\Agro Waste\\vendor\\laravel\\framework\\src\\Illuminate\\View\\View.php(161): Illuminate\\View\\View->renderContents()
#9 D:\\ketapang\\Agro Waste\\resources\\views\\home.blade.php(204): Illuminate\\View\\View->render()
#10 D:\\ketapang\\Agro Waste\\vendor\\laravel\\framework\\src\\Illuminate\\Filesystem\\Filesystem.php(123): require('D:\\\\ketapang\\\\Agr...')
#11 D:\\ketapang\\Agro Waste\\vendor\\laravel\\framework\\src\\Illuminate\\Filesystem\\Filesystem.php(124): Illuminate\\Filesystem\\Filesystem::Illuminate\\Filesystem\\{closure}()
#12 D:\\ketapang\\Agro Waste\\vendor\\laravel\\framework\\src\\Illuminate\\View\\Engines\\PhpEngine.php(58): Illuminate\\Filesystem\\Filesystem->getRequire('D:\\\\ketapang\\\\Agr...', Array)
#13 D:\\ketapang\\Agro Waste\\vendor\\laravel\\framework\\src\\Illuminate\\View\\Engines\\CompilerEngine.php(75): Illuminate\\View\\Engines\\PhpEngine->evaluatePath('D:\\\\ketapang\\\\Agr...', Array)
#14 D:\\ketapang\\Agro Waste\\vendor\\laravel\\framework\\src\\Illuminate\\View\\View.php(209): Illuminate\\View\\Engines\\CompilerEngine->get('D:\\\\ketapang\\\\Agr...', Array)
#15 D:\\ketapang\\Agro Waste\\vendor\\laravel\\framework\\src\\Illuminate\\View\\View.php(192): Illuminate\\View\\View->getContents()
#16 D:\\ketapang\\Agro Waste\\vendor\\laravel\\framework\\src\\Illuminate\\View\\View.php(161): Illuminate\\View\\View->renderContents()
#17 D:\\ketapang\\Agro Waste\\vendor\\laravel\\framework\\src\\Illuminate\\Http\\Response.php(79): Illuminate\\View\\View->render()
#18 D:\\ketapang\\Agro Waste\\vendor\\laravel\\framework\\src\\Illuminate\\Http\\Response.php(35): Illuminate\\Http\\Response->setContent(Object(Illuminate\\View\\View))
#19 D:\\ketapang\\Agro Waste\\vendor\\laravel\\framework\\src\\Illuminate\\Routing\\Router.php(920): Illuminate\\Http\\Response->__construct(Object(Illuminate\\View\\View), 200, Array)
#20 D:\\ketapang\\Agro Waste\\vendor\\laravel\\framework\\src\\Illuminate\\Routing\\Router.php(887): Illuminate\\Routing\\Router::toResponse(Object(Illuminate\\Http\\Request), Object(Illuminate\\View\\View))
#21 D:\\ketapang\\Agro Waste\\vendor\\laravel\\framework\\src\\Illuminate\\Routing\\Router.php(807): Illuminate\\Routing\\Router->prepareResponse(Object(Illuminate\\Http\\Request), Object(Illuminate\\View\\View))
#22 D:\\ketapang\\Agro Waste\\vendor\\laravel\\framework\\src\\Illuminate\\Pipeline\\Pipeline.php(170): Illuminate\\Routing\\Router->Illuminate\\Routing\\{closure}(Object(Illuminate\\Http\\Request))
#23 D:\\ketapang\\Agro Waste\\app\\Http\\Middleware\\Authenticate.php(18): Illuminate\\Pipeline\\Pipeline->Illuminate\\Pipeline\\{closure}(Object(Illuminate\\Http\\Request))
#24 D:\\ketapang\\Agro Waste\\vendor\\laravel\\framework\\src\\Illuminate\\Pipeline\\Pipeline.php(209): App\\Http\\Middleware\\Authenticate->handle(Object(Illuminate\\Http\\Request), Object(Closure))
#25 D:\\ketapang\\Agro Waste\\vendor\\laravel\\framework\\src\\Illuminate\\Routing\\Middleware\\SubstituteBindings.php(51): Illuminate\\Pipeline\\Pipeline->Illuminate\\Pipeline\\{closure}(Object(Illuminate\\Http\\Request))
#26 D:\\ketapang\\Agro Waste\\vendor\\laravel\\framework\\src\\Illuminate\\Pipeline\\Pipeline.php(209): Illuminate\\Routing\\Middleware\\SubstituteBindings->handle(Object(Illuminate\\Http\\Request), Object(Closure))
#27 D:\\ketapang\\Agro Waste\\vendor\\laravel\\framework\\src\\Illuminate\\Foundation\\Http\\Middleware\\VerifyCsrfToken.php(88): Illuminate\\Pipeline\\Pipeline->Illuminate\\Pipeline\\{closure}(Object(Illuminate\\Http\\Request))
#28 D:\\ketapang\\Agro Waste\\vendor\\laravel\\framework\\src\\Illuminate\\Pipeline\\Pipeline.php(209): Illuminate\\Foundation\\Http\\Middleware\\VerifyCsrfToken->handle(Object(Illuminate\\Http\\Request), Object(Closure))
#29 D:\\ketapang\\Agro Waste\\vendor\\laravel\\framework\\src\\Illuminate\\View\\Middleware\\ShareErrorsFromSession.php(49): Illuminate\\Pipeline\\Pipeline->Illuminate\\Pipeline\\{closure}(Object(Illuminate\\Http\\Request))
#30 D:\\ketapang\\Agro Waste\\vendor\\laravel\\framework\\src\\Illuminate\\Pipeline\\Pipeline.php(209): Illuminate\\View\\Middleware\\ShareErrorsFromSession->handle(Object(Illuminate\\Http\\Request), Object(Closure))
#31 D:\\ketapang\\Agro Waste\\vendor\\laravel\\framework\\src\\Illuminate\\Session\\Middleware\\StartSession.php(121): Illuminate\\Pipeline\\Pipeline->Illuminate\\Pipeline\\{closure}(Object(Illuminate\\Http\\Request))
#32 D:\\ketapang\\Agro Waste\\vendor\\laravel\\framework\\src\\Illuminate\\Session\\Middleware\\StartSession.php(64): Illuminate\\Session\\Middleware\\StartSession->handleStatefulRequest(Object(Illuminate\\Http\\Request), Object(Illuminate\\Session\\Store), Object(Closure))
#33 D:\\ketapang\\Agro Waste\\vendor\\laravel\\framework\\src\\Illuminate\\Pipeline\\Pipeline.php(209): Illuminate\\Session\\Middleware\\StartSession->handle(Object(Illuminate\\Http\\Request), Object(Closure))
#34 D:\\ketapang\\Agro Waste\\vendor\\laravel\\framework\\src\\Illuminate\\Cookie\\Middleware\\AddQueuedCookiesToResponse.php(37): Illuminate\\Pipeline\\Pipeline->Illuminate\\Pipeline\\{closure}(Object(Illuminate\\Http\\Request))
#35 D:\\ketapang\\Agro Waste\\vendor\\laravel\\framework\\src\\Illuminate\\Pipeline\\Pipeline.php(209): Illuminate\\Cookie\\Middleware\\AddQueuedCookiesToResponse->handle(Object(Illuminate\\Http\\Request), Object(Closure))
#36 D:\\ketapang\\Agro Waste\\vendor\\laravel\\framework\\src\\Illuminate\\Cookie\\Middleware\\EncryptCookies.php(75): Illuminate\\Pipeline\\Pipeline->Illuminate\\Pipeline\\{closure}(Object(Illuminate\\Http\\Request))
#37 D:\\ketapang\\Agro Waste\\vendor\\laravel\\framework\\src\\Illuminate\\Pipeline\\Pipeline.php(209): Illuminate\\Cookie\\Middleware\\EncryptCookies->handle(Object(Illuminate\\Http\\Request), Object(Closure))
#38 D:\\ketapang\\Agro Waste\\vendor\\laravel\\framework\\src\\Illuminate\\Pipeline\\Pipeline.php(127): Illuminate\\Pipeline\\Pipeline->Illuminate\\Pipeline\\{closure}(Object(Illuminate\\Http\\Request))
#39 D:\\ketapang\\Agro Waste\\vendor\\laravel\\framework\\src\\Illuminate\\Routing\\Router.php(807): Illuminate\\Pipeline\\Pipeline->then(Object(Closure))
#40 D:\\ketapang\\Agro Waste\\vendor\\laravel\\framework\\src\\Illuminate\\Routing\\Router.php(786): Illuminate\\Routing\\Router->runRouteWithinStack(Object(Illuminate\\Routing\\Route), Object(Illuminate\\Http\\Request))
#41 D:\\ketapang\\Agro Waste\\vendor\\laravel\\framework\\src\\Illuminate\\Routing\\Router.php(750): Illuminate\\Routing\\Router->runRoute(Object(Illuminate\\Http\\Request), Object(Illuminate\\Routing\\Route))
#42 D:\\ketapang\\Agro Waste\\vendor\\laravel\\framework\\src\\Illuminate\\Routing\\Router.php(739): Illuminate\\Routing\\Router->dispatchToRoute(Object(Illuminate\\Http\\Request))
#43 D:\\ketapang\\Agro Waste\\vendor\\laravel\\framework\\src\\Illuminate\\Foundation\\Http\\Kernel.php(201): Illuminate\\Routing\\Router->dispatch(Object(Illuminate\\Http\\Request))
#44 D:\\ketapang\\Agro Waste\\vendor\\laravel\\framework\\src\\Illuminate\\Pipeline\\Pipeline.php(170): Illuminate\\Foundation\\Http\\Kernel->Illuminate\\Foundation\\Http\\{closure}(Object(Illuminate\\Http\\Request))
#45 D:\\ketapang\\Agro Waste\\vendor\\laravel\\framework\\src\\Illuminate\\Foundation\\Http\\Middleware\\TransformsRequest.php(21): Illuminate\\Pipeline\\Pipeline->Illuminate\\Pipeline\\{closure}(Object(Illuminate\\Http\\Request))
#46 D:\\ketapang\\Agro Waste\\vendor\\laravel\\framework\\src\\Illuminate\\Foundation\\Http\\Middleware\\ConvertEmptyStringsToNull.php(31): Illuminate\\Foundation\\Http\\Middleware\\TransformsRequest->handle(Object(Illuminate\\Http\\Request), Object(Closure))
#47 D:\\ketapang\\Agro Waste\\vendor\\laravel\\framework\\src\\Illuminate\\Pipeline\\Pipeline.php(209): Illuminate\\Foundation\\Http\\Middleware\\ConvertEmptyStringsToNull->handle(Object(Illuminate\\Http\\Request), Object(Closure))
#48 D:\\ketapang\\Agro Waste\\vendor\\laravel\\framework\\src\\Illuminate\\Foundation\\Http\\Middleware\\TransformsRequest.php(21): Illuminate\\Pipeline\\Pipeline->Illuminate\\Pipeline\\{closure}(Object(Illuminate\\Http\\Request))
#49 D:\\ketapang\\Agro Waste\\vendor\\laravel\\framework\\src\\Illuminate\\Foundation\\Http\\Middleware\\TrimStrings.php(51): Illuminate\\Foundation\\Http\\Middleware\\TransformsRequest->handle(Object(Illuminate\\Http\\Request), Object(Closure))
#50 D:\\ketapang\\Agro Waste\\vendor\\laravel\\framework\\src\\Illuminate\\Pipeline\\Pipeline.php(209): Illuminate\\Foundation\\Http\\Middleware\\TrimStrings->handle(Object(Illuminate\\Http\\Request), Object(Closure))
#51 D:\\ketapang\\Agro Waste\\vendor\\laravel\\framework\\src\\Illuminate\\Http\\Middleware\\ValidatePostSize.php(27): Illuminate\\Pipeline\\Pipeline->Illuminate\\Pipeline\\{closure}(Object(Illuminate\\Http\\Request))
#52 D:\\ketapang\\Agro Waste\\vendor\\laravel\\framework\\src\\Illuminate\\Pipeline\\Pipeline.php(209): Illuminate\\Http\\Middleware\\ValidatePostSize->handle(Object(Illuminate\\Http\\Request), Object(Closure))
#53 D:\\ketapang\\Agro Waste\\vendor\\laravel\\framework\\src\\Illuminate\\Foundation\\Http\\Middleware\\PreventRequestsDuringMaintenance.php(110): Illuminate\\Pipeline\\Pipeline->Illuminate\\Pipeline\\{closure}(Object(Illuminate\\Http\\Request))
#54 D:\\ketapang\\Agro Waste\\vendor\\laravel\\framework\\src\\Illuminate\\Pipeline\\Pipeline.php(209): Illuminate\\Foundation\\Http\\Middleware\\PreventRequestsDuringMaintenance->handle(Object(Illuminate\\Http\\Request), Object(Closure))
#55 D:\\ketapang\\Agro Waste\\vendor\\laravel\\framework\\src\\Illuminate\\Http\\Middleware\\HandleCors.php(49): Illuminate\\Pipeline\\Pipeline->Illuminate\\Pipeline\\{closure}(Object(Illuminate\\Http\\Request))
#56 D:\\ketapang\\Agro Waste\\vendor\\laravel\\framework\\src\\Illuminate\\Pipeline\\Pipeline.php(209): Illuminate\\Http\\Middleware\\HandleCors->handle(Object(Illuminate\\Http\\Request), Object(Closure))
#57 D:\\ketapang\\Agro Waste\\vendor\\laravel\\framework\\src\\Illuminate\\Http\\Middleware\\TrustProxies.php(58): Illuminate\\Pipeline\\Pipeline->Illuminate\\Pipeline\\{closure}(Object(Illuminate\\Http\\Request))
#58 D:\\ketapang\\Agro Waste\\vendor\\laravel\\framework\\src\\Illuminate\\Pipeline\\Pipeline.php(209): Illuminate\\Http\\Middleware\\TrustProxies->handle(Object(Illuminate\\Http\\Request), Object(Closure))
#59 D:\\ketapang\\Agro Waste\\vendor\\laravel\\framework\\src\\Illuminate\\Foundation\\Http\\Middleware\\InvokeDeferredCallbacks.php(22): Illuminate\\Pipeline\\Pipeline->Illuminate\\Pipeline\\{closure}(Object(Illuminate\\Http\\Request))
#60 D:\\ketapang\\Agro Waste\\vendor\\laravel\\framework\\src\\Illuminate\\Pipeline\\Pipeline.php(209): Illuminate\\Foundation\\Http\\Middleware\\InvokeDeferredCallbacks->handle(Object(Illuminate\\Http\\Request), Object(Closure))
#61 D:\\ketapang\\Agro Waste\\vendor\\laravel\\framework\\src\\Illuminate\\Pipeline\\Pipeline.php(127): Illuminate\\Pipeline\\Pipeline->Illuminate\\Pipeline\\{closure}(Object(Illuminate\\Http\\Request))
#62 D:\\ketapang\\Agro Waste\\vendor\\laravel\\framework\\src\\Illuminate\\Foundation\\Http\\Kernel.php(176): Illuminate\\Pipeline\\Pipeline->then(Object(Closure))
#63 D:\\ketapang\\Agro Waste\\vendor\\laravel\\framework\\src\\Illuminate\\Foundation\\Http\\Kernel.php(145): Illuminate\\Foundation\\Http\\Kernel->sendRequestThroughRouter(Object(Illuminate\\Http\\Request))
#64 D:\\ketapang\\Agro Waste\\vendor\\laravel\\framework\\src\\Illuminate\\Foundation\\Application.php(1220): Illuminate\\Foundation\\Http\\Kernel->handle(Object(Illuminate\\Http\\Request))
#65 D:\\ketapang\\Agro Waste\\public\\index.php(17): Illuminate\\Foundation\\Application->handleRequest(Object(Illuminate\\Http\\Request))
#66 D:\\ketapang\\Agro Waste\\vendor\\laravel\\framework\\src\\Illuminate\\Foundation\\resources\\server.php(23): require_once('D:\\\\ketapang\\\\Agr...')
#67 {main}

[previous exception] [object] (Symfony\\Component\\Routing\\Exception\\RouteNotFoundException(code: 0): Route [videos.index] not defined. at D:\\ketapang\\Agro Waste\\vendor\\laravel\\framework\\src\\Illuminate\\Routing\\UrlGenerator.php:517)
[stacktrace]
#0 D:\\ketapang\\Agro Waste\\vendor\\laravel\\framework\\src\\Illuminate\\Foundation\\helpers.php(853): Illuminate\\Routing\\UrlGenerator->route('videos.index', Array, true)
#1 D:\\ketapang\\Agro Waste\\storage\\framework\\views\\269a390c3b7ffd044e4a69226b6f101f.php(32): route('videos.index')
#2 D:\\ketapang\\Agro Waste\\vendor\\laravel\\framework\\src\\Illuminate\\Filesystem\\Filesystem.php(123): require('D:\\\\ketapang\\\\Agr...')
#3 D:\\ketapang\\Agro Waste\\vendor\\laravel\\framework\\src\\Illuminate\\Filesystem\\Filesystem.php(124): Illuminate\\Filesystem\\Filesystem::Illuminate\\Filesystem\\{closure}()
#4 D:\\ketapang\\Agro Waste\\vendor\\laravel\\framework\\src\\Illuminate\\View\\Engines\\PhpEngine.php(58): Illuminate\\Filesystem\\Filesystem->getRequire('D:\\\\ketapang\\\\Agr...', Array)
#5 D:\\ketapang\\Agro Waste\\vendor\\laravel\\framework\\src\\Illuminate\\View\\Engines\\CompilerEngine.php(75): Illuminate\\View\\Engines\\PhpEngine->evaluatePath('D:\\\\ketapang\\\\Agr...', Array)
#6 D:\\ketapang\\Agro Waste\\vendor\\laravel\\framework\\src\\Illuminate\\View\\View.php(209): Illuminate\\View\\Engines\\CompilerEngine->get('D:\\\\ketapang\\\\Agr...', Array)
#7 D:\\ketapang\\Agro Waste\\vendor\\laravel\\framework\\src\\Illuminate\\View\\View.php(192): Illuminate\\View\\View->getContents()
#8 D:\\ketapang\\Agro Waste\\vendor\\laravel\\framework\\src\\Illuminate\\View\\View.php(161): Illuminate\\View\\View->renderContents()
#9 D:\\ketapang\\Agro Waste\\storage\\framework\\views\\eed27d20a935b7d4b7b20b82c6de4835.php(209): Illuminate\\View\\View->render()
#10 D:\\ketapang\\Agro Waste\\vendor\\laravel\\framework\\src\\Illuminate\\Filesystem\\Filesystem.php(123): require('D:\\\\ketapang\\\\Agr...')
#11 D:\\ketapang\\Agro Waste\\vendor\\laravel\\framework\\src\\Illuminate\\Filesystem\\Filesystem.php(124): Illuminate\\Filesystem\\Filesystem::Illuminate\\Filesystem\\{closure}()
#12 D:\\ketapang\\Agro Waste\\vendor\\laravel\\framework\\src\\Illuminate\\View\\Engines\\PhpEngine.php(58): Illuminate\\Filesystem\\Filesystem->getRequire('D:\\\\ketapang\\\\Agr...', Array)
#13 D:\\ketapang\\Agro Waste\\vendor\\laravel\\framework\\src\\Illuminate\\View\\Engines\\CompilerEngine.php(75): Illuminate\\View\\Engines\\PhpEngine->evaluatePath('D:\\\\ketapang\\\\Agr...', Array)
#14 D:\\ketapang\\Agro Waste\\vendor\\laravel\\framework\\src\\Illuminate\\View\\View.php(209): Illuminate\\View\\Engines\\CompilerEngine->get('D:\\\\ketapang\\\\Agr...', Array)
#15 D:\\ketapang\\Agro Waste\\vendor\\laravel\\framework\\src\\Illuminate\\View\\View.php(192): Illuminate\\View\\View->getContents()
#16 D:\\ketapang\\Agro Waste\\vendor\\laravel\\framework\\src\\Illuminate\\View\\View.php(161): Illuminate\\View\\View->renderContents()
#17 D:\\ketapang\\Agro Waste\\vendor\\laravel\\framework\\src\\Illuminate\\Http\\Response.php(79): Illuminate\\View\\View->render()
#18 D:\\ketapang\\Agro Waste\\vendor\\laravel\\framework\\src\\Illuminate\\Http\\Response.php(35): Illuminate\\Http\\Response->setContent(Object(Illuminate\\View\\View))
#19 D:\\ketapang\\Agro Waste\\vendor\\laravel\\framework\\src\\Illuminate\\Routing\\Router.php(920): Illuminate\\Http\\Response->__construct(Object(Illuminate\\View\\View), 200, Array)
#20 D:\\ketapang\\Agro Waste\\vendor\\laravel\\framework\\src\\Illuminate\\Routing\\Router.php(887): Illuminate\\Routing\\Router::toResponse(Object(Illuminate\\Http\\Request), Object(Illuminate\\View\\View))
#21 D:\\ketapang\\Agro Waste\\vendor\\laravel\\framework\\src\\Illuminate\\Routing\\Router.php(807): Illuminate\\Routing\\Router->prepareResponse(Object(Illuminate\\Http\\Request), Object(Illuminate\\View\\View))
#22 D:\\ketapang\\Agro Waste\\vendor\\laravel\\framework\\src\\Illuminate\\Pipeline\\Pipeline.php(170): Illuminate\\Routing\\Router->Illuminate\\Routing\\{closure}(Object(Illuminate\\Http\\Request))
#23 D:\\ketapang\\Agro Waste\\app\\Http\\Middleware\\Authenticate.php(18): Illuminate\\Pipeline\\Pipeline->Illuminate\\Pipeline\\{closure}(Object(Illuminate\\Http\\Request))
#24 D:\\ketapang\\Agro Waste\\vendor\\laravel\\framework\\src\\Illuminate\\Pipeline\\Pipeline.php(209): App\\Http\\Middleware\\Authenticate->handle(Object(Illuminate\\Http\\Request), Object(Closure))
#25 D:\\ketapang\\Agro Waste\\vendor\\laravel\\framework\\src\\Illuminate\\Routing\\Middleware\\SubstituteBindings.php(51): Illuminate\\Pipeline\\Pipeline->Illuminate\\Pipeline\\{closure}(Object(Illuminate\\Http\\Request))
#26 D:\\ketapang\\Agro Waste\\vendor\\laravel\\framework\\src\\Illuminate\\Pipeline\\Pipeline.php(209): Illuminate\\Routing\\Middleware\\SubstituteBindings->handle(Object(Illuminate\\Http\\Request), Object(Closure))
#27 D:\\ketapang\\Agro Waste\\vendor\\laravel\\framework\\src\\Illuminate\\Foundation\\Http\\Middleware\\VerifyCsrfToken.php(88): Illuminate\\Pipeline\\Pipeline->Illuminate\\Pipeline\\{closure}(Object(Illuminate\\Http\\Request))
#28 D:\\ketapang\\Agro Waste\\vendor\\laravel\\framework\\src\\Illuminate\\Pipeline\\Pipeline.php(209): Illuminate\\Foundation\\Http\\Middleware\\VerifyCsrfToken->handle(Object(Illuminate\\Http\\Request), Object(Closure))
#29 D:\\ketapang\\Agro Waste\\vendor\\laravel\\framework\\src\\Illuminate\\View\\Middleware\\ShareErrorsFromSession.php(49): Illuminate\\Pipeline\\Pipeline->Illuminate\\Pipeline\\{closure}(Object(Illuminate\\Http\\Request))
#30 D:\\ketapang\\Agro Waste\\vendor\\laravel\\framework\\src\\Illuminate\\Pipeline\\Pipeline.php(209): Illuminate\\View\\Middleware\\ShareErrorsFromSession->handle(Object(Illuminate\\Http\\Request), Object(Closure))
#31 D:\\ketapang\\Agro Waste\\vendor\\laravel\\framework\\src\\Illuminate\\Session\\Middleware\\StartSession.php(121): Illuminate\\Pipeline\\Pipeline->Illuminate\\Pipeline\\{closure}(Object(Illuminate\\Http\\Request))
#32 D:\\ketapang\\Agro Waste\\vendor\\laravel\\framework\\src\\Illuminate\\Session\\Middleware\\StartSession.php(64): Illuminate\\Session\\Middleware\\StartSession->handleStatefulRequest(Object(Illuminate\\Http\\Request), Object(Illuminate\\Session\\Store), Object(Closure))
#33 D:\\ketapang\\Agro Waste\\vendor\\laravel\\framework\\src\\Illuminate\\Pipeline\\Pipeline.php(209): Illuminate\\Session\\Middleware\\StartSession->handle(Object(Illuminate\\Http\\Request), Object(Closure))
#34 D:\\ketapang\\Agro Waste\\vendor\\laravel\\framework\\src\\Illuminate\\Cookie\\Middleware\\AddQueuedCookiesToResponse.php(37): Illuminate\\Pipeline\\Pipeline->Illuminate\\Pipeline\\{closure}(Object(Illuminate\\Http\\Request))
#35 D:\\ketapang\\Agro Waste\\vendor\\laravel\\framework\\src\\Illuminate\\Pipeline\\Pipeline.php(209): Illuminate\\Cookie\\Middleware\\AddQueuedCookiesToResponse->handle(Object(Illuminate\\Http\\Request), Object(Closure))
#36 D:\\ketapang\\Agro Waste\\vendor\\laravel\\framework\\src\\Illuminate\\Cookie\\Middleware\\EncryptCookies.php(75): Illuminate\\Pipeline\\Pipeline->Illuminate\\Pipeline\\{closure}(Object(Illuminate\\Http\\Request))
#37 D:\\ketapang\\Agro Waste\\vendor\\laravel\\framework\\src\\Illuminate\\Pipeline\\Pipeline.php(209): Illuminate\\Cookie\\Middleware\\EncryptCookies->handle(Object(Illuminate\\Http\\Request), Object(Closure))
#38 D:\\ketapang\\Agro Waste\\vendor\\laravel\\framework\\src\\Illuminate\\Pipeline\\Pipeline.php(127): Illuminate\\Pipeline\\Pipeline->Illuminate\\Pipeline\\{closure}(Object(Illuminate\\Http\\Request))
#39 D:\\ketapang\\Agro Waste\\vendor\\laravel\\framework\\src\\Illuminate\\Routing\\Router.php(807): Illuminate\\Pipeline\\Pipeline->then(Object(Closure))
#40 D:\\ketapang\\Agro Waste\\vendor\\laravel\\framework\\src\\Illuminate\\Routing\\Router.php(786): Illuminate\\Routing\\Router->runRouteWithinStack(Object(Illuminate\\Routing\\Route), Object(Illuminate\\Http\\Request))
#41 D:\\ketapang\\Agro Waste\\vendor\\laravel\\framework\\src\\Illuminate\\Routing\\Router.php(750): Illuminate\\Routing\\Router->runRoute(Object(Illuminate\\Http\\Request), Object(Illuminate\\Routing\\Route))
#42 D:\\ketapang\\Agro Waste\\vendor\\laravel\\framework\\src\\Illuminate\\Routing\\Router.php(739): Illuminate\\Routing\\Router->dispatchToRoute(Object(Illuminate\\Http\\Request))
#43 D:\\ketapang\\Agro Waste\\vendor\\laravel\\framework\\src\\Illuminate\\Foundation\\Http\\Kernel.php(201): Illuminate\\Routing\\Router->dispatch(Object(Illuminate\\Http\\Request))
#44 D:\\ketapang\\Agro Waste\\vendor\\laravel\\framework\\src\\Illuminate\\Pipeline\\Pipeline.php(170): Illuminate\\Foundation\\Http\\Kernel->Illuminate\\Foundation\\Http\\{closure}(Object(Illuminate\\Http\\Request))
#45 D:\\ketapang\\Agro Waste\\vendor\\laravel\\framework\\src\\Illuminate\\Foundation\\Http\\Middleware\\TransformsRequest.php(21): Illuminate\\Pipeline\\Pipeline->Illuminate\\Pipeline\\{closure}(Object(Illuminate\\Http\\Request))
#46 D:\\ketapang\\Agro Waste\\vendor\\laravel\\framework\\src\\Illuminate\\Foundation\\Http\\Middleware\\ConvertEmptyStringsToNull.php(31): Illuminate\\Foundation\\Http\\Middleware\\TransformsRequest->handle(Object(Illuminate\\Http\\Request), Object(Closure))
#47 D:\\ketapang\\Agro Waste\\vendor\\laravel\\framework\\src\\Illuminate\\Pipeline\\Pipeline.php(209): Illuminate\\Foundation\\Http\\Middleware\\ConvertEmptyStringsToNull->handle(Object(Illuminate\\Http\\Request), Object(Closure))
#48 D:\\ketapang\\Agro Waste\\vendor\\laravel\\framework\\src\\Illuminate\\Foundation\\Http\\Middleware\\TransformsRequest.php(21): Illuminate\\Pipeline\\Pipeline->Illuminate\\Pipeline\\{closure}(Object(Illuminate\\Http\\Request))
#49 D:\\ketapang\\Agro Waste\\vendor\\laravel\\framework\\src\\Illuminate\\Foundation\\Http\\Middleware\\TrimStrings.php(51): Illuminate\\Foundation\\Http\\Middleware\\TransformsRequest->handle(Object(Illuminate\\Http\\Request), Object(Closure))
#50 D:\\ketapang\\Agro Waste\\vendor\\laravel\\framework\\src\\Illuminate\\Pipeline\\Pipeline.php(209): Illuminate\\Foundation\\Http\\Middleware\\TrimStrings->handle(Object(Illuminate\\Http\\Request), Object(Closure))
#51 D:\\ketapang\\Agro Waste\\vendor\\laravel\\framework\\src\\Illuminate\\Http\\Middleware\\ValidatePostSize.php(27): Illuminate\\Pipeline\\Pipeline->Illuminate\\Pipeline\\{closure}(Object(Illuminate\\Http\\Request))
#52 D:\\ketapang\\Agro Waste\\vendor\\laravel\\framework\\src\\Illuminate\\Pipeline\\Pipeline.php(209): Illuminate\\Http\\Middleware\\ValidatePostSize->handle(Object(Illuminate\\Http\\Request), Object(Closure))
#53 D:\\ketapang\\Agro Waste\\vendor\\laravel\\framework\\src\\Illuminate\\Foundation\\Http\\Middleware\\PreventRequestsDuringMaintenance.php(110): Illuminate\\Pipeline\\Pipeline->Illuminate\\Pipeline\\{closure}(Object(Illuminate\\Http\\Request))
#54 D:\\ketapang\\Agro Waste\\vendor\\laravel\\framework\\src\\Illuminate\\Pipeline\\Pipeline.php(209): Illuminate\\Foundation\\Http\\Middleware\\PreventRequestsDuringMaintenance->handle(Object(Illuminate\\Http\\Request), Object(Closure))
#55 D:\\ketapang\\Agro Waste\\vendor\\laravel\\framework\\src\\Illuminate\\Http\\Middleware\\HandleCors.php(49): Illuminate\\Pipeline\\Pipeline->Illuminate\\Pipeline\\{closure}(Object(Illuminate\\Http\\Request))
#56 D:\\ketapang\\Agro Waste\\vendor\\laravel\\framework\\src\\Illuminate\\Pipeline\\Pipeline.php(209): Illuminate\\Http\\Middleware\\HandleCors->handle(Object(Illuminate\\Http\\Request), Object(Closure))
#57 D:\\ketapang\\Agro Waste\\vendor\\laravel\\framework\\src\\Illuminate\\Http\\Middleware\\TrustProxies.php(58): Illuminate\\Pipeline\\Pipeline->Illuminate\\Pipeline\\{closure}(Object(Illuminate\\Http\\Request))
#58 D:\\ketapang\\Agro Waste\\vendor\\laravel\\framework\\src\\Illuminate\\Pipeline\\Pipeline.php(209): Illuminate\\Http\\Middleware\\TrustProxies->handle(Object(Illuminate\\Http\\Request), Object(Closure))
#59 D:\\ketapang\\Agro Waste\\vendor\\laravel\\framework\\src\\Illuminate\\Foundation\\Http\\Middleware\\InvokeDeferredCallbacks.php(22): Illuminate\\Pipeline\\Pipeline->Illuminate\\Pipeline\\{closure}(Object(Illuminate\\Http\\Request))
#60 D:\\ketapang\\Agro Waste\\vendor\\laravel\\framework\\src\\Illuminate\\Pipeline\\Pipeline.php(209): Illuminate\\Foundation\\Http\\Middleware\\InvokeDeferredCallbacks->handle(Object(Illuminate\\Http\\Request), Object(Closure))
#61 D:\\ketapang\\Agro Waste\\vendor\\laravel\\framework\\src\\Illuminate\\Pipeline\\Pipeline.php(127): Illuminate\\Pipeline\\Pipeline->Illuminate\\Pipeline\\{closure}(Object(Illuminate\\Http\\Request))
#62 D:\\ketapang\\Agro Waste\\vendor\\laravel\\framework\\src\\Illuminate\\Foundation\\Http\\Kernel.php(176): Illuminate\\Pipeline\\Pipeline->then(Object(Closure))
#63 D:\\ketapang\\Agro Waste\\vendor\\laravel\\framework\\src\\Illuminate\\Foundation\\Http\\Kernel.php(145): Illuminate\\Foundation\\Http\\Kernel->sendRequestThroughRouter(Object(Illuminate\\Http\\Request))
#64 D:\\ketapang\\Agro Waste\\vendor\\laravel\\framework\\src\\Illuminate\\Foundation\\Application.php(1220): Illuminate\\Foundation\\Http\\Kernel->handle(Object(Illuminate\\Http\\Request))
#65 D:\\ketapang\\Agro Waste\\public\\index.php(17): Illuminate\\Foundation\\Application->handleRequest(Object(Illuminate\\Http\\Request))
#66 D:\\ketapang\\Agro Waste\\vendor\\laravel\\framework\\src\\Illuminate\\Foundation\\resources\\server.php(23): require_once('D:\\\\ketapang\\\\Agr...')
#67 {main}
"} 
[2025-11-24 11:56:36] local.ERROR: Route [videos.index] not defined. {"view":{"view":"D:\\ketapang\\Agro Waste\\resources\\views\\layouts\\app.blade.php","data":{"errors":"<pre class=sf-dump id=sf-dump-1986249666 data-indent-pad=\"  \"><span class=sf-dump-note>Illuminate\\Support\\ViewErrorBag</span> {<a class=sf-dump-ref>#323</a><samp data-depth=1 class=sf-dump-expanded>
  #<span class=sf-dump-protected title=\"Protected property\">bags</span>: []
</samp>}
</pre><script>Sfdump(\"sf-dump-1986249666\", {\"maxDepth\":3,\"maxStringLength\":160})</script>
","totalModules":"<pre class=sf-dump id=sf-dump-1045631046 data-indent-pad=\"  \"><span class=sf-dump-num>3</span>
</pre><script>Sfdump(\"sf-dump-1045631046\", {\"maxDepth\":3,\"maxStringLength\":160})</script>
","completedModules":"<pre class=sf-dump id=sf-dump-944357045 data-indent-pad=\"  \"><span class=sf-dump-num>0</span>
</pre><script>Sfdump(\"sf-dump-944357045\", {\"maxDepth\":3,\"maxStringLength\":160})</script>
","modules":"<pre class=sf-dump id=sf-dump-1904357360 data-indent-pad=\"  \"><span class=sf-dump-note>Illuminate\\Database\\Eloquent\\Collection</span> {<a class=sf-dump-ref>#1060</a><samp data-depth=1 class=sf-dump-expanded>
  #<span class=sf-dump-protected title=\"Protected property\">items</span>: <span class=sf-dump-note>array:3</span> [<samp data-depth=2 class=sf-dump-compact>
    <span class=sf-dump-index>0</span> => <span class=\"sf-dump-note sf-dump-ellipsization\" title=\"App\\Models\\Module
\"><span class=\"sf-dump-ellipsis sf-dump-ellipsis-note\">App\\Models</span><span class=\"sf-dump-ellipsis sf-dump-ellipsis-note\">\\</span><span class=\"sf-dump-ellipsis-tail\">Module</span></span> {<a class=sf-dump-ref>#1061</a><samp data-depth=3 class=sf-dump-compact>
      #<span class=sf-dump-protected title=\"Protected property\">connection</span>: \"<span class=sf-dump-str title=\"6 characters\">sqlsrv</span>\"
      #<span class=sf-dump-protected title=\"Protected property\">table</span>: \"<span class=sf-dump-str title=\"7 characters\">modules</span>\"
      #<span class=sf-dump-protected title=\"Protected property\">primaryKey</span>: \"<span class=sf-dump-str title=\"2 characters\">id</span>\"
      #<span class=sf-dump-protected title=\"Protected property\">keyType</span>: \"<span class=sf-dump-str title=\"3 characters\">int</span>\"
      +<span class=sf-dump-public title=\"Public property\">incrementing</span>: <span class=sf-dump-const>true</span>
      #<span class=sf-dump-protected title=\"Protected property\">with</span>: []
      #<span class=sf-dump-protected title=\"Protected property\">withCount</span>: []
      +<span class=sf-dump-public title=\"Public property\">preventsLazyLoading</span>: <span class=sf-dump-const>false</span>
      #<span class=sf-dump-protected title=\"Protected property\">perPage</span>: <span class=sf-dump-num>15</span>
      +<span class=sf-dump-public title=\"Public property\">exists</span>: <span class=sf-dump-const>true</span>
      +<span class=sf-dump-public title=\"Public property\">wasRecentlyCreated</span>: <span class=sf-dump-const>false</span>
      #<span class=sf-dump-protected title=\"Protected property\">escapeWhenCastingToString</span>: <span class=sf-dump-const>false</span>
      #<span class=sf-dump-protected title=\"Protected property\">attributes</span>: <span class=sf-dump-note>array:11</span> [ &#8230;11]
      #<span class=sf-dump-protected title=\"Protected property\">original</span>: <span class=sf-dump-note>array:11</span> [ &#8230;11]
      #<span class=sf-dump-protected title=\"Protected property\">changes</span>: []
      #<span class=sf-dump-protected title=\"Protected property\">casts</span>: <span class=sf-dump-note>array:1</span> [ &#8230;1]
      #<span class=sf-dump-protected title=\"Protected property\">classCastCache</span>: []
      #<span class=sf-dump-protected title=\"Protected property\">attributeCastCache</span>: []
      #<span class=sf-dump-protected title=\"Protected property\">dateFormat</span>: <span class=sf-dump-const>null</span>
      #<span class=sf-dump-protected title=\"Protected property\">appends</span>: []
      #<span class=sf-dump-protected title=\"Protected property\">dispatchesEvents</span>: []
      #<span class=sf-dump-protected title=\"Protected property\">observables</span>: []
      #<span class=sf-dump-protected title=\"Protected property\">relations</span>: []
      #<span class=sf-dump-protected title=\"Protected property\">touches</span>: []
      +<span class=sf-dump-public title=\"Public property\">timestamps</span>: <span class=sf-dump-const>true</span>
      +<span class=sf-dump-public title=\"Public property\">usesUniqueIds</span>: <span class=sf-dump-const>false</span>
      #<span class=sf-dump-protected title=\"Protected property\">hidden</span>: []
      #<span class=sf-dump-protected title=\"Protected property\">visible</span>: []
      #<span class=sf-dump-protected title=\"Protected property\">fillable</span>: <span class=sf-dump-note>array:8</span> [ &#8230;8]
      #<span class=sf-dump-protected title=\"Protected property\">guarded</span>: <span class=sf-dump-note>array:1</span> [ &#8230;1]
    </samp>}
    <span class=sf-dump-index>1</span> => <span class=\"sf-dump-note sf-dump-ellipsization\" title=\"App\\Models\\Module
\"><span class=\"sf-dump-ellipsis sf-dump-ellipsis-note\">App\\Models</span><span class=\"sf-dump-ellipsis sf-dump-ellipsis-note\">\\</span><span class=\"sf-dump-ellipsis-tail\">Module</span></span> {<a class=sf-dump-ref>#1059</a><samp data-depth=3 class=sf-dump-compact>
      #<span class=sf-dump-protected title=\"Protected property\">connection</span>: \"<span class=sf-dump-str title=\"6 characters\">sqlsrv</span>\"
      #<span class=sf-dump-protected title=\"Protected property\">table</span>: \"<span class=sf-dump-str title=\"7 characters\">modules</span>\"
      #<span class=sf-dump-protected title=\"Protected property\">primaryKey</span>: \"<span class=sf-dump-str title=\"2 characters\">id</span>\"
      #<span class=sf-dump-protected title=\"Protected property\">keyType</span>: \"<span class=sf-dump-str title=\"3 characters\">int</span>\"
      +<span class=sf-dump-public title=\"Public property\">incrementing</span>: <span class=sf-dump-const>true</span>
      #<span class=sf-dump-protected title=\"Protected property\">with</span>: []
      #<span class=sf-dump-protected title=\"Protected property\">withCount</span>: []
      +<span class=sf-dump-public title=\"Public property\">preventsLazyLoading</span>: <span class=sf-dump-const>false</span>
      #<span class=sf-dump-protected title=\"Protected property\">perPage</span>: <span class=sf-dump-num>15</span>
      +<span class=sf-dump-public title=\"Public property\">exists</span>: <span class=sf-dump-const>true</span>
      +<span class=sf-dump-public title=\"Public property\">wasRecentlyCreated</span>: <span class=sf-dump-const>false</span>
      #<span class=sf-dump-protected title=\"Protected property\">escapeWhenCastingToString</span>: <span class=sf-dump-const>false</span>
      #<span class=sf-dump-protected title=\"Protected property\">attributes</span>: <span class=sf-dump-note>array:11</span> [ &#8230;11]
      #<span class=sf-dump-protected title=\"Protected property\">original</span>: <span class=sf-dump-note>array:11</span> [ &#8230;11]
      #<span class=sf-dump-protected title=\"Protected property\">changes</span>: []
      #<span class=sf-dump-protected title=\"Protected property\">casts</span>: <span class=sf-dump-note>array:1</span> [ &#8230;1]
      #<span class=sf-dump-protected title=\"Protected property\">classCastCache</span>: []
      #<span class=sf-dump-protected title=\"Protected property\">attributeCastCache</span>: []
      #<span class=sf-dump-protected title=\"Protected property\">dateFormat</span>: <span class=sf-dump-const>null</span>
      #<span class=sf-dump-protected title=\"Protected property\">appends</span>: []
      #<span class=sf-dump-protected title=\"Protected property\">dispatchesEvents</span>: []
      #<span class=sf-dump-protected title=\"Protected property\">observables</span>: []
      #<span class=sf-dump-protected title=\"Protected property\">relations</span>: []
      #<span class=sf-dump-protected title=\"Protected property\">touches</span>: []
      +<span class=sf-dump-public title=\"Public property\">timestamps</span>: <span class=sf-dump-const>true</span>
      +<span class=sf-dump-public title=\"Public property\">usesUniqueIds</span>: <span class=sf-dump-const>false</span>
      #<span class=sf-dump-protected title=\"Protected property\">hidden</span>: []
      #<span class=sf-dump-protected title=\"Protected property\">visible</span>: []
      #<span class=sf-dump-protected title=\"Protected property\">fillable</span>: <span class=sf-dump-note>array:8</span> [ &#8230;8]
      #<span class=sf-dump-protected title=\"Protected property\">guarded</span>: <span class=sf-dump-note>array:1</span> [ &#8230;1]
    </samp>}
    <span class=sf-dump-index>2</span> => <span class=\"sf-dump-note sf-dump-ellipsization\" title=\"App\\Models\\Module
\"><span class=\"sf-dump-ellipsis sf-dump-ellipsis-note\">App\\Models</span><span class=\"sf-dump-ellipsis sf-dump-ellipsis-note\">\\</span><span class=\"sf-dump-ellipsis-tail\">Module</span></span> {<a class=sf-dump-ref>#1063</a><samp data-depth=3 class=sf-dump-compact>
      #<span class=sf-dump-protected title=\"Protected property\">connection</span>: \"<span class=sf-dump-str title=\"6 characters\">sqlsrv</span>\"
      #<span class=sf-dump-protected title=\"Protected property\">table</span>: \"<span class=sf-dump-str title=\"7 characters\">modules</span>\"
      #<span class=sf-dump-protected title=\"Protected property\">primaryKey</span>: \"<span class=sf-dump-str title=\"2 characters\">id</span>\"
      #<span class=sf-dump-protected title=\"Protected property\">keyType</span>: \"<span class=sf-dump-str title=\"3 characters\">int</span>\"
      +<span class=sf-dump-public title=\"Public property\">incrementing</span>: <span class=sf-dump-const>true</span>
      #<span class=sf-dump-protected title=\"Protected property\">with</span>: []
      #<span class=sf-dump-protected title=\"Protected property\">withCount</span>: []
      +<span class=sf-dump-public title=\"Public property\">preventsLazyLoading</span>: <span class=sf-dump-const>false</span>
      #<span class=sf-dump-protected title=\"Protected property\">perPage</span>: <span class=sf-dump-num>15</span>
      +<span class=sf-dump-public title=\"Public property\">exists</span>: <span class=sf-dump-const>true</span>
      +<span class=sf-dump-public title=\"Public property\">wasRecentlyCreated</span>: <span class=sf-dump-const>false</span>
      #<span class=sf-dump-protected title=\"Protected property\">escapeWhenCastingToString</span>: <span class=sf-dump-const>false</span>
      #<span class=sf-dump-protected title=\"Protected property\">attributes</span>: <span class=sf-dump-note>array:11</span> [ &#8230;11]
      #<span class=sf-dump-protected title=\"Protected property\">original</span>: <span class=sf-dump-note>array:11</span> [ &#8230;11]
      #<span class=sf-dump-protected title=\"Protected property\">changes</span>: []
      #<span class=sf-dump-protected title=\"Protected property\">casts</span>: <span class=sf-dump-note>array:1</span> [ &#8230;1]
      #<span class=sf-dump-protected title=\"Protected property\">classCastCache</span>: []
      #<span class=sf-dump-protected title=\"Protected property\">attributeCastCache</span>: []
      #<span class=sf-dump-protected title=\"Protected property\">dateFormat</span>: <span class=sf-dump-const>null</span>
      #<span class=sf-dump-protected title=\"Protected property\">appends</span>: []
      #<span class=sf-dump-protected title=\"Protected property\">dispatchesEvents</span>: []
      #<span class=sf-dump-protected title=\"Protected property\">observables</span>: []
      #<span class=sf-dump-protected title=\"Protected property\">relations</span>: []
      #<span class=sf-dump-protected title=\"Protected property\">touches</span>: []
      +<span class=sf-dump-public title=\"Public property\">timestamps</span>: <span class=sf-dump-const>true</span>
      +<span class=sf-dump-public title=\"Public property\">usesUniqueIds</span>: <span class=sf-dump-const>false</span>
      #<span class=sf-dump-protected title=\"Protected property\">hidden</span>: []
      #<span class=sf-dump-protected title=\"Protected property\">visible</span>: []
      #<span class=sf-dump-protected title=\"Protected property\">fillable</span>: <span class=sf-dump-note>array:8</span> [ &#8230;8]
      #<span class=sf-dump-protected title=\"Protected property\">guarded</span>: <span class=sf-dump-note>array:1</span> [ &#8230;1]
    </samp>}
  </samp>]
  #<span class=sf-dump-protected title=\"Protected property\">escapeWhenCastingToString</span>: <span class=sf-dump-const>false</span>
</samp>}
</pre><script>Sfdump(\"sf-dump-1904357360\", {\"maxDepth\":3,\"maxStringLength\":160})</script>
","userProgress":"<pre class=sf-dump id=sf-dump-1277733732 data-indent-pad=\"  \"><span class=sf-dump-note>Illuminate\\Database\\Eloquent\\Collection</span> {<a class=sf-dump-ref>#1043</a><samp data-depth=1 class=sf-dump-expanded>
  #<span class=sf-dump-protected title=\"Protected property\">items</span>: []
  #<span class=sf-dump-protected title=\"Protected property\">escapeWhenCastingToString</span>: <span class=sf-dump-const>false</span>
</samp>}
</pre><script>Sfdump(\"sf-dump-1277733732\", {\"maxDepth\":3,\"maxStringLength\":160})</script>
","recentAttempts":"<pre class=sf-dump id=sf-dump-1699834 data-indent-pad=\"  \"><span class=sf-dump-note>Illuminate\\Database\\Eloquent\\Collection</span> {<a class=sf-dump-ref>#1055</a><samp data-depth=1 class=sf-dump-expanded>
  #<span class=sf-dump-protected title=\"Protected property\">items</span>: []
  #<span class=sf-dump-protected title=\"Protected property\">escapeWhenCastingToString</span>: <span class=sf-dump-const>false</span>
</samp>}
</pre><script>Sfdump(\"sf-dump-1699834\", {\"maxDepth\":3,\"maxStringLength\":160})</script>
","hour":"<pre class=sf-dump id=sf-dump-2020524915 data-indent-pad=\"  \">\"<span class=sf-dump-str title=\"2 characters\">11</span>\"
</pre><script>Sfdump(\"sf-dump-2020524915\", {\"maxDepth\":3,\"maxStringLength\":160})</script>
","greeting":"<pre class=sf-dump id=sf-dump-1288878304 data-indent-pad=\"  \">\"<span class=sf-dump-str title=\"12 characters\">Selamat Pagi</span>\"
</pre><script>Sfdump(\"sf-dump-1288878304\", {\"maxDepth\":3,\"maxStringLength\":160})</script>
","__currentLoopData":"<pre class=sf-dump id=sf-dump-779597011 data-indent-pad=\"  \"><span class=sf-dump-note>Illuminate\\Database\\Eloquent\\Collection</span> {<a class=sf-dump-ref>#1060</a><samp data-depth=1 class=sf-dump-expanded>
  #<span class=sf-dump-protected title=\"Protected property\">items</span>: <span class=sf-dump-note>array:3</span> [<samp data-depth=2 class=sf-dump-compact>
    <span class=sf-dump-index>0</span> => <span class=\"sf-dump-note sf-dump-ellipsization\" title=\"App\\Models\\Module
\"><span class=\"sf-dump-ellipsis sf-dump-ellipsis-note\">App\\Models</span><span class=\"sf-dump-ellipsis sf-dump-ellipsis-note\">\\</span><span class=\"sf-dump-ellipsis-tail\">Module</span></span> {<a class=sf-dump-ref>#1061</a><samp data-depth=3 class=sf-dump-compact>
      #<span class=sf-dump-protected title=\"Protected property\">connection</span>: \"<span class=sf-dump-str title=\"6 characters\">sqlsrv</span>\"
      #<span class=sf-dump-protected title=\"Protected property\">table</span>: \"<span class=sf-dump-str title=\"7 characters\">modules</span>\"
      #<span class=sf-dump-protected title=\"Protected property\">primaryKey</span>: \"<span class=sf-dump-str title=\"2 characters\">id</span>\"
      #<span class=sf-dump-protected title=\"Protected property\">keyType</span>: \"<span class=sf-dump-str title=\"3 characters\">int</span>\"
      +<span class=sf-dump-public title=\"Public property\">incrementing</span>: <span class=sf-dump-const>true</span>
      #<span class=sf-dump-protected title=\"Protected property\">with</span>: []
      #<span class=sf-dump-protected title=\"Protected property\">withCount</span>: []
      +<span class=sf-dump-public title=\"Public property\">preventsLazyLoading</span>: <span class=sf-dump-const>false</span>
      #<span class=sf-dump-protected title=\"Protected property\">perPage</span>: <span class=sf-dump-num>15</span>
      +<span class=sf-dump-public title=\"Public property\">exists</span>: <span class=sf-dump-const>true</span>
      +<span class=sf-dump-public title=\"Public property\">wasRecentlyCreated</span>: <span class=sf-dump-const>false</span>
      #<span class=sf-dump-protected title=\"Protected property\">escapeWhenCastingToString</span>: <span class=sf-dump-const>false</span>
      #<span class=sf-dump-protected title=\"Protected property\">attributes</span>: <span class=sf-dump-note>array:11</span> [ &#8230;11]
      #<span class=sf-dump-protected title=\"Protected property\">original</span>: <span class=sf-dump-note>array:11</span> [ &#8230;11]
      #<span class=sf-dump-protected title=\"Protected property\">changes</span>: []
      #<span class=sf-dump-protected title=\"Protected property\">casts</span>: <span class=sf-dump-note>array:1</span> [ &#8230;1]
      #<span class=sf-dump-protected title=\"Protected property\">classCastCache</span>: []
      #<span class=sf-dump-protected title=\"Protected property\">attributeCastCache</span>: []
      #<span class=sf-dump-protected title=\"Protected property\">dateFormat</span>: <span class=sf-dump-const>null</span>
      #<span class=sf-dump-protected title=\"Protected property\">appends</span>: []
      #<span class=sf-dump-protected title=\"Protected property\">dispatchesEvents</span>: []
      #<span class=sf-dump-protected title=\"Protected property\">observables</span>: []
      #<span class=sf-dump-protected title=\"Protected property\">relations</span>: []
      #<span class=sf-dump-protected title=\"Protected property\">touches</span>: []
      +<span class=sf-dump-public title=\"Public property\">timestamps</span>: <span class=sf-dump-const>true</span>
      +<span class=sf-dump-public title=\"Public property\">usesUniqueIds</span>: <span class=sf-dump-const>false</span>
      #<span class=sf-dump-protected title=\"Protected property\">hidden</span>: []
      #<span class=sf-dump-protected title=\"Protected property\">visible</span>: []
      #<span class=sf-dump-protected title=\"Protected property\">fillable</span>: <span class=sf-dump-note>array:8</span> [ &#8230;8]
      #<span class=sf-dump-protected title=\"Protected property\">guarded</span>: <span class=sf-dump-note>array:1</span> [ &#8230;1]
    </samp>}
    <span class=sf-dump-index>1</span> => <span class=\"sf-dump-note sf-dump-ellipsization\" title=\"App\\Models\\Module
\"><span class=\"sf-dump-ellipsis sf-dump-ellipsis-note\">App\\Models</span><span class=\"sf-dump-ellipsis sf-dump-ellipsis-note\">\\</span><span class=\"sf-dump-ellipsis-tail\">Module</span></span> {<a class=sf-dump-ref>#1059</a><samp data-depth=3 class=sf-dump-compact>
      #<span class=sf-dump-protected title=\"Protected property\">connection</span>: \"<span class=sf-dump-str title=\"6 characters\">sqlsrv</span>\"
      #<span class=sf-dump-protected title=\"Protected property\">table</span>: \"<span class=sf-dump-str title=\"7 characters\">modules</span>\"
      #<span class=sf-dump-protected title=\"Protected property\">primaryKey</span>: \"<span class=sf-dump-str title=\"2 characters\">id</span>\"
      #<span class=sf-dump-protected title=\"Protected property\">keyType</span>: \"<span class=sf-dump-str title=\"3 characters\">int</span>\"
      +<span class=sf-dump-public title=\"Public property\">incrementing</span>: <span class=sf-dump-const>true</span>
      #<span class=sf-dump-protected title=\"Protected property\">with</span>: []
      #<span class=sf-dump-protected title=\"Protected property\">withCount</span>: []
      +<span class=sf-dump-public title=\"Public property\">preventsLazyLoading</span>: <span class=sf-dump-const>false</span>
      #<span class=sf-dump-protected title=\"Protected property\">perPage</span>: <span class=sf-dump-num>15</span>
      +<span class=sf-dump-public title=\"Public property\">exists</span>: <span class=sf-dump-const>true</span>
      +<span class=sf-dump-public title=\"Public property\">wasRecentlyCreated</span>: <span class=sf-dump-const>false</span>
      #<span class=sf-dump-protected title=\"Protected property\">escapeWhenCastingToString</span>: <span class=sf-dump-const>false</span>
      #<span class=sf-dump-protected title=\"Protected property\">attributes</span>: <span class=sf-dump-note>array:11</span> [ &#8230;11]
      #<span class=sf-dump-protected title=\"Protected property\">original</span>: <span class=sf-dump-note>array:11</span> [ &#8230;11]
      #<span class=sf-dump-protected title=\"Protected property\">changes</span>: []
      #<span class=sf-dump-protected title=\"Protected property\">casts</span>: <span class=sf-dump-note>array:1</span> [ &#8230;1]
      #<span class=sf-dump-protected title=\"Protected property\">classCastCache</span>: []
      #<span class=sf-dump-protected title=\"Protected property\">attributeCastCache</span>: []
      #<span class=sf-dump-protected title=\"Protected property\">dateFormat</span>: <span class=sf-dump-const>null</span>
      #<span class=sf-dump-protected title=\"Protected property\">appends</span>: []
      #<span class=sf-dump-protected title=\"Protected property\">dispatchesEvents</span>: []
      #<span class=sf-dump-protected title=\"Protected property\">observables</span>: []
      #<span class=sf-dump-protected title=\"Protected property\">relations</span>: []
      #<span class=sf-dump-protected title=\"Protected property\">touches</span>: []
      +<span class=sf-dump-public title=\"Public property\">timestamps</span>: <span class=sf-dump-const>true</span>
      +<span class=sf-dump-public title=\"Public property\">usesUniqueIds</span>: <span class=sf-dump-const>false</span>
      #<span class=sf-dump-protected title=\"Protected property\">hidden</span>: []
      #<span class=sf-dump-protected title=\"Protected property\">visible</span>: []
      #<span class=sf-dump-protected title=\"Protected property\">fillable</span>: <span class=sf-dump-note>array:8</span> [ &#8230;8]
      #<span class=sf-dump-protected title=\"Protected property\">guarded</span>: <span class=sf-dump-note>array:1</span> [ &#8230;1]
    </samp>}
    <span class=sf-dump-index>2</span> => <span class=\"sf-dump-note sf-dump-ellipsization\" title=\"App\\Models\\Module
\"><span class=\"sf-dump-ellipsis sf-dump-ellipsis-note\">App\\Models</span><span class=\"sf-dump-ellipsis sf-dump-ellipsis-note\">\\</span><span class=\"sf-dump-ellipsis-tail\">Module</span></span> {<a class=sf-dump-ref>#1063</a><samp data-depth=3 class=sf-dump-compact>
      #<span class=sf-dump-protected title=\"Protected property\">connection</span>: \"<span class=sf-dump-str title=\"6 characters\">sqlsrv</span>\"
      #<span class=sf-dump-protected title=\"Protected property\">table</span>: \"<span class=sf-dump-str title=\"7 characters\">modules</span>\"
      #<span class=sf-dump-protected title=\"Protected property\">primaryKey</span>: \"<span class=sf-dump-str title=\"2 characters\">id</span>\"
      #<span class=sf-dump-protected title=\"Protected property\">keyType</span>: \"<span class=sf-dump-str title=\"3 characters\">int</span>\"
      +<span class=sf-dump-public title=\"Public property\">incrementing</span>: <span class=sf-dump-const>true</span>
      #<span class=sf-dump-protected title=\"Protected property\">with</span>: []
      #<span class=sf-dump-protected title=\"Protected property\">withCount</span>: []
      +<span class=sf-dump-public title=\"Public property\">preventsLazyLoading</span>: <span class=sf-dump-const>false</span>
      #<span class=sf-dump-protected title=\"Protected property\">perPage</span>: <span class=sf-dump-num>15</span>
      +<span class=sf-dump-public title=\"Public property\">exists</span>: <span class=sf-dump-const>true</span>
      +<span class=sf-dump-public title=\"Public property\">wasRecentlyCreated</span>: <span class=sf-dump-const>false</span>
      #<span class=sf-dump-protected title=\"Protected property\">escapeWhenCastingToString</span>: <span class=sf-dump-const>false</span>
      #<span class=sf-dump-protected title=\"Protected property\">attributes</span>: <span class=sf-dump-note>array:11</span> [ &#8230;11]
      #<span class=sf-dump-protected title=\"Protected property\">original</span>: <span class=sf-dump-note>array:11</span> [ &#8230;11]
      #<span class=sf-dump-protected title=\"Protected property\">changes</span>: []
      #<span class=sf-dump-protected title=\"Protected property\">casts</span>: <span class=sf-dump-note>array:1</span> [ &#8230;1]
      #<span class=sf-dump-protected title=\"Protected property\">classCastCache</span>: []
      #<span class=sf-dump-protected title=\"Protected property\">attributeCastCache</span>: []
      #<span class=sf-dump-protected title=\"Protected property\">dateFormat</span>: <span class=sf-dump-const>null</span>
      #<span class=sf-dump-protected title=\"Protected property\">appends</span>: []
      #<span class=sf-dump-protected title=\"Protected property\">dispatchesEvents</span>: []
      #<span class=sf-dump-protected title=\"Protected property\">observables</span>: []
      #<span class=sf-dump-protected title=\"Protected property\">relations</span>: []
      #<span class=sf-dump-protected title=\"Protected property\">touches</span>: []
      +<span class=sf-dump-public title=\"Public property\">timestamps</span>: <span class=sf-dump-const>true</span>
      +<span class=sf-dump-public title=\"Public property\">usesUniqueIds</span>: <span class=sf-dump-const>false</span>
      #<span class=sf-dump-protected title=\"Protected property\">hidden</span>: []
      #<span class=sf-dump-protected title=\"Protected property\">visible</span>: []
      #<span class=sf-dump-protected title=\"Protected property\">fillable</span>: <span class=sf-dump-note>array:8</span> [ &#8230;8]
      #<span class=sf-dump-protected title=\"Protected property\">guarded</span>: <span class=sf-dump-note>array:1</span> [ &#8230;1]
    </samp>}
  </samp>]
  #<span class=sf-dump-protected title=\"Protected property\">escapeWhenCastingToString</span>: <span class=sf-dump-const>false</span>
</samp>}
</pre><script>Sfdump(\"sf-dump-779597011\", {\"maxDepth\":3,\"maxStringLength\":160})</script>
","module":"<pre class=sf-dump id=sf-dump-318427425 data-indent-pad=\"  \"><span class=sf-dump-note>App\\Models\\Module</span> {<a class=sf-dump-ref>#1063</a><samp data-depth=1 class=sf-dump-expanded>
  #<span class=sf-dump-protected title=\"Protected property\">connection</span>: \"<span class=sf-dump-str title=\"6 characters\">sqlsrv</span>\"
  #<span class=sf-dump-protected title=\"Protected property\">table</span>: \"<span class=sf-dump-str title=\"7 characters\">modules</span>\"
  #<span class=sf-dump-protected title=\"Protected property\">primaryKey</span>: \"<span class=sf-dump-str title=\"2 characters\">id</span>\"
  #<span class=sf-dump-protected title=\"Protected property\">keyType</span>: \"<span class=sf-dump-str title=\"3 characters\">int</span>\"
  +<span class=sf-dump-public title=\"Public property\">incrementing</span>: <span class=sf-dump-const>true</span>
  #<span class=sf-dump-protected title=\"Protected property\">with</span>: []
  #<span class=sf-dump-protected title=\"Protected property\">withCount</span>: []
  +<span class=sf-dump-public title=\"Public property\">preventsLazyLoading</span>: <span class=sf-dump-const>false</span>
  #<span class=sf-dump-protected title=\"Protected property\">perPage</span>: <span class=sf-dump-num>15</span>
  +<span class=sf-dump-public title=\"Public property\">exists</span>: <span class=sf-dump-const>true</span>
  +<span class=sf-dump-public title=\"Public property\">wasRecentlyCreated</span>: <span class=sf-dump-const>false</span>
  #<span class=sf-dump-protected title=\"Protected property\">escapeWhenCastingToString</span>: <span class=sf-dump-const>false</span>
  #<span class=sf-dump-protected title=\"Protected property\">attributes</span>: <span class=sf-dump-note>array:11</span> [<samp data-depth=2 class=sf-dump-compact>
    \"<span class=sf-dump-key>id</span>\" => \"<span class=sf-dump-str>3</span>\"
    \"<span class=sf-dump-key>title</span>\" => \"<span class=sf-dump-str title=\"23 characters\">Pengolahan Pakan Ternak</span>\"
    \"<span class=sf-dump-key>slug</span>\" => \"<span class=sf-dump-str title=\"23 characters\">pengolahan-pakan-ternak</span>\"
    \"<span class=sf-dump-key>description</span>\" => \"<span class=sf-dump-str title=\"63 characters\">Cara mengolah limbah pertanian menjadi pakan ternak berkualitas</span>\"
    \"<span class=sf-dump-key>content</span>\" => \"\"\"
      <span class=sf-dump-str title=\"1617 characters\">&lt;h2&gt;Pengolahan Limbah Pertanian Menjadi Pakan Ternak&lt;/h2&gt;<span class=\"sf-dump-default sf-dump-ns\">\\r\\n</span></span>
      <span class=sf-dump-str title=\"1617 characters\">&lt;p&gt;Limbah pertanian seperti jerami, tongkol jagung, dan dedak dapat diolah menjadi pakan ternak yang bergizi dan ekonomis.&lt;/p&gt;<span class=\"sf-dump-default sf-dump-ns\">\\r\\n</span></span>
      <span class=sf-dump-str title=\"1617 characters\"><span class=\"sf-dump-default sf-dump-ns\">\\r\\n</span></span>
      <span class=sf-dump-str title=\"1617 characters\">&lt;h3&gt;Jenis Pakan dari Limbah&lt;/h3&gt;<span class=\"sf-dump-default sf-dump-ns\">\\r\\n</span></span>
      <span class=sf-dump-str title=\"1617 characters\">&lt;ul&gt;<span class=\"sf-dump-default sf-dump-ns\">\\r\\n</span></span>
      <span class=sf-dump-str title=\"1617 characters\">    &lt;li&gt;&lt;strong&gt;Silase:&lt;/strong&gt; Fermentasi hijauan pakan dalam kondisi anaerob&lt;/li&gt;<span class=\"sf-dump-default sf-dump-ns\">\\r\\n</span></span>
      <span class=sf-dump-str title=\"1617 characters\">    &lt;li&gt;&lt;strong&gt;Hay:&lt;/strong&gt; Hijauan pakan yang dikeringkan&lt;/li&gt;<span class=\"sf-dump-default sf-dump-ns\">\\r\\n</span></span>
      <span class=sf-dump-str title=\"1617 characters\">    &lt;li&gt;&lt;strong&gt;Pakan Fermentasi:&lt;/strong&gt; Pakan yang difermentasi dengan probiotik&lt;/li&gt;<span class=\"sf-dump-default sf-dump-ns\">\\r\\n</span></span>
      <span class=sf-dump-str title=\"1617 characters\">    &lt;li&gt;&lt;strong&gt;Pakan Konsentrat:&lt;/strong&gt; Campuran limbah dengan nilai gizi tinggi&lt;/li&gt;<span class=\"sf-dump-default sf-dump-ns\">\\r\\n</span></span>
      <span class=sf-dump-str title=\"1617 characters\">&lt;/ul&gt;<span class=\"sf-dump-default sf-dump-ns\">\\r\\n</span></span>
      <span class=sf-dump-str title=\"1617 characters\"><span class=\"sf-dump-default sf-dump-ns\">\\r\\n</span></span>
      <span class=sf-dump-str title=\"1617 characters\">&lt;h3&gt;Pembuatan Pakan Fermentasi&lt;/h3&gt;<span class=\"sf-dump-default sf-dump-ns\">\\r\\n</span></span>
      <span class=sf-dump-str title=\"1617 characters\">&lt;p&gt;&lt;strong&gt;Bahan-bahan:&lt;/strong&gt;&lt;/p&gt;<span class=\"sf-dump-default sf-dump-ns\">\\r\\n</span></span>
      <span class=sf-dump-str title=\"1617 characters\">&lt;ul&gt;<span class=\"sf-dump-default sf-dump-ns\">\\r\\n</span></span>
      <span class=sf-dump-str title=\"1617 characters\">    &lt;li&gt;Jerami padi atau tongkol jagung cacah - 100 kg&lt;/li&gt;<span class=\"sf-dump-default sf-dump-ns\">\\r\\n</span></span>
      <span class=sf-dump-str title=\"1617 characters\">    &lt;li&gt;Dedak halus - 10 kg&lt;/li&gt;<span class=\"sf-dump-default sf-dump-ns\">\\r\\n</span></span>
      <span class=sf-dump-str title=\"1617 characters\">    &lt;li&gt;Molases atau gula merah - 2 kg&lt;/li&gt;<span class=\"sf-dump-default sf-dump-ns\">\\r\\n</span></span>
      <span class=sf-dump-str title=\"1617 characters\">    &lt;li&gt;EM4 atau probiotik - 500 ml&lt;/li&gt;<span class=\"sf-dump-default sf-dump-ns\">\\r\\n</span></span>
      <span class=sf-dump-str title=\"1617 characters\">    &lt;li&gt;Air bersih - 30-40 liter&lt;/li&gt;<span class=\"sf-dump-default sf-dump-ns\">\\r\\n</span></span>
      <span class=sf-dump-str title=\"1617 characters\">    &lt;li&gt;Garam - 200 gram&lt;/li&gt;<span class=\"sf-dump-default sf-dump-ns\">\\r\\n</span></span>
      <span class=sf-dump-str title=\"1617 characters\">&lt;/ul&gt;<span class=\"sf-dump-default sf-dump-ns\">\\r\\n</span></span>
      <span class=sf-dump-str title=\"1617 characters\"><span class=\"sf-dump-default sf-dump-ns\">\\r\\n</span></span>
      <span class=sf-dump-str title=\"1617 characters\">&lt;p&gt;&lt;strong&gt;Cara Pembuatan:&lt;/strong&gt;&lt;/p&gt;<span class=\"sf-dump-default sf-dump-ns\">\\r\\n</span></span>
      <span class=sf-dump-str title=\"1617 characters\">&lt;ol&gt;<span class=\"sf-dump-default sf-dump-ns\">\\r\\n</span></span>
      <span class=sf-dump-str title=\"1617 characters\">    &lt;li&gt;Cacah jerami atau tongkol jagung hingga ukuran 3-5 cm&lt;/li&gt;<span class=\"sf-dump-default sf-dump-ns\">\\r\\n</span></span>
      <span class=sf-dump-str title=\"1617 characters\">    &lt;li&gt;Larutkan molases, EM4, dan garam dalam air&lt;/li&gt;<span class=\"sf-dump-default sf-dump-ns\">\\r\\n</span></span>
      <span class=sf-dump-str title=\"1617 characters\">    &lt;li&gt;Campurkan semua bahan, siram dengan larutan secara merata&lt;/li&gt;<span class=\"sf-dump-default sf-dump-ns\">\\r\\n</span></span>
      <span class=sf-dump-str title=\"1617 characters\">    &lt;li&gt;Masukkan dalam drum atau kantong plastik, padatkan dan tutup rapat&lt;/li&gt;<span class=\"sf-dump-default sf-dump-ns\">\\r\\n</span></span>
      <span class=sf-dump-str title=\"1617 characters\">    &lt;li&gt;Fermentasi selama 7-14 hari&lt;/li&gt;<span class=\"sf-dump-default sf-dump-ns\">\\r\\n</span></span>
      <span class=sf-dump-str title=\"1617 characters\">    &lt;li&gt;Pakan siap diberikan dengan bau harum khas fermentasi&lt;/li&gt;<span class=\"sf-dump-default sf-dump-ns\">\\r\\n</span></span>
      <span class=sf-dump-str title=\"1617 characters\">&lt;/ol&gt;<span class=\"sf-dump-default sf-dump-ns\">\\r\\n</span></span>
      <span class=sf-dump-str title=\"1617 characters\"><span class=\"sf-dump-default sf-dump-ns\">\\r\\n</span></span>
      <span class=sf-dump-str title=\"1617 characters\">&lt;h3&gt;Keuntungan Pakan Fermentasi&lt;/h3&gt;<span class=\"sf-dump-default sf-dump-ns\">\\r\\n</span></span>
      <span class=sf-dump-str title=\"1617 characters\">&lt;ul&gt;<span class=\"sf-dump-default sf-dump-ns\">\\r\\n</span></span>
      <span class=sf-dump-str title=\"1617 characters\">    &lt;li&gt;Nilai gizi lebih tinggi&lt;/li&gt;<span class=\"sf-dump-default sf-dump-ns\">\\r\\n</span></span>
      <span class=sf-dump-str title=\"1617 characters\">    &lt;li&gt;Mudah dicerna ternak&lt;/li&gt;<span class=\"sf-dump-default sf-dump-ns\">\\r\\n</span></span>
      <span class=sf-dump-str title=\"1617 characters\">    &lt;li&gt;Dapat disimpan lebih lama&lt;/li&gt;<span class=\"sf-dump-default sf-dump-ns\">\\r\\n</span></span>
      <span class=sf-dump-str title=\"1617 characters\">    &lt;li&gt;Menghemat biaya pakan hingga 30-40%&lt;/li&gt;<span class=\"sf-dump-default sf-dump-ns\">\\r\\n</span></span>
      <span class=sf-dump-str title=\"1617 characters\">    &lt;li&gt;Meningkatkan produktivitas ternak&lt;/li&gt;<span class=\"sf-dump-default sf-dump-ns\">\\r\\n</span></span>
      <span class=sf-dump-str title=\"1617 characters\">&lt;/ul&gt;</span>
      \"\"\"
    \"<span class=sf-dump-key>order</span>\" => \"<span class=sf-dump-str>3</span>\"
    \"<span class=sf-dump-key>is_active</span>\" => \"<span class=sf-dump-str>1</span>\"
    \"<span class=sf-dump-key>thumbnail</span>\" => <span class=sf-dump-const>null</span>
    \"<span class=sf-dump-key>duration_minutes</span>\" => \"<span class=sf-dump-str title=\"2 characters\">40</span>\"
    \"<span class=sf-dump-key>created_at</span>\" => \"<span class=sf-dump-str title=\"23 characters\">2025-11-24 10:35:12.073</span>\"
    \"<span class=sf-dump-key>updated_at</span>\" => \"<span class=sf-dump-str title=\"23 characters\">2025-11-24 10:35:12.073</span>\"
  </samp>]
  #<span class=sf-dump-protected title=\"Protected property\">original</span>: <span class=sf-dump-note>array:11</span> [<samp data-depth=2 class=sf-dump-compact>
    \"<span class=sf-dump-key>id</span>\" => \"<span class=sf-dump-str>3</span>\"
    \"<span class=sf-dump-key>title</span>\" => \"<span class=sf-dump-str title=\"23 characters\">Pengolahan Pakan Ternak</span>\"
    \"<span class=sf-dump-key>slug</span>\" => \"<span class=sf-dump-str title=\"23 characters\">pengolahan-pakan-ternak</span>\"
    \"<span class=sf-dump-key>description</span>\" => \"<span class=sf-dump-str title=\"63 characters\">Cara mengolah limbah pertanian menjadi pakan ternak berkualitas</span>\"
    \"<span class=sf-dump-key>content</span>\" => \"\"\"
      <span class=sf-dump-str title=\"1617 characters\">&lt;h2&gt;Pengolahan Limbah Pertanian Menjadi Pakan Ternak&lt;/h2&gt;<span class=\"sf-dump-default sf-dump-ns\">\\r\\n</span></span>
      <span class=sf-dump-str title=\"1617 characters\">&lt;p&gt;Limbah pertanian seperti jerami, tongkol jagung, dan dedak dapat diolah menjadi pakan ternak yang bergizi dan ekonomis.&lt;/p&gt;<span class=\"sf-dump-default sf-dump-ns\">\\r\\n</span></span>
      <span class=sf-dump-str title=\"1617 characters\"><span class=\"sf-dump-default sf-dump-ns\">\\r\\n</span></span>
      <span class=sf-dump-str title=\"1617 characters\">&lt;h3&gt;Jenis Pakan dari Limbah&lt;/h3&gt;<span class=\"sf-dump-default sf-dump-ns\">\\r\\n</span></span>
      <span class=sf-dump-str title=\"1617 characters\">&lt;ul&gt;<span class=\"sf-dump-default sf-dump-ns\">\\r\\n</span></span>
      <span class=sf-dump-str title=\"1617 characters\">    &lt;li&gt;&lt;strong&gt;Silase:&lt;/strong&gt; Fermentasi hijauan pakan dalam kondisi anaerob&lt;/li&gt;<span class=\"sf-dump-default sf-dump-ns\">\\r\\n</span></span>
      <span class=sf-dump-str title=\"1617 characters\">    &lt;li&gt;&lt;strong&gt;Hay:&lt;/strong&gt; Hijauan pakan yang dikeringkan&lt;/li&gt;<span class=\"sf-dump-default sf-dump-ns\">\\r\\n</span></span>
      <span class=sf-dump-str title=\"1617 characters\">    &lt;li&gt;&lt;strong&gt;Pakan Fermentasi:&lt;/strong&gt; Pakan yang difermentasi dengan probiotik&lt;/li&gt;<span class=\"sf-dump-default sf-dump-ns\">\\r\\n</span></span>
      <span class=sf-dump-str title=\"1617 characters\">    &lt;li&gt;&lt;strong&gt;Pakan Konsentrat:&lt;/strong&gt; Campuran limbah dengan nilai gizi tinggi&lt;/li&gt;<span class=\"sf-dump-default sf-dump-ns\">\\r\\n</span></span>
      <span class=sf-dump-str title=\"1617 characters\">&lt;/ul&gt;<span class=\"sf-dump-default sf-dump-ns\">\\r\\n</span></span>
      <span class=sf-dump-str title=\"1617 characters\"><span class=\"sf-dump-default sf-dump-ns\">\\r\\n</span></span>
      <span class=sf-dump-str title=\"1617 characters\">&lt;h3&gt;Pembuatan Pakan Fermentasi&lt;/h3&gt;<span class=\"sf-dump-default sf-dump-ns\">\\r\\n</span></span>
      <span class=sf-dump-str title=\"1617 characters\">&lt;p&gt;&lt;strong&gt;Bahan-bahan:&lt;/strong&gt;&lt;/p&gt;<span class=\"sf-dump-default sf-dump-ns\">\\r\\n</span></span>
      <span class=sf-dump-str title=\"1617 characters\">&lt;ul&gt;<span class=\"sf-dump-default sf-dump-ns\">\\r\\n</span></span>
      <span class=sf-dump-str title=\"1617 characters\">    &lt;li&gt;Jerami padi atau tongkol jagung cacah - 100 kg&lt;/li&gt;<span class=\"sf-dump-default sf-dump-ns\">\\r\\n</span></span>
      <span class=sf-dump-str title=\"1617 characters\">    &lt;li&gt;Dedak halus - 10 kg&lt;/li&gt;<span class=\"sf-dump-default sf-dump-ns\">\\r\\n</span></span>
      <span class=sf-dump-str title=\"1617 characters\">    &lt;li&gt;Molases atau gula merah - 2 kg&lt;/li&gt;<span class=\"sf-dump-default sf-dump-ns\">\\r\\n</span></span>
      <span class=sf-dump-str title=\"1617 characters\">    &lt;li&gt;EM4 atau probiotik - 500 ml&lt;/li&gt;<span class=\"sf-dump-default sf-dump-ns\">\\r\\n</span></span>
      <span class=sf-dump-str title=\"1617 characters\">    &lt;li&gt;Air bersih - 30-40 liter&lt;/li&gt;<span class=\"sf-dump-default sf-dump-ns\">\\r\\n</span></span>
      <span class=sf-dump-str title=\"1617 characters\">    &lt;li&gt;Garam - 200 gram&lt;/li&gt;<span class=\"sf-dump-default sf-dump-ns\">\\r\\n</span></span>
      <span class=sf-dump-str title=\"1617 characters\">&lt;/ul&gt;<span class=\"sf-dump-default sf-dump-ns\">\\r\\n</span></span>
      <span class=sf-dump-str title=\"1617 characters\"><span class=\"sf-dump-default sf-dump-ns\">\\r\\n</span></span>
      <span class=sf-dump-str title=\"1617 characters\">&lt;p&gt;&lt;strong&gt;Cara Pembuatan:&lt;/strong&gt;&lt;/p&gt;<span class=\"sf-dump-default sf-dump-ns\">\\r\\n</span></span>
      <span class=sf-dump-str title=\"1617 characters\">&lt;ol&gt;<span class=\"sf-dump-default sf-dump-ns\">\\r\\n</span></span>
      <span class=sf-dump-str title=\"1617 characters\">    &lt;li&gt;Cacah jerami atau tongkol jagung hingga ukuran 3-5 cm&lt;/li&gt;<span class=\"sf-dump-default sf-dump-ns\">\\r\\n</span></span>
      <span class=sf-dump-str title=\"1617 characters\">    &lt;li&gt;Larutkan molases, EM4, dan garam dalam air&lt;/li&gt;<span class=\"sf-dump-default sf-dump-ns\">\\r\\n</span></span>
      <span class=sf-dump-str title=\"1617 characters\">    &lt;li&gt;Campurkan semua bahan, siram dengan larutan secara merata&lt;/li&gt;<span class=\"sf-dump-default sf-dump-ns\">\\r\\n</span></span>
      <span class=sf-dump-str title=\"1617 characters\">    &lt;li&gt;Masukkan dalam drum atau kantong plastik, padatkan dan tutup rapat&lt;/li&gt;<span class=\"sf-dump-default sf-dump-ns\">\\r\\n</span></span>
      <span class=sf-dump-str title=\"1617 characters\">    &lt;li&gt;Fermentasi selama 7-14 hari&lt;/li&gt;<span class=\"sf-dump-default sf-dump-ns\">\\r\\n</span></span>
      <span class=sf-dump-str title=\"1617 characters\">    &lt;li&gt;Pakan siap diberikan dengan bau harum khas fermentasi&lt;/li&gt;<span class=\"sf-dump-default sf-dump-ns\">\\r\\n</span></span>
      <span class=sf-dump-str title=\"1617 characters\">&lt;/ol&gt;<span class=\"sf-dump-default sf-dump-ns\">\\r\\n</span></span>
      <span class=sf-dump-str title=\"1617 characters\"><span class=\"sf-dump-default sf-dump-ns\">\\r\\n</span></span>
      <span class=sf-dump-str title=\"1617 characters\">&lt;h3&gt;Keuntungan Pakan Fermentasi&lt;/h3&gt;<span class=\"sf-dump-default sf-dump-ns\">\\r\\n</span></span>
      <span class=sf-dump-str title=\"1617 characters\">&lt;ul&gt;<span class=\"sf-dump-default sf-dump-ns\">\\r\\n</span></span>
      <span class=sf-dump-str title=\"1617 characters\">    &lt;li&gt;Nilai gizi lebih tinggi&lt;/li&gt;<span class=\"sf-dump-default sf-dump-ns\">\\r\\n</span></span>
      <span class=sf-dump-str title=\"1617 characters\">    &lt;li&gt;Mudah dicerna ternak&lt;/li&gt;<span class=\"sf-dump-default sf-dump-ns\">\\r\\n</span></span>
      <span class=sf-dump-str title=\"1617 characters\">    &lt;li&gt;Dapat disimpan lebih lama&lt;/li&gt;<span class=\"sf-dump-default sf-dump-ns\">\\r\\n</span></span>
      <span class=sf-dump-str title=\"1617 characters\">    &lt;li&gt;Menghemat biaya pakan hingga 30-40%&lt;/li&gt;<span class=\"sf-dump-default sf-dump-ns\">\\r\\n</span></span>
      <span class=sf-dump-str title=\"1617 characters\">    &lt;li&gt;Meningkatkan produktivitas ternak&lt;/li&gt;<span class=\"sf-dump-default sf-dump-ns\">\\r\\n</span></span>
      <span class=sf-dump-str title=\"1617 characters\">&lt;/ul&gt;</span>
      \"\"\"
    \"<span class=sf-dump-key>order</span>\" => \"<span class=sf-dump-str>3</span>\"
    \"<span class=sf-dump-key>is_active</span>\" => \"<span class=sf-dump-str>1</span>\"
    \"<span class=sf-dump-key>thumbnail</span>\" => <span class=sf-dump-const>null</span>
    \"<span class=sf-dump-key>duration_minutes</span>\" => \"<span class=sf-dump-str title=\"2 characters\">40</span>\"
    \"<span class=sf-dump-key>created_at</span>\" => \"<span class=sf-dump-str title=\"23 characters\">2025-11-24 10:35:12.073</span>\"
    \"<span class=sf-dump-key>updated_at</span>\" => \"<span class=sf-dump-str title=\"23 characters\">2025-11-24 10:35:12.073</span>\"
  </samp>]
  #<span class=sf-dump-protected title=\"Protected property\">changes</span>: []
  #<span class=sf-dump-protected title=\"Protected property\">casts</span>: <span class=sf-dump-note>array:1</span> [<samp data-depth=2 class=sf-dump-compact>
    \"<span class=sf-dump-key>is_active</span>\" => \"<span class=sf-dump-str title=\"7 characters\">boolean</span>\"
  </samp>]
  #<span class=sf-dump-protected title=\"Protected property\">classCastCache</span>: []
  #<span class=sf-dump-protected title=\"Protected property\">attributeCastCache</span>: []
  #<span class=sf-dump-protected title=\"Protected property\">dateFormat</span>: <span class=sf-dump-const>null</span>
  #<span class=sf-dump-protected title=\"Protected property\">appends</span>: []
  #<span class=sf-dump-protected title=\"Protected property\">dispatchesEvents</span>: []
  #<span class=sf-dump-protected title=\"Protected property\">observables</span>: []
  #<span class=sf-dump-protected title=\"Protected property\">relations</span>: []
  #<span class=sf-dump-protected title=\"Protected property\">touches</span>: []
  +<span class=sf-dump-public title=\"Public property\">timestamps</span>: <span class=sf-dump-const>true</span>
  +<span class=sf-dump-public title=\"Public property\">usesUniqueIds</span>: <span class=sf-dump-const>false</span>
  #<span class=sf-dump-protected title=\"Protected property\">hidden</span>: []
  #<span class=sf-dump-protected title=\"Protected property\">visible</span>: []
  #<span class=sf-dump-protected title=\"Protected property\">fillable</span>: <span class=sf-dump-note>array:8</span> [<samp data-depth=2 class=sf-dump-compact>
    <span class=sf-dump-index>0</span> => \"<span class=sf-dump-str title=\"5 characters\">title</span>\"
    <span class=sf-dump-index>1</span> => \"<span class=sf-dump-str title=\"4 characters\">slug</span>\"
    <span class=sf-dump-index>2</span> => \"<span class=sf-dump-str title=\"11 characters\">description</span>\"
    <span class=sf-dump-index>3</span> => \"<span class=sf-dump-str title=\"7 characters\">content</span>\"
    <span class=sf-dump-index>4</span> => \"<span class=sf-dump-str title=\"5 characters\">order</span>\"
    <span class=sf-dump-index>5</span> => \"<span class=sf-dump-str title=\"9 characters\">is_active</span>\"
    <span class=sf-dump-index>6</span> => \"<span class=sf-dump-str title=\"9 characters\">thumbnail</span>\"
    <span class=sf-dump-index>7</span> => \"<span class=sf-dump-str title=\"16 characters\">duration_minutes</span>\"
  </samp>]
  #<span class=sf-dump-protected title=\"Protected property\">guarded</span>: <span class=sf-dump-note>array:1</span> [<samp data-depth=2 class=sf-dump-compact>
    <span class=sf-dump-index>0</span> => \"<span class=sf-dump-str>*</span>\"
  </samp>]
</samp>}
</pre><script>Sfdump(\"sf-dump-318427425\", {\"maxDepth\":3,\"maxStringLength\":160})</script>
","loop":"<pre class=sf-dump id=sf-dump-1537369527 data-indent-pad=\"  \"><span class=sf-dump-const>null</span>
</pre><script>Sfdump(\"sf-dump-1537369527\", {\"maxDepth\":3,\"maxStringLength\":160})</script>
","progress":"<pre class=sf-dump id=sf-dump-2126321165 data-indent-pad=\"  \"><span class=sf-dump-const>null</span>
</pre><script>Sfdump(\"sf-dump-2126321165\", {\"maxDepth\":3,\"maxStringLength\":160})</script>
"}},"userId":1,"exception":"[object] (Spatie\\LaravelIgnition\\Exceptions\\ViewException(code: 0): Route [videos.index] not defined. at D:\\ketapang\\Agro Waste\\vendor\\laravel\\framework\\src\\Illuminate\\Routing\\UrlGenerator.php:517)
[stacktrace]
#0 D:\\ketapang\\Agro Waste\\vendor\\laravel\\framework\\src\\Illuminate\\Foundation\\helpers.php(853): Illuminate\\Routing\\UrlGenerator->route('videos.index', Array, true)
#1 D:\\ketapang\\Agro Waste\\resources\\views\\layouts\\app.blade.php(32): route('videos.index')
#2 D:\\ketapang\\Agro Waste\\vendor\\laravel\\framework\\src\\Illuminate\\Filesystem\\Filesystem.php(123): require('D:\\\\ketapang\\\\Agr...')
#3 D:\\ketapang\\Agro Waste\\vendor\\laravel\\framework\\src\\Illuminate\\Filesystem\\Filesystem.php(124): Illuminate\\Filesystem\\Filesystem::Illuminate\\Filesystem\\{closure}()
#4 D:\\ketapang\\Agro Waste\\vendor\\laravel\\framework\\src\\Illuminate\\View\\Engines\\PhpEngine.php(58): Illuminate\\Filesystem\\Filesystem->getRequire('D:\\\\ketapang\\\\Agr...', Array)
#5 D:\\ketapang\\Agro Waste\\vendor\\laravel\\framework\\src\\Illuminate\\View\\Engines\\CompilerEngine.php(75): Illuminate\\View\\Engines\\PhpEngine->evaluatePath('D:\\\\ketapang\\\\Agr...', Array)
#6 D:\\ketapang\\Agro Waste\\vendor\\laravel\\framework\\src\\Illuminate\\View\\View.php(209): Illuminate\\View\\Engines\\CompilerEngine->get('D:\\\\ketapang\\\\Agr...', Array)
#7 D:\\ketapang\\Agro Waste\\vendor\\laravel\\framework\\src\\Illuminate\\View\\View.php(192): Illuminate\\View\\View->getContents()
#8 D:\\ketapang\\Agro Waste\\vendor\\laravel\\framework\\src\\Illuminate\\View\\View.php(161): Illuminate\\View\\View->renderContents()
#9 D:\\ketapang\\Agro Waste\\resources\\views\\home.blade.php(204): Illuminate\\View\\View->render()
#10 D:\\ketapang\\Agro Waste\\vendor\\laravel\\framework\\src\\Illuminate\\Filesystem\\Filesystem.php(123): require('D:\\\\ketapang\\\\Agr...')
#11 D:\\ketapang\\Agro Waste\\vendor\\laravel\\framework\\src\\Illuminate\\Filesystem\\Filesystem.php(124): Illuminate\\Filesystem\\Filesystem::Illuminate\\Filesystem\\{closure}()
#12 D:\\ketapang\\Agro Waste\\vendor\\laravel\\framework\\src\\Illuminate\\View\\Engines\\PhpEngine.php(58): Illuminate\\Filesystem\\Filesystem->getRequire('D:\\\\ketapang\\\\Agr...', Array)
#13 D:\\ketapang\\Agro Waste\\vendor\\laravel\\framework\\src\\Illuminate\\View\\Engines\\CompilerEngine.php(75): Illuminate\\View\\Engines\\PhpEngine->evaluatePath('D:\\\\ketapang\\\\Agr...', Array)
#14 D:\\ketapang\\Agro Waste\\vendor\\laravel\\framework\\src\\Illuminate\\View\\View.php(209): Illuminate\\View\\Engines\\CompilerEngine->get('D:\\\\ketapang\\\\Agr...', Array)
#15 D:\\ketapang\\Agro Waste\\vendor\\laravel\\framework\\src\\Illuminate\\View\\View.php(192): Illuminate\\View\\View->getContents()
#16 D:\\ketapang\\Agro Waste\\vendor\\laravel\\framework\\src\\Illuminate\\View\\View.php(161): Illuminate\\View\\View->renderContents()
#17 D:\\ketapang\\Agro Waste\\vendor\\laravel\\framework\\src\\Illuminate\\Http\\Response.php(79): Illuminate\\View\\View->render()
#18 D:\\ketapang\\Agro Waste\\vendor\\laravel\\framework\\src\\Illuminate\\Http\\Response.php(35): Illuminate\\Http\\Response->setContent(Object(Illuminate\\View\\View))
#19 D:\\ketapang\\Agro Waste\\vendor\\laravel\\framework\\src\\Illuminate\\Routing\\Router.php(920): Illuminate\\Http\\Response->__construct(Object(Illuminate\\View\\View), 200, Array)
#20 D:\\ketapang\\Agro Waste\\vendor\\laravel\\framework\\src\\Illuminate\\Routing\\Router.php(887): Illuminate\\Routing\\Router::toResponse(Object(Illuminate\\Http\\Request), Object(Illuminate\\View\\View))
#21 D:\\ketapang\\Agro Waste\\vendor\\laravel\\framework\\src\\Illuminate\\Routing\\Router.php(807): Illuminate\\Routing\\Router->prepareResponse(Object(Illuminate\\Http\\Request), Object(Illuminate\\View\\View))
#22 D:\\ketapang\\Agro Waste\\vendor\\laravel\\framework\\src\\Illuminate\\Pipeline\\Pipeline.php(170): Illuminate\\Routing\\Router->Illuminate\\Routing\\{closure}(Object(Illuminate\\Http\\Request))
#23 D:\\ketapang\\Agro Waste\\app\\Http\\Middleware\\Authenticate.php(18): Illuminate\\Pipeline\\Pipeline->Illuminate\\Pipeline\\{closure}(Object(Illuminate\\Http\\Request))
#24 D:\\ketapang\\Agro Waste\\vendor\\laravel\\framework\\src\\Illuminate\\Pipeline\\Pipeline.php(209): App\\Http\\Middleware\\Authenticate->handle(Object(Illuminate\\Http\\Request), Object(Closure))
#25 D:\\ketapang\\Agro Waste\\vendor\\laravel\\framework\\src\\Illuminate\\Routing\\Middleware\\SubstituteBindings.php(51): Illuminate\\Pipeline\\Pipeline->Illuminate\\Pipeline\\{closure}(Object(Illuminate\\Http\\Request))
#26 D:\\ketapang\\Agro Waste\\vendor\\laravel\\framework\\src\\Illuminate\\Pipeline\\Pipeline.php(209): Illuminate\\Routing\\Middleware\\SubstituteBindings->handle(Object(Illuminate\\Http\\Request), Object(Closure))
#27 D:\\ketapang\\Agro Waste\\vendor\\laravel\\framework\\src\\Illuminate\\Foundation\\Http\\Middleware\\VerifyCsrfToken.php(88): Illuminate\\Pipeline\\Pipeline->Illuminate\\Pipeline\\{closure}(Object(Illuminate\\Http\\Request))
#28 D:\\ketapang\\Agro Waste\\vendor\\laravel\\framework\\src\\Illuminate\\Pipeline\\Pipeline.php(209): Illuminate\\Foundation\\Http\\Middleware\\VerifyCsrfToken->handle(Object(Illuminate\\Http\\Request), Object(Closure))
#29 D:\\ketapang\\Agro Waste\\vendor\\laravel\\framework\\src\\Illuminate\\View\\Middleware\\ShareErrorsFromSession.php(49): Illuminate\\Pipeline\\Pipeline->Illuminate\\Pipeline\\{closure}(Object(Illuminate\\Http\\Request))
#30 D:\\ketapang\\Agro Waste\\vendor\\laravel\\framework\\src\\Illuminate\\Pipeline\\Pipeline.php(209): Illuminate\\View\\Middleware\\ShareErrorsFromSession->handle(Object(Illuminate\\Http\\Request), Object(Closure))
#31 D:\\ketapang\\Agro Waste\\vendor\\laravel\\framework\\src\\Illuminate\\Session\\Middleware\\StartSession.php(121): Illuminate\\Pipeline\\Pipeline->Illuminate\\Pipeline\\{closure}(Object(Illuminate\\Http\\Request))
#32 D:\\ketapang\\Agro Waste\\vendor\\laravel\\framework\\src\\Illuminate\\Session\\Middleware\\StartSession.php(64): Illuminate\\Session\\Middleware\\StartSession->handleStatefulRequest(Object(Illuminate\\Http\\Request), Object(Illuminate\\Session\\Store), Object(Closure))
#33 D:\\ketapang\\Agro Waste\\vendor\\laravel\\framework\\src\\Illuminate\\Pipeline\\Pipeline.php(209): Illuminate\\Session\\Middleware\\StartSession->handle(Object(Illuminate\\Http\\Request), Object(Closure))
#34 D:\\ketapang\\Agro Waste\\vendor\\laravel\\framework\\src\\Illuminate\\Cookie\\Middleware\\AddQueuedCookiesToResponse.php(37): Illuminate\\Pipeline\\Pipeline->Illuminate\\Pipeline\\{closure}(Object(Illuminate\\Http\\Request))
#35 D:\\ketapang\\Agro Waste\\vendor\\laravel\\framework\\src\\Illuminate\\Pipeline\\Pipeline.php(209): Illuminate\\Cookie\\Middleware\\AddQueuedCookiesToResponse->handle(Object(Illuminate\\Http\\Request), Object(Closure))
#36 D:\\ketapang\\Agro Waste\\vendor\\laravel\\framework\\src\\Illuminate\\Cookie\\Middleware\\EncryptCookies.php(75): Illuminate\\Pipeline\\Pipeline->Illuminate\\Pipeline\\{closure}(Object(Illuminate\\Http\\Request))
#37 D:\\ketapang\\Agro Waste\\vendor\\laravel\\framework\\src\\Illuminate\\Pipeline\\Pipeline.php(209): Illuminate\\Cookie\\Middleware\\EncryptCookies->handle(Object(Illuminate\\Http\\Request), Object(Closure))
#38 D:\\ketapang\\Agro Waste\\vendor\\laravel\\framework\\src\\Illuminate\\Pipeline\\Pipeline.php(127): Illuminate\\Pipeline\\Pipeline->Illuminate\\Pipeline\\{closure}(Object(Illuminate\\Http\\Request))
#39 D:\\ketapang\\Agro Waste\\vendor\\laravel\\framework\\src\\Illuminate\\Routing\\Router.php(807): Illuminate\\Pipeline\\Pipeline->then(Object(Closure))
#40 D:\\ketapang\\Agro Waste\\vendor\\laravel\\framework\\src\\Illuminate\\Routing\\Router.php(786): Illuminate\\Routing\\Router->runRouteWithinStack(Object(Illuminate\\Routing\\Route), Object(Illuminate\\Http\\Request))
#41 D:\\ketapang\\Agro Waste\\vendor\\laravel\\framework\\src\\Illuminate\\Routing\\Router.php(750): Illuminate\\Routing\\Router->runRoute(Object(Illuminate\\Http\\Request), Object(Illuminate\\Routing\\Route))
#42 D:\\ketapang\\Agro Waste\\vendor\\laravel\\framework\\src\\Illuminate\\Routing\\Router.php(739): Illuminate\\Routing\\Router->dispatchToRoute(Object(Illuminate\\Http\\Request))
#43 D:\\ketapang\\Agro Waste\\vendor\\laravel\\framework\\src\\Illuminate\\Foundation\\Http\\Kernel.php(201): Illuminate\\Routing\\Router->dispatch(Object(Illuminate\\Http\\Request))
#44 D:\\ketapang\\Agro Waste\\vendor\\laravel\\framework\\src\\Illuminate\\Pipeline\\Pipeline.php(170): Illuminate\\Foundation\\Http\\Kernel->Illuminate\\Foundation\\Http\\{closure}(Object(Illuminate\\Http\\Request))
#45 D:\\ketapang\\Agro Waste\\vendor\\laravel\\framework\\src\\Illuminate\\Foundation\\Http\\Middleware\\TransformsRequest.php(21): Illuminate\\Pipeline\\Pipeline->Illuminate\\Pipeline\\{closure}(Object(Illuminate\\Http\\Request))
#46 D:\\ketapang\\Agro Waste\\vendor\\laravel\\framework\\src\\Illuminate\\Foundation\\Http\\Middleware\\ConvertEmptyStringsToNull.php(31): Illuminate\\Foundation\\Http\\Middleware\\TransformsRequest->handle(Object(Illuminate\\Http\\Request), Object(Closure))
#47 D:\\ketapang\\Agro Waste\\vendor\\laravel\\framework\\src\\Illuminate\\Pipeline\\Pipeline.php(209): Illuminate\\Foundation\\Http\\Middleware\\ConvertEmptyStringsToNull->handle(Object(Illuminate\\Http\\Request), Object(Closure))
#48 D:\\ketapang\\Agro Waste\\vendor\\laravel\\framework\\src\\Illuminate\\Foundation\\Http\\Middleware\\TransformsRequest.php(21): Illuminate\\Pipeline\\Pipeline->Illuminate\\Pipeline\\{closure}(Object(Illuminate\\Http\\Request))
#49 D:\\ketapang\\Agro Waste\\vendor\\laravel\\framework\\src\\Illuminate\\Foundation\\Http\\Middleware\\TrimStrings.php(51): Illuminate\\Foundation\\Http\\Middleware\\TransformsRequest->handle(Object(Illuminate\\Http\\Request), Object(Closure))
#50 D:\\ketapang\\Agro Waste\\vendor\\laravel\\framework\\src\\Illuminate\\Pipeline\\Pipeline.php(209): Illuminate\\Foundation\\Http\\Middleware\\TrimStrings->handle(Object(Illuminate\\Http\\Request), Object(Closure))
#51 D:\\ketapang\\Agro Waste\\vendor\\laravel\\framework\\src\\Illuminate\\Http\\Middleware\\ValidatePostSize.php(27): Illuminate\\Pipeline\\Pipeline->Illuminate\\Pipeline\\{closure}(Object(Illuminate\\Http\\Request))
#52 D:\\ketapang\\Agro Waste\\vendor\\laravel\\framework\\src\\Illuminate\\Pipeline\\Pipeline.php(209): Illuminate\\Http\\Middleware\\ValidatePostSize->handle(Object(Illuminate\\Http\\Request), Object(Closure))
#53 D:\\ketapang\\Agro Waste\\vendor\\laravel\\framework\\src\\Illuminate\\Foundation\\Http\\Middleware\\PreventRequestsDuringMaintenance.php(110): Illuminate\\Pipeline\\Pipeline->Illuminate\\Pipeline\\{closure}(Object(Illuminate\\Http\\Request))
#54 D:\\ketapang\\Agro Waste\\vendor\\laravel\\framework\\src\\Illuminate\\Pipeline\\Pipeline.php(209): Illuminate\\Foundation\\Http\\Middleware\\PreventRequestsDuringMaintenance->handle(Object(Illuminate\\Http\\Request), Object(Closure))
#55 D:\\ketapang\\Agro Waste\\vendor\\laravel\\framework\\src\\Illuminate\\Http\\Middleware\\HandleCors.php(49): Illuminate\\Pipeline\\Pipeline->Illuminate\\Pipeline\\{closure}(Object(Illuminate\\Http\\Request))
#56 D:\\ketapang\\Agro Waste\\vendor\\laravel\\framework\\src\\Illuminate\\Pipeline\\Pipeline.php(209): Illuminate\\Http\\Middleware\\HandleCors->handle(Object(Illuminate\\Http\\Request), Object(Closure))
#57 D:\\ketapang\\Agro Waste\\vendor\\laravel\\framework\\src\\Illuminate\\Http\\Middleware\\TrustProxies.php(58): Illuminate\\Pipeline\\Pipeline->Illuminate\\Pipeline\\{closure}(Object(Illuminate\\Http\\Request))
#58 D:\\ketapang\\Agro Waste\\vendor\\laravel\\framework\\src\\Illuminate\\Pipeline\\Pipeline.php(209): Illuminate\\Http\\Middleware\\TrustProxies->handle(Object(Illuminate\\Http\\Request), Object(Closure))
#59 D:\\ketapang\\Agro Waste\\vendor\\laravel\\framework\\src\\Illuminate\\Foundation\\Http\\Middleware\\InvokeDeferredCallbacks.php(22): Illuminate\\Pipeline\\Pipeline->Illuminate\\Pipeline\\{closure}(Object(Illuminate\\Http\\Request))
#60 D:\\ketapang\\Agro Waste\\vendor\\laravel\\framework\\src\\Illuminate\\Pipeline\\Pipeline.php(209): Illuminate\\Foundation\\Http\\Middleware\\InvokeDeferredCallbacks->handle(Object(Illuminate\\Http\\Request), Object(Closure))
#61 D:\\ketapang\\Agro Waste\\vendor\\laravel\\framework\\src\\Illuminate\\Pipeline\\Pipeline.php(127): Illuminate\\Pipeline\\Pipeline->Illuminate\\Pipeline\\{closure}(Object(Illuminate\\Http\\Request))
#62 D:\\ketapang\\Agro Waste\\vendor\\laravel\\framework\\src\\Illuminate\\Foundation\\Http\\Kernel.php(176): Illuminate\\Pipeline\\Pipeline->then(Object(Closure))
#63 D:\\ketapang\\Agro Waste\\vendor\\laravel\\framework\\src\\Illuminate\\Foundation\\Http\\Kernel.php(145): Illuminate\\Foundation\\Http\\Kernel->sendRequestThroughRouter(Object(Illuminate\\Http\\Request))
#64 D:\\ketapang\\Agro Waste\\vendor\\laravel\\framework\\src\\Illuminate\\Foundation\\Application.php(1220): Illuminate\\Foundation\\Http\\Kernel->handle(Object(Illuminate\\Http\\Request))
#65 D:\\ketapang\\Agro Waste\\public\\index.php(17): Illuminate\\Foundation\\Application->handleRequest(Object(Illuminate\\Http\\Request))
#66 D:\\ketapang\\Agro Waste\\vendor\\laravel\\framework\\src\\Illuminate\\Foundation\\resources\\server.php(23): require_once('D:\\\\ketapang\\\\Agr...')
#67 {main}

[previous exception] [object] (Symfony\\Component\\Routing\\Exception\\RouteNotFoundException(code: 0): Route [videos.index] not defined. at D:\\ketapang\\Agro Waste\\vendor\\laravel\\framework\\src\\Illuminate\\Routing\\UrlGenerator.php:517)
[stacktrace]
#0 D:\\ketapang\\Agro Waste\\vendor\\laravel\\framework\\src\\Illuminate\\Foundation\\helpers.php(853): Illuminate\\Routing\\UrlGenerator->route('videos.index', Array, true)
#1 D:\\ketapang\\Agro Waste\\storage\\framework\\views\\269a390c3b7ffd044e4a69226b6f101f.php(32): route('videos.index')
#2 D:\\ketapang\\Agro Waste\\vendor\\laravel\\framework\\src\\Illuminate\\Filesystem\\Filesystem.php(123): require('D:\\\\ketapang\\\\Agr...')
#3 D:\\ketapang\\Agro Waste\\vendor\\laravel\\framework\\src\\Illuminate\\Filesystem\\Filesystem.php(124): Illuminate\\Filesystem\\Filesystem::Illuminate\\Filesystem\\{closure}()
#4 D:\\ketapang\\Agro Waste\\vendor\\laravel\\framework\\src\\Illuminate\\View\\Engines\\PhpEngine.php(58): Illuminate\\Filesystem\\Filesystem->getRequire('D:\\\\ketapang\\\\Agr...', Array)
#5 D:\\ketapang\\Agro Waste\\vendor\\laravel\\framework\\src\\Illuminate\\View\\Engines\\CompilerEngine.php(75): Illuminate\\View\\Engines\\PhpEngine->evaluatePath('D:\\\\ketapang\\\\Agr...', Array)
#6 D:\\ketapang\\Agro Waste\\vendor\\laravel\\framework\\src\\Illuminate\\View\\View.php(209): Illuminate\\View\\Engines\\CompilerEngine->get('D:\\\\ketapang\\\\Agr...', Array)
#7 D:\\ketapang\\Agro Waste\\vendor\\laravel\\framework\\src\\Illuminate\\View\\View.php(192): Illuminate\\View\\View->getContents()
#8 D:\\ketapang\\Agro Waste\\vendor\\laravel\\framework\\src\\Illuminate\\View\\View.php(161): Illuminate\\View\\View->renderContents()
#9 D:\\ketapang\\Agro Waste\\storage\\framework\\views\\eed27d20a935b7d4b7b20b82c6de4835.php(209): Illuminate\\View\\View->render()
#10 D:\\ketapang\\Agro Waste\\vendor\\laravel\\framework\\src\\Illuminate\\Filesystem\\Filesystem.php(123): require('D:\\\\ketapang\\\\Agr...')
#11 D:\\ketapang\\Agro Waste\\vendor\\laravel\\framework\\src\\Illuminate\\Filesystem\\Filesystem.php(124): Illuminate\\Filesystem\\Filesystem::Illuminate\\Filesystem\\{closure}()
#12 D:\\ketapang\\Agro Waste\\vendor\\laravel\\framework\\src\\Illuminate\\View\\Engines\\PhpEngine.php(58): Illuminate\\Filesystem\\Filesystem->getRequire('D:\\\\ketapang\\\\Agr...', Array)
#13 D:\\ketapang\\Agro Waste\\vendor\\laravel\\framework\\src\\Illuminate\\View\\Engines\\CompilerEngine.php(75): Illuminate\\View\\Engines\\PhpEngine->evaluatePath('D:\\\\ketapang\\\\Agr...', Array)
#14 D:\\ketapang\\Agro Waste\\vendor\\laravel\\framework\\src\\Illuminate\\View\\View.php(209): Illuminate\\View\\Engines\\CompilerEngine->get('D:\\\\ketapang\\\\Agr...', Array)
#15 D:\\ketapang\\Agro Waste\\vendor\\laravel\\framework\\src\\Illuminate\\View\\View.php(192): Illuminate\\View\\View->getContents()
#16 D:\\ketapang\\Agro Waste\\vendor\\laravel\\framework\\src\\Illuminate\\View\\View.php(161): Illuminate\\View\\View->renderContents()
#17 D:\\ketapang\\Agro Waste\\vendor\\laravel\\framework\\src\\Illuminate\\Http\\Response.php(79): Illuminate\\View\\View->render()
#18 D:\\ketapang\\Agro Waste\\vendor\\laravel\\framework\\src\\Illuminate\\Http\\Response.php(35): Illuminate\\Http\\Response->setContent(Object(Illuminate\\View\\View))
#19 D:\\ketapang\\Agro Waste\\vendor\\laravel\\framework\\src\\Illuminate\\Routing\\Router.php(920): Illuminate\\Http\\Response->__construct(Object(Illuminate\\View\\View), 200, Array)
#20 D:\\ketapang\\Agro Waste\\vendor\\laravel\\framework\\src\\Illuminate\\Routing\\Router.php(887): Illuminate\\Routing\\Router::toResponse(Object(Illuminate\\Http\\Request), Object(Illuminate\\View\\View))
#21 D:\\ketapang\\Agro Waste\\vendor\\laravel\\framework\\src\\Illuminate\\Routing\\Router.php(807): Illuminate\\Routing\\Router->prepareResponse(Object(Illuminate\\Http\\Request), Object(Illuminate\\View\\View))
#22 D:\\ketapang\\Agro Waste\\vendor\\laravel\\framework\\src\\Illuminate\\Pipeline\\Pipeline.php(170): Illuminate\\Routing\\Router->Illuminate\\Routing\\{closure}(Object(Illuminate\\Http\\Request))
#23 D:\\ketapang\\Agro Waste\\app\\Http\\Middleware\\Authenticate.php(18): Illuminate\\Pipeline\\Pipeline->Illuminate\\Pipeline\\{closure}(Object(Illuminate\\Http\\Request))
#24 D:\\ketapang\\Agro Waste\\vendor\\laravel\\framework\\src\\Illuminate\\Pipeline\\Pipeline.php(209): App\\Http\\Middleware\\Authenticate->handle(Object(Illuminate\\Http\\Request), Object(Closure))
#25 D:\\ketapang\\Agro Waste\\vendor\\laravel\\framework\\src\\Illuminate\\Routing\\Middleware\\SubstituteBindings.php(51): Illuminate\\Pipeline\\Pipeline->Illuminate\\Pipeline\\{closure}(Object(Illuminate\\Http\\Request))
#26 D:\\ketapang\\Agro Waste\\vendor\\laravel\\framework\\src\\Illuminate\\Pipeline\\Pipeline.php(209): Illuminate\\Routing\\Middleware\\SubstituteBindings->handle(Object(Illuminate\\Http\\Request), Object(Closure))
#27 D:\\ketapang\\Agro Waste\\vendor\\laravel\\framework\\src\\Illuminate\\Foundation\\Http\\Middleware\\VerifyCsrfToken.php(88): Illuminate\\Pipeline\\Pipeline->Illuminate\\Pipeline\\{closure}(Object(Illuminate\\Http\\Request))
#28 D:\\ketapang\\Agro Waste\\vendor\\laravel\\framework\\src\\Illuminate\\Pipeline\\Pipeline.php(209): Illuminate\\Foundation\\Http\\Middleware\\VerifyCsrfToken->handle(Object(Illuminate\\Http\\Request), Object(Closure))
#29 D:\\ketapang\\Agro Waste\\vendor\\laravel\\framework\\src\\Illuminate\\View\\Middleware\\ShareErrorsFromSession.php(49): Illuminate\\Pipeline\\Pipeline->Illuminate\\Pipeline\\{closure}(Object(Illuminate\\Http\\Request))
#30 D:\\ketapang\\Agro Waste\\vendor\\laravel\\framework\\src\\Illuminate\\Pipeline\\Pipeline.php(209): Illuminate\\View\\Middleware\\ShareErrorsFromSession->handle(Object(Illuminate\\Http\\Request), Object(Closure))
#31 D:\\ketapang\\Agro Waste\\vendor\\laravel\\framework\\src\\Illuminate\\Session\\Middleware\\StartSession.php(121): Illuminate\\Pipeline\\Pipeline->Illuminate\\Pipeline\\{closure}(Object(Illuminate\\Http\\Request))
#32 D:\\ketapang\\Agro Waste\\vendor\\laravel\\framework\\src\\Illuminate\\Session\\Middleware\\StartSession.php(64): Illuminate\\Session\\Middleware\\StartSession->handleStatefulRequest(Object(Illuminate\\Http\\Request), Object(Illuminate\\Session\\Store), Object(Closure))
#33 D:\\ketapang\\Agro Waste\\vendor\\laravel\\framework\\src\\Illuminate\\Pipeline\\Pipeline.php(209): Illuminate\\Session\\Middleware\\StartSession->handle(Object(Illuminate\\Http\\Request), Object(Closure))
#34 D:\\ketapang\\Agro Waste\\vendor\\laravel\\framework\\src\\Illuminate\\Cookie\\Middleware\\AddQueuedCookiesToResponse.php(37): Illuminate\\Pipeline\\Pipeline->Illuminate\\Pipeline\\{closure}(Object(Illuminate\\Http\\Request))
#35 D:\\ketapang\\Agro Waste\\vendor\\laravel\\framework\\src\\Illuminate\\Pipeline\\Pipeline.php(209): Illuminate\\Cookie\\Middleware\\AddQueuedCookiesToResponse->handle(Object(Illuminate\\Http\\Request), Object(Closure))
#36 D:\\ketapang\\Agro Waste\\vendor\\laravel\\framework\\src\\Illuminate\\Cookie\\Middleware\\EncryptCookies.php(75): Illuminate\\Pipeline\\Pipeline->Illuminate\\Pipeline\\{closure}(Object(Illuminate\\Http\\Request))
#37 D:\\ketapang\\Agro Waste\\vendor\\laravel\\framework\\src\\Illuminate\\Pipeline\\Pipeline.php(209): Illuminate\\Cookie\\Middleware\\EncryptCookies->handle(Object(Illuminate\\Http\\Request), Object(Closure))
#38 D:\\ketapang\\Agro Waste\\vendor\\laravel\\framework\\src\\Illuminate\\Pipeline\\Pipeline.php(127): Illuminate\\Pipeline\\Pipeline->Illuminate\\Pipeline\\{closure}(Object(Illuminate\\Http\\Request))
#39 D:\\ketapang\\Agro Waste\\vendor\\laravel\\framework\\src\\Illuminate\\Routing\\Router.php(807): Illuminate\\Pipeline\\Pipeline->then(Object(Closure))
#40 D:\\ketapang\\Agro Waste\\vendor\\laravel\\framework\\src\\Illuminate\\Routing\\Router.php(786): Illuminate\\Routing\\Router->runRouteWithinStack(Object(Illuminate\\Routing\\Route), Object(Illuminate\\Http\\Request))
#41 D:\\ketapang\\Agro Waste\\vendor\\laravel\\framework\\src\\Illuminate\\Routing\\Router.php(750): Illuminate\\Routing\\Router->runRoute(Object(Illuminate\\Http\\Request), Object(Illuminate\\Routing\\Route))
#42 D:\\ketapang\\Agro Waste\\vendor\\laravel\\framework\\src\\Illuminate\\Routing\\Router.php(739): Illuminate\\Routing\\Router->dispatchToRoute(Object(Illuminate\\Http\\Request))
#43 D:\\ketapang\\Agro Waste\\vendor\\laravel\\framework\\src\\Illuminate\\Foundation\\Http\\Kernel.php(201): Illuminate\\Routing\\Router->dispatch(Object(Illuminate\\Http\\Request))
#44 D:\\ketapang\\Agro Waste\\vendor\\laravel\\framework\\src\\Illuminate\\Pipeline\\Pipeline.php(170): Illuminate\\Foundation\\Http\\Kernel->Illuminate\\Foundation\\Http\\{closure}(Object(Illuminate\\Http\\Request))
#45 D:\\ketapang\\Agro Waste\\vendor\\laravel\\framework\\src\\Illuminate\\Foundation\\Http\\Middleware\\TransformsRequest.php(21): Illuminate\\Pipeline\\Pipeline->Illuminate\\Pipeline\\{closure}(Object(Illuminate\\Http\\Request))
#46 D:\\ketapang\\Agro Waste\\vendor\\laravel\\framework\\src\\Illuminate\\Foundation\\Http\\Middleware\\ConvertEmptyStringsToNull.php(31): Illuminate\\Foundation\\Http\\Middleware\\TransformsRequest->handle(Object(Illuminate\\Http\\Request), Object(Closure))
#47 D:\\ketapang\\Agro Waste\\vendor\\laravel\\framework\\src\\Illuminate\\Pipeline\\Pipeline.php(209): Illuminate\\Foundation\\Http\\Middleware\\ConvertEmptyStringsToNull->handle(Object(Illuminate\\Http\\Request), Object(Closure))
#48 D:\\ketapang\\Agro Waste\\vendor\\laravel\\framework\\src\\Illuminate\\Foundation\\Http\\Middleware\\TransformsRequest.php(21): Illuminate\\Pipeline\\Pipeline->Illuminate\\Pipeline\\{closure}(Object(Illuminate\\Http\\Request))
#49 D:\\ketapang\\Agro Waste\\vendor\\laravel\\framework\\src\\Illuminate\\Foundation\\Http\\Middleware\\TrimStrings.php(51): Illuminate\\Foundation\\Http\\Middleware\\TransformsRequest->handle(Object(Illuminate\\Http\\Request), Object(Closure))
#50 D:\\ketapang\\Agro Waste\\vendor\\laravel\\framework\\src\\Illuminate\\Pipeline\\Pipeline.php(209): Illuminate\\Foundation\\Http\\Middleware\\TrimStrings->handle(Object(Illuminate\\Http\\Request), Object(Closure))
#51 D:\\ketapang\\Agro Waste\\vendor\\laravel\\framework\\src\\Illuminate\\Http\\Middleware\\ValidatePostSize.php(27): Illuminate\\Pipeline\\Pipeline->Illuminate\\Pipeline\\{closure}(Object(Illuminate\\Http\\Request))
#52 D:\\ketapang\\Agro Waste\\vendor\\laravel\\framework\\src\\Illuminate\\Pipeline\\Pipeline.php(209): Illuminate\\Http\\Middleware\\ValidatePostSize->handle(Object(Illuminate\\Http\\Request), Object(Closure))
#53 D:\\ketapang\\Agro Waste\\vendor\\laravel\\framework\\src\\Illuminate\\Foundation\\Http\\Middleware\\PreventRequestsDuringMaintenance.php(110): Illuminate\\Pipeline\\Pipeline->Illuminate\\Pipeline\\{closure}(Object(Illuminate\\Http\\Request))
#54 D:\\ketapang\\Agro Waste\\vendor\\laravel\\framework\\src\\Illuminate\\Pipeline\\Pipeline.php(209): Illuminate\\Foundation\\Http\\Middleware\\PreventRequestsDuringMaintenance->handle(Object(Illuminate\\Http\\Request), Object(Closure))
#55 D:\\ketapang\\Agro Waste\\vendor\\laravel\\framework\\src\\Illuminate\\Http\\Middleware\\HandleCors.php(49): Illuminate\\Pipeline\\Pipeline->Illuminate\\Pipeline\\{closure}(Object(Illuminate\\Http\\Request))
#56 D:\\ketapang\\Agro Waste\\vendor\\laravel\\framework\\src\\Illuminate\\Pipeline\\Pipeline.php(209): Illuminate\\Http\\Middleware\\HandleCors->handle(Object(Illuminate\\Http\\Request), Object(Closure))
#57 D:\\ketapang\\Agro Waste\\vendor\\laravel\\framework\\src\\Illuminate\\Http\\Middleware\\TrustProxies.php(58): Illuminate\\Pipeline\\Pipeline->Illuminate\\Pipeline\\{closure}(Object(Illuminate\\Http\\Request))
#58 D:\\ketapang\\Agro Waste\\vendor\\laravel\\framework\\src\\Illuminate\\Pipeline\\Pipeline.php(209): Illuminate\\Http\\Middleware\\TrustProxies->handle(Object(Illuminate\\Http\\Request), Object(Closure))
#59 D:\\ketapang\\Agro Waste\\vendor\\laravel\\framework\\src\\Illuminate\\Foundation\\Http\\Middleware\\InvokeDeferredCallbacks.php(22): Illuminate\\Pipeline\\Pipeline->Illuminate\\Pipeline\\{closure}(Object(Illuminate\\Http\\Request))
#60 D:\\ketapang\\Agro Waste\\vendor\\laravel\\framework\\src\\Illuminate\\Pipeline\\Pipeline.php(209): Illuminate\\Foundation\\Http\\Middleware\\InvokeDeferredCallbacks->handle(Object(Illuminate\\Http\\Request), Object(Closure))
#61 D:\\ketapang\\Agro Waste\\vendor\\laravel\\framework\\src\\Illuminate\\Pipeline\\Pipeline.php(127): Illuminate\\Pipeline\\Pipeline->Illuminate\\Pipeline\\{closure}(Object(Illuminate\\Http\\Request))
#62 D:\\ketapang\\Agro Waste\\vendor\\laravel\\framework\\src\\Illuminate\\Foundation\\Http\\Kernel.php(176): Illuminate\\Pipeline\\Pipeline->then(Object(Closure))
#63 D:\\ketapang\\Agro Waste\\vendor\\laravel\\framework\\src\\Illuminate\\Foundation\\Http\\Kernel.php(145): Illuminate\\Foundation\\Http\\Kernel->sendRequestThroughRouter(Object(Illuminate\\Http\\Request))
#64 D:\\ketapang\\Agro Waste\\vendor\\laravel\\framework\\src\\Illuminate\\Foundation\\Application.php(1220): Illuminate\\Foundation\\Http\\Kernel->handle(Object(Illuminate\\Http\\Request))
#65 D:\\ketapang\\Agro Waste\\public\\index.php(17): Illuminate\\Foundation\\Application->handleRequest(Object(Illuminate\\Http\\Request))
#66 D:\\ketapang\\Agro Waste\\vendor\\laravel\\framework\\src\\Illuminate\\Foundation\\resources\\server.php(23): require_once('D:\\\\ketapang\\\\Agr...')
#67 {main}
"} 
[2025-11-24 20:20:40] local.ERROR: View [app] not found. {"exception":"[object] (InvalidArgumentException(code: 0): View [app] not found. at D:\\ketapang\\Agro Waste\\vendor\\laravel\\framework\\src\\Illuminate\\View\\FileViewFinder.php:139)
[stacktrace]
#0 D:\\ketapang\\Agro Waste\\vendor\\laravel\\framework\\src\\Illuminate\\View\\FileViewFinder.php(79): Illuminate\\View\\FileViewFinder->findInPaths('app', Array)
#1 D:\\ketapang\\Agro Waste\\vendor\\laravel\\framework\\src\\Illuminate\\View\\Factory.php(151): Illuminate\\View\\FileViewFinder->find('app')
#2 D:\\ketapang\\Agro Waste\\vendor\\laravel\\framework\\src\\Illuminate\\Routing\\ResponseFactory.php(90): Illuminate\\View\\Factory->make('app', Array)
#3 D:\\ketapang\\Agro Waste\\vendor\\laravel\\framework\\src\\Illuminate\\Support\\Facades\\Facade.php(361): Illuminate\\Routing\\ResponseFactory->view('app', Array)
#4 D:\\ketapang\\Agro Waste\\vendor\\inertiajs\\inertia-laravel\\src\\Response.php(199): Illuminate\\Support\\Facades\\Facade::__callStatic('view', Array)
#5 D:\\ketapang\\Agro Waste\\vendor\\laravel\\framework\\src\\Illuminate\\Routing\\Router.php(902): Inertia\\Response->toResponse(Object(Illuminate\\Http\\Request))
#6 D:\\ketapang\\Agro Waste\\vendor\\laravel\\framework\\src\\Illuminate\\Routing\\Router.php(887): Illuminate\\Routing\\Router::toResponse(Object(Illuminate\\Http\\Request), Object(Inertia\\Response))
#7 D:\\ketapang\\Agro Waste\\vendor\\laravel\\framework\\src\\Illuminate\\Routing\\Router.php(807): Illuminate\\Routing\\Router->prepareResponse(Object(Illuminate\\Http\\Request), Object(Inertia\\Response))
#8 D:\\ketapang\\Agro Waste\\vendor\\laravel\\framework\\src\\Illuminate\\Pipeline\\Pipeline.php(170): Illuminate\\Routing\\Router->Illuminate\\Routing\\{closure}(Object(Illuminate\\Http\\Request))
#9 D:\\ketapang\\Agro Waste\\vendor\\laravel\\framework\\src\\Illuminate\\Auth\\Middleware\\RedirectIfAuthenticated.php(35): Illuminate\\Pipeline\\Pipeline->Illuminate\\Pipeline\\{closure}(Object(Illuminate\\Http\\Request))
#10 D:\\ketapang\\Agro Waste\\vendor\\laravel\\framework\\src\\Illuminate\\Pipeline\\Pipeline.php(209): Illuminate\\Auth\\Middleware\\RedirectIfAuthenticated->handle(Object(Illuminate\\Http\\Request), Object(Closure))
#11 D:\\ketapang\\Agro Waste\\vendor\\inertiajs\\inertia-laravel\\src\\Middleware.php(96): Illuminate\\Pipeline\\Pipeline->Illuminate\\Pipeline\\{closure}(Object(Illuminate\\Http\\Request))
#12 D:\\ketapang\\Agro Waste\\vendor\\laravel\\framework\\src\\Illuminate\\Pipeline\\Pipeline.php(209): Inertia\\Middleware->handle(Object(Illuminate\\Http\\Request), Object(Closure))
#13 D:\\ketapang\\Agro Waste\\vendor\\laravel\\framework\\src\\Illuminate\\Routing\\Middleware\\SubstituteBindings.php(51): Illuminate\\Pipeline\\Pipeline->Illuminate\\Pipeline\\{closure}(Object(Illuminate\\Http\\Request))
#14 D:\\ketapang\\Agro Waste\\vendor\\laravel\\framework\\src\\Illuminate\\Pipeline\\Pipeline.php(209): Illuminate\\Routing\\Middleware\\SubstituteBindings->handle(Object(Illuminate\\Http\\Request), Object(Closure))
#15 D:\\ketapang\\Agro Waste\\vendor\\laravel\\framework\\src\\Illuminate\\Foundation\\Http\\Middleware\\VerifyCsrfToken.php(88): Illuminate\\Pipeline\\Pipeline->Illuminate\\Pipeline\\{closure}(Object(Illuminate\\Http\\Request))
#16 D:\\ketapang\\Agro Waste\\vendor\\laravel\\framework\\src\\Illuminate\\Pipeline\\Pipeline.php(209): Illuminate\\Foundation\\Http\\Middleware\\VerifyCsrfToken->handle(Object(Illuminate\\Http\\Request), Object(Closure))
#17 D:\\ketapang\\Agro Waste\\vendor\\laravel\\framework\\src\\Illuminate\\View\\Middleware\\ShareErrorsFromSession.php(49): Illuminate\\Pipeline\\Pipeline->Illuminate\\Pipeline\\{closure}(Object(Illuminate\\Http\\Request))
#18 D:\\ketapang\\Agro Waste\\vendor\\laravel\\framework\\src\\Illuminate\\Pipeline\\Pipeline.php(209): Illuminate\\View\\Middleware\\ShareErrorsFromSession->handle(Object(Illuminate\\Http\\Request), Object(Closure))
#19 D:\\ketapang\\Agro Waste\\vendor\\laravel\\framework\\src\\Illuminate\\Session\\Middleware\\StartSession.php(121): Illuminate\\Pipeline\\Pipeline->Illuminate\\Pipeline\\{closure}(Object(Illuminate\\Http\\Request))
#20 D:\\ketapang\\Agro Waste\\vendor\\laravel\\framework\\src\\Illuminate\\Session\\Middleware\\StartSession.php(64): Illuminate\\Session\\Middleware\\StartSession->handleStatefulRequest(Object(Illuminate\\Http\\Request), Object(Illuminate\\Session\\Store), Object(Closure))
#21 D:\\ketapang\\Agro Waste\\vendor\\laravel\\framework\\src\\Illuminate\\Pipeline\\Pipeline.php(209): Illuminate\\Session\\Middleware\\StartSession->handle(Object(Illuminate\\Http\\Request), Object(Closure))
#22 D:\\ketapang\\Agro Waste\\vendor\\laravel\\framework\\src\\Illuminate\\Cookie\\Middleware\\AddQueuedCookiesToResponse.php(37): Illuminate\\Pipeline\\Pipeline->Illuminate\\Pipeline\\{closure}(Object(Illuminate\\Http\\Request))
#23 D:\\ketapang\\Agro Waste\\vendor\\laravel\\framework\\src\\Illuminate\\Pipeline\\Pipeline.php(209): Illuminate\\Cookie\\Middleware\\AddQueuedCookiesToResponse->handle(Object(Illuminate\\Http\\Request), Object(Closure))
#24 D:\\ketapang\\Agro Waste\\vendor\\laravel\\framework\\src\\Illuminate\\Cookie\\Middleware\\EncryptCookies.php(75): Illuminate\\Pipeline\\Pipeline->Illuminate\\Pipeline\\{closure}(Object(Illuminate\\Http\\Request))
#25 D:\\ketapang\\Agro Waste\\vendor\\laravel\\framework\\src\\Illuminate\\Pipeline\\Pipeline.php(209): Illuminate\\Cookie\\Middleware\\EncryptCookies->handle(Object(Illuminate\\Http\\Request), Object(Closure))
#26 D:\\ketapang\\Agro Waste\\vendor\\laravel\\framework\\src\\Illuminate\\Pipeline\\Pipeline.php(127): Illuminate\\Pipeline\\Pipeline->Illuminate\\Pipeline\\{closure}(Object(Illuminate\\Http\\Request))
#27 D:\\ketapang\\Agro Waste\\vendor\\laravel\\framework\\src\\Illuminate\\Routing\\Router.php(807): Illuminate\\Pipeline\\Pipeline->then(Object(Closure))
#28 D:\\ketapang\\Agro Waste\\vendor\\laravel\\framework\\src\\Illuminate\\Routing\\Router.php(786): Illuminate\\Routing\\Router->runRouteWithinStack(Object(Illuminate\\Routing\\Route), Object(Illuminate\\Http\\Request))
#29 D:\\ketapang\\Agro Waste\\vendor\\laravel\\framework\\src\\Illuminate\\Routing\\Router.php(750): Illuminate\\Routing\\Router->runRoute(Object(Illuminate\\Http\\Request), Object(Illuminate\\Routing\\Route))
#30 D:\\ketapang\\Agro Waste\\vendor\\laravel\\framework\\src\\Illuminate\\Routing\\Router.php(739): Illuminate\\Routing\\Router->dispatchToRoute(Object(Illuminate\\Http\\Request))
#31 D:\\ketapang\\Agro Waste\\vendor\\laravel\\framework\\src\\Illuminate\\Foundation\\Http\\Kernel.php(201): Illuminate\\Routing\\Router->dispatch(Object(Illuminate\\Http\\Request))
#32 D:\\ketapang\\Agro Waste\\vendor\\laravel\\framework\\src\\Illuminate\\Pipeline\\Pipeline.php(170): Illuminate\\Foundation\\Http\\Kernel->Illuminate\\Foundation\\Http\\{closure}(Object(Illuminate\\Http\\Request))
#33 D:\\ketapang\\Agro Waste\\vendor\\laravel\\framework\\src\\Illuminate\\Foundation\\Http\\Middleware\\TransformsRequest.php(21): Illuminate\\Pipeline\\Pipeline->Illuminate\\Pipeline\\{closure}(Object(Illuminate\\Http\\Request))
#34 D:\\ketapang\\Agro Waste\\vendor\\laravel\\framework\\src\\Illuminate\\Foundation\\Http\\Middleware\\ConvertEmptyStringsToNull.php(31): Illuminate\\Foundation\\Http\\Middleware\\TransformsRequest->handle(Object(Illuminate\\Http\\Request), Object(Closure))
#35 D:\\ketapang\\Agro Waste\\vendor\\laravel\\framework\\src\\Illuminate\\Pipeline\\Pipeline.php(209): Illuminate\\Foundation\\Http\\Middleware\\ConvertEmptyStringsToNull->handle(Object(Illuminate\\Http\\Request), Object(Closure))
#36 D:\\ketapang\\Agro Waste\\vendor\\laravel\\framework\\src\\Illuminate\\Foundation\\Http\\Middleware\\TransformsRequest.php(21): Illuminate\\Pipeline\\Pipeline->Illuminate\\Pipeline\\{closure}(Object(Illuminate\\Http\\Request))
#37 D:\\ketapang\\Agro Waste\\vendor\\laravel\\framework\\src\\Illuminate\\Foundation\\Http\\Middleware\\TrimStrings.php(51): Illuminate\\Foundation\\Http\\Middleware\\TransformsRequest->handle(Object(Illuminate\\Http\\Request), Object(Closure))
#38 D:\\ketapang\\Agro Waste\\vendor\\laravel\\framework\\src\\Illuminate\\Pipeline\\Pipeline.php(209): Illuminate\\Foundation\\Http\\Middleware\\TrimStrings->handle(Object(Illuminate\\Http\\Request), Object(Closure))
#39 D:\\ketapang\\Agro Waste\\vendor\\laravel\\framework\\src\\Illuminate\\Http\\Middleware\\ValidatePostSize.php(27): Illuminate\\Pipeline\\Pipeline->Illuminate\\Pipeline\\{closure}(Object(Illuminate\\Http\\Request))
#40 D:\\ketapang\\Agro Waste\\vendor\\laravel\\framework\\src\\Illuminate\\Pipeline\\Pipeline.php(209): Illuminate\\Http\\Middleware\\ValidatePostSize->handle(Object(Illuminate\\Http\\Request), Object(Closure))
#41 D:\\ketapang\\Agro Waste\\vendor\\laravel\\framework\\src\\Illuminate\\Foundation\\Http\\Middleware\\PreventRequestsDuringMaintenance.php(110): Illuminate\\Pipeline\\Pipeline->Illuminate\\Pipeline\\{closure}(Object(Illuminate\\Http\\Request))
#42 D:\\ketapang\\Agro Waste\\vendor\\laravel\\framework\\src\\Illuminate\\Pipeline\\Pipeline.php(209): Illuminate\\Foundation\\Http\\Middleware\\PreventRequestsDuringMaintenance->handle(Object(Illuminate\\Http\\Request), Object(Closure))
#43 D:\\ketapang\\Agro Waste\\vendor\\laravel\\framework\\src\\Illuminate\\Http\\Middleware\\HandleCors.php(49): Illuminate\\Pipeline\\Pipeline->Illuminate\\Pipeline\\{closure}(Object(Illuminate\\Http\\Request))
#44 D:\\ketapang\\Agro Waste\\vendor\\laravel\\framework\\src\\Illuminate\\Pipeline\\Pipeline.php(209): Illuminate\\Http\\Middleware\\HandleCors->handle(Object(Illuminate\\Http\\Request), Object(Closure))
#45 D:\\ketapang\\Agro Waste\\vendor\\laravel\\framework\\src\\Illuminate\\Http\\Middleware\\TrustProxies.php(58): Illuminate\\Pipeline\\Pipeline->Illuminate\\Pipeline\\{closure}(Object(Illuminate\\Http\\Request))
#46 D:\\ketapang\\Agro Waste\\vendor\\laravel\\framework\\src\\Illuminate\\Pipeline\\Pipeline.php(209): Illuminate\\Http\\Middleware\\TrustProxies->handle(Object(Illuminate\\Http\\Request), Object(Closure))
#47 D:\\ketapang\\Agro Waste\\vendor\\laravel\\framework\\src\\Illuminate\\Foundation\\Http\\Middleware\\InvokeDeferredCallbacks.php(22): Illuminate\\Pipeline\\Pipeline->Illuminate\\Pipeline\\{closure}(Object(Illuminate\\Http\\Request))
#48 D:\\ketapang\\Agro Waste\\vendor\\laravel\\framework\\src\\Illuminate\\Pipeline\\Pipeline.php(209): Illuminate\\Foundation\\Http\\Middleware\\InvokeDeferredCallbacks->handle(Object(Illuminate\\Http\\Request), Object(Closure))
#49 D:\\ketapang\\Agro Waste\\vendor\\laravel\\framework\\src\\Illuminate\\Pipeline\\Pipeline.php(127): Illuminate\\Pipeline\\Pipeline->Illuminate\\Pipeline\\{closure}(Object(Illuminate\\Http\\Request))
#50 D:\\ketapang\\Agro Waste\\vendor\\laravel\\framework\\src\\Illuminate\\Foundation\\Http\\Kernel.php(176): Illuminate\\Pipeline\\Pipeline->then(Object(Closure))
#51 D:\\ketapang\\Agro Waste\\vendor\\laravel\\framework\\src\\Illuminate\\Foundation\\Http\\Kernel.php(145): Illuminate\\Foundation\\Http\\Kernel->sendRequestThroughRouter(Object(Illuminate\\Http\\Request))
#52 D:\\ketapang\\Agro Waste\\vendor\\laravel\\framework\\src\\Illuminate\\Foundation\\Application.php(1220): Illuminate\\Foundation\\Http\\Kernel->handle(Object(Illuminate\\Http\\Request))
#53 D:\\ketapang\\Agro Waste\\public\\index.php(17): Illuminate\\Foundation\\Application->handleRequest(Object(Illuminate\\Http\\Request))
#54 D:\\ketapang\\Agro Waste\\vendor\\laravel\\framework\\src\\Illuminate\\Foundation\\resources\\server.php(23): require_once('D:\\\\ketapang\\\\Agr...')
#55 {main}
"} 
[2025-11-24 20:21:47] local.ERROR: View [app] not found. {"exception":"[object] (InvalidArgumentException(code: 0): View [app] not found. at D:\\ketapang\\Agro Waste\\vendor\\laravel\\framework\\src\\Illuminate\\View\\FileViewFinder.php:139)
[stacktrace]
#0 D:\\ketapang\\Agro Waste\\vendor\\laravel\\framework\\src\\Illuminate\\View\\FileViewFinder.php(79): Illuminate\\View\\FileViewFinder->findInPaths('app', Array)
#1 D:\\ketapang\\Agro Waste\\vendor\\laravel\\framework\\src\\Illuminate\\View\\Factory.php(151): Illuminate\\View\\FileViewFinder->find('app')
#2 D:\\ketapang\\Agro Waste\\vendor\\laravel\\framework\\src\\Illuminate\\Routing\\ResponseFactory.php(90): Illuminate\\View\\Factory->make('app', Array)
#3 D:\\ketapang\\Agro Waste\\vendor\\laravel\\framework\\src\\Illuminate\\Support\\Facades\\Facade.php(361): Illuminate\\Routing\\ResponseFactory->view('app', Array)
#4 D:\\ketapang\\Agro Waste\\vendor\\inertiajs\\inertia-laravel\\src\\Response.php(199): Illuminate\\Support\\Facades\\Facade::__callStatic('view', Array)
#5 D:\\ketapang\\Agro Waste\\vendor\\laravel\\framework\\src\\Illuminate\\Routing\\Router.php(902): Inertia\\Response->toResponse(Object(Illuminate\\Http\\Request))
#6 D:\\ketapang\\Agro Waste\\vendor\\laravel\\framework\\src\\Illuminate\\Routing\\Router.php(887): Illuminate\\Routing\\Router::toResponse(Object(Illuminate\\Http\\Request), Object(Inertia\\Response))
#7 D:\\ketapang\\Agro Waste\\vendor\\laravel\\framework\\src\\Illuminate\\Routing\\Router.php(807): Illuminate\\Routing\\Router->prepareResponse(Object(Illuminate\\Http\\Request), Object(Inertia\\Response))
#8 D:\\ketapang\\Agro Waste\\vendor\\laravel\\framework\\src\\Illuminate\\Pipeline\\Pipeline.php(170): Illuminate\\Routing\\Router->Illuminate\\Routing\\{closure}(Object(Illuminate\\Http\\Request))
#9 D:\\ketapang\\Agro Waste\\vendor\\laravel\\framework\\src\\Illuminate\\Auth\\Middleware\\RedirectIfAuthenticated.php(35): Illuminate\\Pipeline\\Pipeline->Illuminate\\Pipeline\\{closure}(Object(Illuminate\\Http\\Request))
#10 D:\\ketapang\\Agro Waste\\vendor\\laravel\\framework\\src\\Illuminate\\Pipeline\\Pipeline.php(209): Illuminate\\Auth\\Middleware\\RedirectIfAuthenticated->handle(Object(Illuminate\\Http\\Request), Object(Closure))
#11 D:\\ketapang\\Agro Waste\\vendor\\inertiajs\\inertia-laravel\\src\\Middleware.php(96): Illuminate\\Pipeline\\Pipeline->Illuminate\\Pipeline\\{closure}(Object(Illuminate\\Http\\Request))
#12 D:\\ketapang\\Agro Waste\\vendor\\laravel\\framework\\src\\Illuminate\\Pipeline\\Pipeline.php(209): Inertia\\Middleware->handle(Object(Illuminate\\Http\\Request), Object(Closure))
#13 D:\\ketapang\\Agro Waste\\vendor\\laravel\\framework\\src\\Illuminate\\Routing\\Middleware\\SubstituteBindings.php(51): Illuminate\\Pipeline\\Pipeline->Illuminate\\Pipeline\\{closure}(Object(Illuminate\\Http\\Request))
#14 D:\\ketapang\\Agro Waste\\vendor\\laravel\\framework\\src\\Illuminate\\Pipeline\\Pipeline.php(209): Illuminate\\Routing\\Middleware\\SubstituteBindings->handle(Object(Illuminate\\Http\\Request), Object(Closure))
#15 D:\\ketapang\\Agro Waste\\vendor\\laravel\\framework\\src\\Illuminate\\Foundation\\Http\\Middleware\\VerifyCsrfToken.php(88): Illuminate\\Pipeline\\Pipeline->Illuminate\\Pipeline\\{closure}(Object(Illuminate\\Http\\Request))
#16 D:\\ketapang\\Agro Waste\\vendor\\laravel\\framework\\src\\Illuminate\\Pipeline\\Pipeline.php(209): Illuminate\\Foundation\\Http\\Middleware\\VerifyCsrfToken->handle(Object(Illuminate\\Http\\Request), Object(Closure))
#17 D:\\ketapang\\Agro Waste\\vendor\\laravel\\framework\\src\\Illuminate\\View\\Middleware\\ShareErrorsFromSession.php(49): Illuminate\\Pipeline\\Pipeline->Illuminate\\Pipeline\\{closure}(Object(Illuminate\\Http\\Request))
#18 D:\\ketapang\\Agro Waste\\vendor\\laravel\\framework\\src\\Illuminate\\Pipeline\\Pipeline.php(209): Illuminate\\View\\Middleware\\ShareErrorsFromSession->handle(Object(Illuminate\\Http\\Request), Object(Closure))
#19 D:\\ketapang\\Agro Waste\\vendor\\laravel\\framework\\src\\Illuminate\\Session\\Middleware\\StartSession.php(121): Illuminate\\Pipeline\\Pipeline->Illuminate\\Pipeline\\{closure}(Object(Illuminate\\Http\\Request))
#20 D:\\ketapang\\Agro Waste\\vendor\\laravel\\framework\\src\\Illuminate\\Session\\Middleware\\StartSession.php(64): Illuminate\\Session\\Middleware\\StartSession->handleStatefulRequest(Object(Illuminate\\Http\\Request), Object(Illuminate\\Session\\Store), Object(Closure))
#21 D:\\ketapang\\Agro Waste\\vendor\\laravel\\framework\\src\\Illuminate\\Pipeline\\Pipeline.php(209): Illuminate\\Session\\Middleware\\StartSession->handle(Object(Illuminate\\Http\\Request), Object(Closure))
#22 D:\\ketapang\\Agro Waste\\vendor\\laravel\\framework\\src\\Illuminate\\Cookie\\Middleware\\AddQueuedCookiesToResponse.php(37): Illuminate\\Pipeline\\Pipeline->Illuminate\\Pipeline\\{closure}(Object(Illuminate\\Http\\Request))
#23 D:\\ketapang\\Agro Waste\\vendor\\laravel\\framework\\src\\Illuminate\\Pipeline\\Pipeline.php(209): Illuminate\\Cookie\\Middleware\\AddQueuedCookiesToResponse->handle(Object(Illuminate\\Http\\Request), Object(Closure))
#24 D:\\ketapang\\Agro Waste\\vendor\\laravel\\framework\\src\\Illuminate\\Cookie\\Middleware\\EncryptCookies.php(75): Illuminate\\Pipeline\\Pipeline->Illuminate\\Pipeline\\{closure}(Object(Illuminate\\Http\\Request))
#25 D:\\ketapang\\Agro Waste\\vendor\\laravel\\framework\\src\\Illuminate\\Pipeline\\Pipeline.php(209): Illuminate\\Cookie\\Middleware\\EncryptCookies->handle(Object(Illuminate\\Http\\Request), Object(Closure))
#26 D:\\ketapang\\Agro Waste\\vendor\\laravel\\framework\\src\\Illuminate\\Pipeline\\Pipeline.php(127): Illuminate\\Pipeline\\Pipeline->Illuminate\\Pipeline\\{closure}(Object(Illuminate\\Http\\Request))
#27 D:\\ketapang\\Agro Waste\\vendor\\laravel\\framework\\src\\Illuminate\\Routing\\Router.php(807): Illuminate\\Pipeline\\Pipeline->then(Object(Closure))
#28 D:\\ketapang\\Agro Waste\\vendor\\laravel\\framework\\src\\Illuminate\\Routing\\Router.php(786): Illuminate\\Routing\\Router->runRouteWithinStack(Object(Illuminate\\Routing\\Route), Object(Illuminate\\Http\\Request))
#29 D:\\ketapang\\Agro Waste\\vendor\\laravel\\framework\\src\\Illuminate\\Routing\\Router.php(750): Illuminate\\Routing\\Router->runRoute(Object(Illuminate\\Http\\Request), Object(Illuminate\\Routing\\Route))
#30 D:\\ketapang\\Agro Waste\\vendor\\laravel\\framework\\src\\Illuminate\\Routing\\Router.php(739): Illuminate\\Routing\\Router->dispatchToRoute(Object(Illuminate\\Http\\Request))
#31 D:\\ketapang\\Agro Waste\\vendor\\laravel\\framework\\src\\Illuminate\\Foundation\\Http\\Kernel.php(201): Illuminate\\Routing\\Router->dispatch(Object(Illuminate\\Http\\Request))
#32 D:\\ketapang\\Agro Waste\\vendor\\laravel\\framework\\src\\Illuminate\\Pipeline\\Pipeline.php(170): Illuminate\\Foundation\\Http\\Kernel->Illuminate\\Foundation\\Http\\{closure}(Object(Illuminate\\Http\\Request))
#33 D:\\ketapang\\Agro Waste\\vendor\\laravel\\framework\\src\\Illuminate\\Foundation\\Http\\Middleware\\TransformsRequest.php(21): Illuminate\\Pipeline\\Pipeline->Illuminate\\Pipeline\\{closure}(Object(Illuminate\\Http\\Request))
#34 D:\\ketapang\\Agro Waste\\vendor\\laravel\\framework\\src\\Illuminate\\Foundation\\Http\\Middleware\\ConvertEmptyStringsToNull.php(31): Illuminate\\Foundation\\Http\\Middleware\\TransformsRequest->handle(Object(Illuminate\\Http\\Request), Object(Closure))
#35 D:\\ketapang\\Agro Waste\\vendor\\laravel\\framework\\src\\Illuminate\\Pipeline\\Pipeline.php(209): Illuminate\\Foundation\\Http\\Middleware\\ConvertEmptyStringsToNull->handle(Object(Illuminate\\Http\\Request), Object(Closure))
#36 D:\\ketapang\\Agro Waste\\vendor\\laravel\\framework\\src\\Illuminate\\Foundation\\Http\\Middleware\\TransformsRequest.php(21): Illuminate\\Pipeline\\Pipeline->Illuminate\\Pipeline\\{closure}(Object(Illuminate\\Http\\Request))
#37 D:\\ketapang\\Agro Waste\\vendor\\laravel\\framework\\src\\Illuminate\\Foundation\\Http\\Middleware\\TrimStrings.php(51): Illuminate\\Foundation\\Http\\Middleware\\TransformsRequest->handle(Object(Illuminate\\Http\\Request), Object(Closure))
#38 D:\\ketapang\\Agro Waste\\vendor\\laravel\\framework\\src\\Illuminate\\Pipeline\\Pipeline.php(209): Illuminate\\Foundation\\Http\\Middleware\\TrimStrings->handle(Object(Illuminate\\Http\\Request), Object(Closure))
#39 D:\\ketapang\\Agro Waste\\vendor\\laravel\\framework\\src\\Illuminate\\Http\\Middleware\\ValidatePostSize.php(27): Illuminate\\Pipeline\\Pipeline->Illuminate\\Pipeline\\{closure}(Object(Illuminate\\Http\\Request))
#40 D:\\ketapang\\Agro Waste\\vendor\\laravel\\framework\\src\\Illuminate\\Pipeline\\Pipeline.php(209): Illuminate\\Http\\Middleware\\ValidatePostSize->handle(Object(Illuminate\\Http\\Request), Object(Closure))
#41 D:\\ketapang\\Agro Waste\\vendor\\laravel\\framework\\src\\Illuminate\\Foundation\\Http\\Middleware\\PreventRequestsDuringMaintenance.php(110): Illuminate\\Pipeline\\Pipeline->Illuminate\\Pipeline\\{closure}(Object(Illuminate\\Http\\Request))
#42 D:\\ketapang\\Agro Waste\\vendor\\laravel\\framework\\src\\Illuminate\\Pipeline\\Pipeline.php(209): Illuminate\\Foundation\\Http\\Middleware\\PreventRequestsDuringMaintenance->handle(Object(Illuminate\\Http\\Request), Object(Closure))
#43 D:\\ketapang\\Agro Waste\\vendor\\laravel\\framework\\src\\Illuminate\\Http\\Middleware\\HandleCors.php(49): Illuminate\\Pipeline\\Pipeline->Illuminate\\Pipeline\\{closure}(Object(Illuminate\\Http\\Request))
#44 D:\\ketapang\\Agro Waste\\vendor\\laravel\\framework\\src\\Illuminate\\Pipeline\\Pipeline.php(209): Illuminate\\Http\\Middleware\\HandleCors->handle(Object(Illuminate\\Http\\Request), Object(Closure))
#45 D:\\ketapang\\Agro Waste\\vendor\\laravel\\framework\\src\\Illuminate\\Http\\Middleware\\TrustProxies.php(58): Illuminate\\Pipeline\\Pipeline->Illuminate\\Pipeline\\{closure}(Object(Illuminate\\Http\\Request))
#46 D:\\ketapang\\Agro Waste\\vendor\\laravel\\framework\\src\\Illuminate\\Pipeline\\Pipeline.php(209): Illuminate\\Http\\Middleware\\TrustProxies->handle(Object(Illuminate\\Http\\Request), Object(Closure))
#47 D:\\ketapang\\Agro Waste\\vendor\\laravel\\framework\\src\\Illuminate\\Foundation\\Http\\Middleware\\InvokeDeferredCallbacks.php(22): Illuminate\\Pipeline\\Pipeline->Illuminate\\Pipeline\\{closure}(Object(Illuminate\\Http\\Request))
#48 D:\\ketapang\\Agro Waste\\vendor\\laravel\\framework\\src\\Illuminate\\Pipeline\\Pipeline.php(209): Illuminate\\Foundation\\Http\\Middleware\\InvokeDeferredCallbacks->handle(Object(Illuminate\\Http\\Request), Object(Closure))
#49 D:\\ketapang\\Agro Waste\\vendor\\laravel\\framework\\src\\Illuminate\\Pipeline\\Pipeline.php(127): Illuminate\\Pipeline\\Pipeline->Illuminate\\Pipeline\\{closure}(Object(Illuminate\\Http\\Request))
#50 D:\\ketapang\\Agro Waste\\vendor\\laravel\\framework\\src\\Illuminate\\Foundation\\Http\\Kernel.php(176): Illuminate\\Pipeline\\Pipeline->then(Object(Closure))
#51 D:\\ketapang\\Agro Waste\\vendor\\laravel\\framework\\src\\Illuminate\\Foundation\\Http\\Kernel.php(145): Illuminate\\Foundation\\Http\\Kernel->sendRequestThroughRouter(Object(Illuminate\\Http\\Request))
#52 D:\\ketapang\\Agro Waste\\vendor\\laravel\\framework\\src\\Illuminate\\Foundation\\Application.php(1220): Illuminate\\Foundation\\Http\\Kernel->handle(Object(Illuminate\\Http\\Request))
#53 D:\\ketapang\\Agro Waste\\public\\index.php(17): Illuminate\\Foundation\\Application->handleRequest(Object(Illuminate\\Http\\Request))
#54 D:\\ketapang\\Agro Waste\\vendor\\laravel\\framework\\src\\Illuminate\\Foundation\\resources\\server.php(23): require_once('D:\\\\ketapang\\\\Agr...')
#55 {main}
"} 
[2025-11-24 20:21:50] local.ERROR: View [app] not found. {"exception":"[object] (InvalidArgumentException(code: 0): View [app] not found. at D:\\ketapang\\Agro Waste\\vendor\\laravel\\framework\\src\\Illuminate\\View\\FileViewFinder.php:139)
[stacktrace]
#0 D:\\ketapang\\Agro Waste\\vendor\\laravel\\framework\\src\\Illuminate\\View\\FileViewFinder.php(79): Illuminate\\View\\FileViewFinder->findInPaths('app', Array)
#1 D:\\ketapang\\Agro Waste\\vendor\\laravel\\framework\\src\\Illuminate\\View\\Factory.php(151): Illuminate\\View\\FileViewFinder->find('app')
#2 D:\\ketapang\\Agro Waste\\vendor\\laravel\\framework\\src\\Illuminate\\Routing\\ResponseFactory.php(90): Illuminate\\View\\Factory->make('app', Array)
#3 D:\\ketapang\\Agro Waste\\vendor\\laravel\\framework\\src\\Illuminate\\Support\\Facades\\Facade.php(361): Illuminate\\Routing\\ResponseFactory->view('app', Array)
#4 D:\\ketapang\\Agro Waste\\vendor\\inertiajs\\inertia-laravel\\src\\Response.php(199): Illuminate\\Support\\Facades\\Facade::__callStatic('view', Array)
#5 D:\\ketapang\\Agro Waste\\vendor\\laravel\\framework\\src\\Illuminate\\Routing\\Router.php(902): Inertia\\Response->toResponse(Object(Illuminate\\Http\\Request))
#6 D:\\ketapang\\Agro Waste\\vendor\\laravel\\framework\\src\\Illuminate\\Routing\\Router.php(887): Illuminate\\Routing\\Router::toResponse(Object(Illuminate\\Http\\Request), Object(Inertia\\Response))
#7 D:\\ketapang\\Agro Waste\\vendor\\laravel\\framework\\src\\Illuminate\\Routing\\Router.php(807): Illuminate\\Routing\\Router->prepareResponse(Object(Illuminate\\Http\\Request), Object(Inertia\\Response))
#8 D:\\ketapang\\Agro Waste\\vendor\\laravel\\framework\\src\\Illuminate\\Pipeline\\Pipeline.php(170): Illuminate\\Routing\\Router->Illuminate\\Routing\\{closure}(Object(Illuminate\\Http\\Request))
#9 D:\\ketapang\\Agro Waste\\vendor\\inertiajs\\inertia-laravel\\src\\Middleware.php(96): Illuminate\\Pipeline\\Pipeline->Illuminate\\Pipeline\\{closure}(Object(Illuminate\\Http\\Request))
#10 D:\\ketapang\\Agro Waste\\vendor\\laravel\\framework\\src\\Illuminate\\Pipeline\\Pipeline.php(209): Inertia\\Middleware->handle(Object(Illuminate\\Http\\Request), Object(Closure))
#11 D:\\ketapang\\Agro Waste\\vendor\\laravel\\framework\\src\\Illuminate\\Routing\\Middleware\\SubstituteBindings.php(51): Illuminate\\Pipeline\\Pipeline->Illuminate\\Pipeline\\{closure}(Object(Illuminate\\Http\\Request))
#12 D:\\ketapang\\Agro Waste\\vendor\\laravel\\framework\\src\\Illuminate\\Pipeline\\Pipeline.php(209): Illuminate\\Routing\\Middleware\\SubstituteBindings->handle(Object(Illuminate\\Http\\Request), Object(Closure))
#13 D:\\ketapang\\Agro Waste\\vendor\\laravel\\framework\\src\\Illuminate\\Foundation\\Http\\Middleware\\VerifyCsrfToken.php(88): Illuminate\\Pipeline\\Pipeline->Illuminate\\Pipeline\\{closure}(Object(Illuminate\\Http\\Request))
#14 D:\\ketapang\\Agro Waste\\vendor\\laravel\\framework\\src\\Illuminate\\Pipeline\\Pipeline.php(209): Illuminate\\Foundation\\Http\\Middleware\\VerifyCsrfToken->handle(Object(Illuminate\\Http\\Request), Object(Closure))
#15 D:\\ketapang\\Agro Waste\\vendor\\laravel\\framework\\src\\Illuminate\\View\\Middleware\\ShareErrorsFromSession.php(49): Illuminate\\Pipeline\\Pipeline->Illuminate\\Pipeline\\{closure}(Object(Illuminate\\Http\\Request))
#16 D:\\ketapang\\Agro Waste\\vendor\\laravel\\framework\\src\\Illuminate\\Pipeline\\Pipeline.php(209): Illuminate\\View\\Middleware\\ShareErrorsFromSession->handle(Object(Illuminate\\Http\\Request), Object(Closure))
#17 D:\\ketapang\\Agro Waste\\vendor\\laravel\\framework\\src\\Illuminate\\Session\\Middleware\\StartSession.php(121): Illuminate\\Pipeline\\Pipeline->Illuminate\\Pipeline\\{closure}(Object(Illuminate\\Http\\Request))
#18 D:\\ketapang\\Agro Waste\\vendor\\laravel\\framework\\src\\Illuminate\\Session\\Middleware\\StartSession.php(64): Illuminate\\Session\\Middleware\\StartSession->handleStatefulRequest(Object(Illuminate\\Http\\Request), Object(Illuminate\\Session\\Store), Object(Closure))
#19 D:\\ketapang\\Agro Waste\\vendor\\laravel\\framework\\src\\Illuminate\\Pipeline\\Pipeline.php(209): Illuminate\\Session\\Middleware\\StartSession->handle(Object(Illuminate\\Http\\Request), Object(Closure))
#20 D:\\ketapang\\Agro Waste\\vendor\\laravel\\framework\\src\\Illuminate\\Cookie\\Middleware\\AddQueuedCookiesToResponse.php(37): Illuminate\\Pipeline\\Pipeline->Illuminate\\Pipeline\\{closure}(Object(Illuminate\\Http\\Request))
#21 D:\\ketapang\\Agro Waste\\vendor\\laravel\\framework\\src\\Illuminate\\Pipeline\\Pipeline.php(209): Illuminate\\Cookie\\Middleware\\AddQueuedCookiesToResponse->handle(Object(Illuminate\\Http\\Request), Object(Closure))
#22 D:\\ketapang\\Agro Waste\\vendor\\laravel\\framework\\src\\Illuminate\\Cookie\\Middleware\\EncryptCookies.php(75): Illuminate\\Pipeline\\Pipeline->Illuminate\\Pipeline\\{closure}(Object(Illuminate\\Http\\Request))
#23 D:\\ketapang\\Agro Waste\\vendor\\laravel\\framework\\src\\Illuminate\\Pipeline\\Pipeline.php(209): Illuminate\\Cookie\\Middleware\\EncryptCookies->handle(Object(Illuminate\\Http\\Request), Object(Closure))
#24 D:\\ketapang\\Agro Waste\\vendor\\laravel\\framework\\src\\Illuminate\\Pipeline\\Pipeline.php(127): Illuminate\\Pipeline\\Pipeline->Illuminate\\Pipeline\\{closure}(Object(Illuminate\\Http\\Request))
#25 D:\\ketapang\\Agro Waste\\vendor\\laravel\\framework\\src\\Illuminate\\Routing\\Router.php(807): Illuminate\\Pipeline\\Pipeline->then(Object(Closure))
#26 D:\\ketapang\\Agro Waste\\vendor\\laravel\\framework\\src\\Illuminate\\Routing\\Router.php(786): Illuminate\\Routing\\Router->runRouteWithinStack(Object(Illuminate\\Routing\\Route), Object(Illuminate\\Http\\Request))
#27 D:\\ketapang\\Agro Waste\\vendor\\laravel\\framework\\src\\Illuminate\\Routing\\Router.php(750): Illuminate\\Routing\\Router->runRoute(Object(Illuminate\\Http\\Request), Object(Illuminate\\Routing\\Route))
#28 D:\\ketapang\\Agro Waste\\vendor\\laravel\\framework\\src\\Illuminate\\Routing\\Router.php(739): Illuminate\\Routing\\Router->dispatchToRoute(Object(Illuminate\\Http\\Request))
#29 D:\\ketapang\\Agro Waste\\vendor\\laravel\\framework\\src\\Illuminate\\Foundation\\Http\\Kernel.php(201): Illuminate\\Routing\\Router->dispatch(Object(Illuminate\\Http\\Request))
#30 D:\\ketapang\\Agro Waste\\vendor\\laravel\\framework\\src\\Illuminate\\Pipeline\\Pipeline.php(170): Illuminate\\Foundation\\Http\\Kernel->Illuminate\\Foundation\\Http\\{closure}(Object(Illuminate\\Http\\Request))
#31 D:\\ketapang\\Agro Waste\\vendor\\laravel\\framework\\src\\Illuminate\\Foundation\\Http\\Middleware\\TransformsRequest.php(21): Illuminate\\Pipeline\\Pipeline->Illuminate\\Pipeline\\{closure}(Object(Illuminate\\Http\\Request))
#32 D:\\ketapang\\Agro Waste\\vendor\\laravel\\framework\\src\\Illuminate\\Foundation\\Http\\Middleware\\ConvertEmptyStringsToNull.php(31): Illuminate\\Foundation\\Http\\Middleware\\TransformsRequest->handle(Object(Illuminate\\Http\\Request), Object(Closure))
#33 D:\\ketapang\\Agro Waste\\vendor\\laravel\\framework\\src\\Illuminate\\Pipeline\\Pipeline.php(209): Illuminate\\Foundation\\Http\\Middleware\\ConvertEmptyStringsToNull->handle(Object(Illuminate\\Http\\Request), Object(Closure))
#34 D:\\ketapang\\Agro Waste\\vendor\\laravel\\framework\\src\\Illuminate\\Foundation\\Http\\Middleware\\TransformsRequest.php(21): Illuminate\\Pipeline\\Pipeline->Illuminate\\Pipeline\\{closure}(Object(Illuminate\\Http\\Request))
#35 D:\\ketapang\\Agro Waste\\vendor\\laravel\\framework\\src\\Illuminate\\Foundation\\Http\\Middleware\\TrimStrings.php(51): Illuminate\\Foundation\\Http\\Middleware\\TransformsRequest->handle(Object(Illuminate\\Http\\Request), Object(Closure))
#36 D:\\ketapang\\Agro Waste\\vendor\\laravel\\framework\\src\\Illuminate\\Pipeline\\Pipeline.php(209): Illuminate\\Foundation\\Http\\Middleware\\TrimStrings->handle(Object(Illuminate\\Http\\Request), Object(Closure))
#37 D:\\ketapang\\Agro Waste\\vendor\\laravel\\framework\\src\\Illuminate\\Http\\Middleware\\ValidatePostSize.php(27): Illuminate\\Pipeline\\Pipeline->Illuminate\\Pipeline\\{closure}(Object(Illuminate\\Http\\Request))
#38 D:\\ketapang\\Agro Waste\\vendor\\laravel\\framework\\src\\Illuminate\\Pipeline\\Pipeline.php(209): Illuminate\\Http\\Middleware\\ValidatePostSize->handle(Object(Illuminate\\Http\\Request), Object(Closure))
#39 D:\\ketapang\\Agro Waste\\vendor\\laravel\\framework\\src\\Illuminate\\Foundation\\Http\\Middleware\\PreventRequestsDuringMaintenance.php(110): Illuminate\\Pipeline\\Pipeline->Illuminate\\Pipeline\\{closure}(Object(Illuminate\\Http\\Request))
#40 D:\\ketapang\\Agro Waste\\vendor\\laravel\\framework\\src\\Illuminate\\Pipeline\\Pipeline.php(209): Illuminate\\Foundation\\Http\\Middleware\\PreventRequestsDuringMaintenance->handle(Object(Illuminate\\Http\\Request), Object(Closure))
#41 D:\\ketapang\\Agro Waste\\vendor\\laravel\\framework\\src\\Illuminate\\Http\\Middleware\\HandleCors.php(49): Illuminate\\Pipeline\\Pipeline->Illuminate\\Pipeline\\{closure}(Object(Illuminate\\Http\\Request))
#42 D:\\ketapang\\Agro Waste\\vendor\\laravel\\framework\\src\\Illuminate\\Pipeline\\Pipeline.php(209): Illuminate\\Http\\Middleware\\HandleCors->handle(Object(Illuminate\\Http\\Request), Object(Closure))
#43 D:\\ketapang\\Agro Waste\\vendor\\laravel\\framework\\src\\Illuminate\\Http\\Middleware\\TrustProxies.php(58): Illuminate\\Pipeline\\Pipeline->Illuminate\\Pipeline\\{closure}(Object(Illuminate\\Http\\Request))
#44 D:\\ketapang\\Agro Waste\\vendor\\laravel\\framework\\src\\Illuminate\\Pipeline\\Pipeline.php(209): Illuminate\\Http\\Middleware\\TrustProxies->handle(Object(Illuminate\\Http\\Request), Object(Closure))
#45 D:\\ketapang\\Agro Waste\\vendor\\laravel\\framework\\src\\Illuminate\\Foundation\\Http\\Middleware\\InvokeDeferredCallbacks.php(22): Illuminate\\Pipeline\\Pipeline->Illuminate\\Pipeline\\{closure}(Object(Illuminate\\Http\\Request))
#46 D:\\ketapang\\Agro Waste\\vendor\\laravel\\framework\\src\\Illuminate\\Pipeline\\Pipeline.php(209): Illuminate\\Foundation\\Http\\Middleware\\InvokeDeferredCallbacks->handle(Object(Illuminate\\Http\\Request), Object(Closure))
#47 D:\\ketapang\\Agro Waste\\vendor\\laravel\\framework\\src\\Illuminate\\Pipeline\\Pipeline.php(127): Illuminate\\Pipeline\\Pipeline->Illuminate\\Pipeline\\{closure}(Object(Illuminate\\Http\\Request))
#48 D:\\ketapang\\Agro Waste\\vendor\\laravel\\framework\\src\\Illuminate\\Foundation\\Http\\Kernel.php(176): Illuminate\\Pipeline\\Pipeline->then(Object(Closure))
#49 D:\\ketapang\\Agro Waste\\vendor\\laravel\\framework\\src\\Illuminate\\Foundation\\Http\\Kernel.php(145): Illuminate\\Foundation\\Http\\Kernel->sendRequestThroughRouter(Object(Illuminate\\Http\\Request))
#50 D:\\ketapang\\Agro Waste\\vendor\\laravel\\framework\\src\\Illuminate\\Foundation\\Application.php(1220): Illuminate\\Foundation\\Http\\Kernel->handle(Object(Illuminate\\Http\\Request))
#51 D:\\ketapang\\Agro Waste\\public\\index.php(17): Illuminate\\Foundation\\Application->handleRequest(Object(Illuminate\\Http\\Request))
#52 D:\\ketapang\\Agro Waste\\vendor\\laravel\\framework\\src\\Illuminate\\Foundation\\resources\\server.php(23): require_once('D:\\\\ketapang\\\\Agr...')
#53 {main}
"} 
[2025-11-24 20:22:18] local.ERROR: View [app] not found. {"exception":"[object] (InvalidArgumentException(code: 0): View [app] not found. at D:\\ketapang\\Agro Waste\\vendor\\laravel\\framework\\src\\Illuminate\\View\\FileViewFinder.php:139)
[stacktrace]
#0 D:\\ketapang\\Agro Waste\\vendor\\laravel\\framework\\src\\Illuminate\\View\\FileViewFinder.php(79): Illuminate\\View\\FileViewFinder->findInPaths('app', Array)
#1 D:\\ketapang\\Agro Waste\\vendor\\laravel\\framework\\src\\Illuminate\\View\\Factory.php(151): Illuminate\\View\\FileViewFinder->find('app')
#2 D:\\ketapang\\Agro Waste\\vendor\\laravel\\framework\\src\\Illuminate\\Routing\\ResponseFactory.php(90): Illuminate\\View\\Factory->make('app', Array)
#3 D:\\ketapang\\Agro Waste\\vendor\\laravel\\framework\\src\\Illuminate\\Support\\Facades\\Facade.php(361): Illuminate\\Routing\\ResponseFactory->view('app', Array)
#4 D:\\ketapang\\Agro Waste\\vendor\\inertiajs\\inertia-laravel\\src\\Response.php(199): Illuminate\\Support\\Facades\\Facade::__callStatic('view', Array)
#5 D:\\ketapang\\Agro Waste\\vendor\\laravel\\framework\\src\\Illuminate\\Routing\\Router.php(902): Inertia\\Response->toResponse(Object(Illuminate\\Http\\Request))
#6 D:\\ketapang\\Agro Waste\\vendor\\laravel\\framework\\src\\Illuminate\\Routing\\Router.php(887): Illuminate\\Routing\\Router::toResponse(Object(Illuminate\\Http\\Request), Object(Inertia\\Response))
#7 D:\\ketapang\\Agro Waste\\vendor\\laravel\\framework\\src\\Illuminate\\Routing\\Router.php(807): Illuminate\\Routing\\Router->prepareResponse(Object(Illuminate\\Http\\Request), Object(Inertia\\Response))
#8 D:\\ketapang\\Agro Waste\\vendor\\laravel\\framework\\src\\Illuminate\\Pipeline\\Pipeline.php(170): Illuminate\\Routing\\Router->Illuminate\\Routing\\{closure}(Object(Illuminate\\Http\\Request))
#9 D:\\ketapang\\Agro Waste\\vendor\\inertiajs\\inertia-laravel\\src\\Middleware.php(96): Illuminate\\Pipeline\\Pipeline->Illuminate\\Pipeline\\{closure}(Object(Illuminate\\Http\\Request))
#10 D:\\ketapang\\Agro Waste\\vendor\\laravel\\framework\\src\\Illuminate\\Pipeline\\Pipeline.php(209): Inertia\\Middleware->handle(Object(Illuminate\\Http\\Request), Object(Closure))
#11 D:\\ketapang\\Agro Waste\\vendor\\laravel\\framework\\src\\Illuminate\\Routing\\Middleware\\SubstituteBindings.php(51): Illuminate\\Pipeline\\Pipeline->Illuminate\\Pipeline\\{closure}(Object(Illuminate\\Http\\Request))
#12 D:\\ketapang\\Agro Waste\\vendor\\laravel\\framework\\src\\Illuminate\\Pipeline\\Pipeline.php(209): Illuminate\\Routing\\Middleware\\SubstituteBindings->handle(Object(Illuminate\\Http\\Request), Object(Closure))
#13 D:\\ketapang\\Agro Waste\\vendor\\laravel\\framework\\src\\Illuminate\\Foundation\\Http\\Middleware\\VerifyCsrfToken.php(88): Illuminate\\Pipeline\\Pipeline->Illuminate\\Pipeline\\{closure}(Object(Illuminate\\Http\\Request))
#14 D:\\ketapang\\Agro Waste\\vendor\\laravel\\framework\\src\\Illuminate\\Pipeline\\Pipeline.php(209): Illuminate\\Foundation\\Http\\Middleware\\VerifyCsrfToken->handle(Object(Illuminate\\Http\\Request), Object(Closure))
#15 D:\\ketapang\\Agro Waste\\vendor\\laravel\\framework\\src\\Illuminate\\View\\Middleware\\ShareErrorsFromSession.php(49): Illuminate\\Pipeline\\Pipeline->Illuminate\\Pipeline\\{closure}(Object(Illuminate\\Http\\Request))
#16 D:\\ketapang\\Agro Waste\\vendor\\laravel\\framework\\src\\Illuminate\\Pipeline\\Pipeline.php(209): Illuminate\\View\\Middleware\\ShareErrorsFromSession->handle(Object(Illuminate\\Http\\Request), Object(Closure))
#17 D:\\ketapang\\Agro Waste\\vendor\\laravel\\framework\\src\\Illuminate\\Session\\Middleware\\StartSession.php(121): Illuminate\\Pipeline\\Pipeline->Illuminate\\Pipeline\\{closure}(Object(Illuminate\\Http\\Request))
#18 D:\\ketapang\\Agro Waste\\vendor\\laravel\\framework\\src\\Illuminate\\Session\\Middleware\\StartSession.php(64): Illuminate\\Session\\Middleware\\StartSession->handleStatefulRequest(Object(Illuminate\\Http\\Request), Object(Illuminate\\Session\\Store), Object(Closure))
#19 D:\\ketapang\\Agro Waste\\vendor\\laravel\\framework\\src\\Illuminate\\Pipeline\\Pipeline.php(209): Illuminate\\Session\\Middleware\\StartSession->handle(Object(Illuminate\\Http\\Request), Object(Closure))
#20 D:\\ketapang\\Agro Waste\\vendor\\laravel\\framework\\src\\Illuminate\\Cookie\\Middleware\\AddQueuedCookiesToResponse.php(37): Illuminate\\Pipeline\\Pipeline->Illuminate\\Pipeline\\{closure}(Object(Illuminate\\Http\\Request))
#21 D:\\ketapang\\Agro Waste\\vendor\\laravel\\framework\\src\\Illuminate\\Pipeline\\Pipeline.php(209): Illuminate\\Cookie\\Middleware\\AddQueuedCookiesToResponse->handle(Object(Illuminate\\Http\\Request), Object(Closure))
#22 D:\\ketapang\\Agro Waste\\vendor\\laravel\\framework\\src\\Illuminate\\Cookie\\Middleware\\EncryptCookies.php(75): Illuminate\\Pipeline\\Pipeline->Illuminate\\Pipeline\\{closure}(Object(Illuminate\\Http\\Request))
#23 D:\\ketapang\\Agro Waste\\vendor\\laravel\\framework\\src\\Illuminate\\Pipeline\\Pipeline.php(209): Illuminate\\Cookie\\Middleware\\EncryptCookies->handle(Object(Illuminate\\Http\\Request), Object(Closure))
#24 D:\\ketapang\\Agro Waste\\vendor\\laravel\\framework\\src\\Illuminate\\Pipeline\\Pipeline.php(127): Illuminate\\Pipeline\\Pipeline->Illuminate\\Pipeline\\{closure}(Object(Illuminate\\Http\\Request))
#25 D:\\ketapang\\Agro Waste\\vendor\\laravel\\framework\\src\\Illuminate\\Routing\\Router.php(807): Illuminate\\Pipeline\\Pipeline->then(Object(Closure))
#26 D:\\ketapang\\Agro Waste\\vendor\\laravel\\framework\\src\\Illuminate\\Routing\\Router.php(786): Illuminate\\Routing\\Router->runRouteWithinStack(Object(Illuminate\\Routing\\Route), Object(Illuminate\\Http\\Request))
#27 D:\\ketapang\\Agro Waste\\vendor\\laravel\\framework\\src\\Illuminate\\Routing\\Router.php(750): Illuminate\\Routing\\Router->runRoute(Object(Illuminate\\Http\\Request), Object(Illuminate\\Routing\\Route))
#28 D:\\ketapang\\Agro Waste\\vendor\\laravel\\framework\\src\\Illuminate\\Routing\\Router.php(739): Illuminate\\Routing\\Router->dispatchToRoute(Object(Illuminate\\Http\\Request))
#29 D:\\ketapang\\Agro Waste\\vendor\\laravel\\framework\\src\\Illuminate\\Foundation\\Http\\Kernel.php(201): Illuminate\\Routing\\Router->dispatch(Object(Illuminate\\Http\\Request))
#30 D:\\ketapang\\Agro Waste\\vendor\\laravel\\framework\\src\\Illuminate\\Pipeline\\Pipeline.php(170): Illuminate\\Foundation\\Http\\Kernel->Illuminate\\Foundation\\Http\\{closure}(Object(Illuminate\\Http\\Request))
#31 D:\\ketapang\\Agro Waste\\vendor\\laravel\\framework\\src\\Illuminate\\Foundation\\Http\\Middleware\\TransformsRequest.php(21): Illuminate\\Pipeline\\Pipeline->Illuminate\\Pipeline\\{closure}(Object(Illuminate\\Http\\Request))
#32 D:\\ketapang\\Agro Waste\\vendor\\laravel\\framework\\src\\Illuminate\\Foundation\\Http\\Middleware\\ConvertEmptyStringsToNull.php(31): Illuminate\\Foundation\\Http\\Middleware\\TransformsRequest->handle(Object(Illuminate\\Http\\Request), Object(Closure))
#33 D:\\ketapang\\Agro Waste\\vendor\\laravel\\framework\\src\\Illuminate\\Pipeline\\Pipeline.php(209): Illuminate\\Foundation\\Http\\Middleware\\ConvertEmptyStringsToNull->handle(Object(Illuminate\\Http\\Request), Object(Closure))
#34 D:\\ketapang\\Agro Waste\\vendor\\laravel\\framework\\src\\Illuminate\\Foundation\\Http\\Middleware\\TransformsRequest.php(21): Illuminate\\Pipeline\\Pipeline->Illuminate\\Pipeline\\{closure}(Object(Illuminate\\Http\\Request))
#35 D:\\ketapang\\Agro Waste\\vendor\\laravel\\framework\\src\\Illuminate\\Foundation\\Http\\Middleware\\TrimStrings.php(51): Illuminate\\Foundation\\Http\\Middleware\\TransformsRequest->handle(Object(Illuminate\\Http\\Request), Object(Closure))
#36 D:\\ketapang\\Agro Waste\\vendor\\laravel\\framework\\src\\Illuminate\\Pipeline\\Pipeline.php(209): Illuminate\\Foundation\\Http\\Middleware\\TrimStrings->handle(Object(Illuminate\\Http\\Request), Object(Closure))
#37 D:\\ketapang\\Agro Waste\\vendor\\laravel\\framework\\src\\Illuminate\\Http\\Middleware\\ValidatePostSize.php(27): Illuminate\\Pipeline\\Pipeline->Illuminate\\Pipeline\\{closure}(Object(Illuminate\\Http\\Request))
#38 D:\\ketapang\\Agro Waste\\vendor\\laravel\\framework\\src\\Illuminate\\Pipeline\\Pipeline.php(209): Illuminate\\Http\\Middleware\\ValidatePostSize->handle(Object(Illuminate\\Http\\Request), Object(Closure))
#39 D:\\ketapang\\Agro Waste\\vendor\\laravel\\framework\\src\\Illuminate\\Foundation\\Http\\Middleware\\PreventRequestsDuringMaintenance.php(110): Illuminate\\Pipeline\\Pipeline->Illuminate\\Pipeline\\{closure}(Object(Illuminate\\Http\\Request))
#40 D:\\ketapang\\Agro Waste\\vendor\\laravel\\framework\\src\\Illuminate\\Pipeline\\Pipeline.php(209): Illuminate\\Foundation\\Http\\Middleware\\PreventRequestsDuringMaintenance->handle(Object(Illuminate\\Http\\Request), Object(Closure))
#41 D:\\ketapang\\Agro Waste\\vendor\\laravel\\framework\\src\\Illuminate\\Http\\Middleware\\HandleCors.php(49): Illuminate\\Pipeline\\Pipeline->Illuminate\\Pipeline\\{closure}(Object(Illuminate\\Http\\Request))
#42 D:\\ketapang\\Agro Waste\\vendor\\laravel\\framework\\src\\Illuminate\\Pipeline\\Pipeline.php(209): Illuminate\\Http\\Middleware\\HandleCors->handle(Object(Illuminate\\Http\\Request), Object(Closure))
#43 D:\\ketapang\\Agro Waste\\vendor\\laravel\\framework\\src\\Illuminate\\Http\\Middleware\\TrustProxies.php(58): Illuminate\\Pipeline\\Pipeline->Illuminate\\Pipeline\\{closure}(Object(Illuminate\\Http\\Request))
#44 D:\\ketapang\\Agro Waste\\vendor\\laravel\\framework\\src\\Illuminate\\Pipeline\\Pipeline.php(209): Illuminate\\Http\\Middleware\\TrustProxies->handle(Object(Illuminate\\Http\\Request), Object(Closure))
#45 D:\\ketapang\\Agro Waste\\vendor\\laravel\\framework\\src\\Illuminate\\Foundation\\Http\\Middleware\\InvokeDeferredCallbacks.php(22): Illuminate\\Pipeline\\Pipeline->Illuminate\\Pipeline\\{closure}(Object(Illuminate\\Http\\Request))
#46 D:\\ketapang\\Agro Waste\\vendor\\laravel\\framework\\src\\Illuminate\\Pipeline\\Pipeline.php(209): Illuminate\\Foundation\\Http\\Middleware\\InvokeDeferredCallbacks->handle(Object(Illuminate\\Http\\Request), Object(Closure))
#47 D:\\ketapang\\Agro Waste\\vendor\\laravel\\framework\\src\\Illuminate\\Pipeline\\Pipeline.php(127): Illuminate\\Pipeline\\Pipeline->Illuminate\\Pipeline\\{closure}(Object(Illuminate\\Http\\Request))
#48 D:\\ketapang\\Agro Waste\\vendor\\laravel\\framework\\src\\Illuminate\\Foundation\\Http\\Kernel.php(176): Illuminate\\Pipeline\\Pipeline->then(Object(Closure))
#49 D:\\ketapang\\Agro Waste\\vendor\\laravel\\framework\\src\\Illuminate\\Foundation\\Http\\Kernel.php(145): Illuminate\\Foundation\\Http\\Kernel->sendRequestThroughRouter(Object(Illuminate\\Http\\Request))
#50 D:\\ketapang\\Agro Waste\\vendor\\laravel\\framework\\src\\Illuminate\\Foundation\\Application.php(1220): Illuminate\\Foundation\\Http\\Kernel->handle(Object(Illuminate\\Http\\Request))
#51 D:\\ketapang\\Agro Waste\\public\\index.php(17): Illuminate\\Foundation\\Application->handleRequest(Object(Illuminate\\Http\\Request))
#52 D:\\ketapang\\Agro Waste\\vendor\\laravel\\framework\\src\\Illuminate\\Foundation\\resources\\server.php(23): require_once('D:\\\\ketapang\\\\Agr...')
#53 {main}
"} 
[2025-11-24 20:22:42] local.ERROR: View [app] not found. {"exception":"[object] (InvalidArgumentException(code: 0): View [app] not found. at D:\\ketapang\\Agro Waste\\vendor\\laravel\\framework\\src\\Illuminate\\View\\FileViewFinder.php:139)
[stacktrace]
#0 D:\\ketapang\\Agro Waste\\vendor\\laravel\\framework\\src\\Illuminate\\View\\FileViewFinder.php(79): Illuminate\\View\\FileViewFinder->findInPaths('app', Array)
#1 D:\\ketapang\\Agro Waste\\vendor\\laravel\\framework\\src\\Illuminate\\View\\Factory.php(151): Illuminate\\View\\FileViewFinder->find('app')
#2 D:\\ketapang\\Agro Waste\\vendor\\laravel\\framework\\src\\Illuminate\\Routing\\ResponseFactory.php(90): Illuminate\\View\\Factory->make('app', Array)
#3 D:\\ketapang\\Agro Waste\\vendor\\laravel\\framework\\src\\Illuminate\\Support\\Facades\\Facade.php(361): Illuminate\\Routing\\ResponseFactory->view('app', Array)
#4 D:\\ketapang\\Agro Waste\\vendor\\inertiajs\\inertia-laravel\\src\\Response.php(199): Illuminate\\Support\\Facades\\Facade::__callStatic('view', Array)
#5 D:\\ketapang\\Agro Waste\\vendor\\laravel\\framework\\src\\Illuminate\\Routing\\Router.php(902): Inertia\\Response->toResponse(Object(Illuminate\\Http\\Request))
#6 D:\\ketapang\\Agro Waste\\vendor\\laravel\\framework\\src\\Illuminate\\Routing\\Router.php(887): Illuminate\\Routing\\Router::toResponse(Object(Illuminate\\Http\\Request), Object(Inertia\\Response))
#7 D:\\ketapang\\Agro Waste\\vendor\\laravel\\framework\\src\\Illuminate\\Routing\\Router.php(807): Illuminate\\Routing\\Router->prepareResponse(Object(Illuminate\\Http\\Request), Object(Inertia\\Response))
#8 D:\\ketapang\\Agro Waste\\vendor\\laravel\\framework\\src\\Illuminate\\Pipeline\\Pipeline.php(170): Illuminate\\Routing\\Router->Illuminate\\Routing\\{closure}(Object(Illuminate\\Http\\Request))
#9 D:\\ketapang\\Agro Waste\\vendor\\inertiajs\\inertia-laravel\\src\\Middleware.php(96): Illuminate\\Pipeline\\Pipeline->Illuminate\\Pipeline\\{closure}(Object(Illuminate\\Http\\Request))
#10 D:\\ketapang\\Agro Waste\\vendor\\laravel\\framework\\src\\Illuminate\\Pipeline\\Pipeline.php(209): Inertia\\Middleware->handle(Object(Illuminate\\Http\\Request), Object(Closure))
#11 D:\\ketapang\\Agro Waste\\vendor\\laravel\\framework\\src\\Illuminate\\Routing\\Middleware\\SubstituteBindings.php(51): Illuminate\\Pipeline\\Pipeline->Illuminate\\Pipeline\\{closure}(Object(Illuminate\\Http\\Request))
#12 D:\\ketapang\\Agro Waste\\vendor\\laravel\\framework\\src\\Illuminate\\Pipeline\\Pipeline.php(209): Illuminate\\Routing\\Middleware\\SubstituteBindings->handle(Object(Illuminate\\Http\\Request), Object(Closure))
#13 D:\\ketapang\\Agro Waste\\vendor\\laravel\\framework\\src\\Illuminate\\Foundation\\Http\\Middleware\\VerifyCsrfToken.php(88): Illuminate\\Pipeline\\Pipeline->Illuminate\\Pipeline\\{closure}(Object(Illuminate\\Http\\Request))
#14 D:\\ketapang\\Agro Waste\\vendor\\laravel\\framework\\src\\Illuminate\\Pipeline\\Pipeline.php(209): Illuminate\\Foundation\\Http\\Middleware\\VerifyCsrfToken->handle(Object(Illuminate\\Http\\Request), Object(Closure))
#15 D:\\ketapang\\Agro Waste\\vendor\\laravel\\framework\\src\\Illuminate\\View\\Middleware\\ShareErrorsFromSession.php(49): Illuminate\\Pipeline\\Pipeline->Illuminate\\Pipeline\\{closure}(Object(Illuminate\\Http\\Request))
#16 D:\\ketapang\\Agro Waste\\vendor\\laravel\\framework\\src\\Illuminate\\Pipeline\\Pipeline.php(209): Illuminate\\View\\Middleware\\ShareErrorsFromSession->handle(Object(Illuminate\\Http\\Request), Object(Closure))
#17 D:\\ketapang\\Agro Waste\\vendor\\laravel\\framework\\src\\Illuminate\\Session\\Middleware\\StartSession.php(121): Illuminate\\Pipeline\\Pipeline->Illuminate\\Pipeline\\{closure}(Object(Illuminate\\Http\\Request))
#18 D:\\ketapang\\Agro Waste\\vendor\\laravel\\framework\\src\\Illuminate\\Session\\Middleware\\StartSession.php(64): Illuminate\\Session\\Middleware\\StartSession->handleStatefulRequest(Object(Illuminate\\Http\\Request), Object(Illuminate\\Session\\Store), Object(Closure))
#19 D:\\ketapang\\Agro Waste\\vendor\\laravel\\framework\\src\\Illuminate\\Pipeline\\Pipeline.php(209): Illuminate\\Session\\Middleware\\StartSession->handle(Object(Illuminate\\Http\\Request), Object(Closure))
#20 D:\\ketapang\\Agro Waste\\vendor\\laravel\\framework\\src\\Illuminate\\Cookie\\Middleware\\AddQueuedCookiesToResponse.php(37): Illuminate\\Pipeline\\Pipeline->Illuminate\\Pipeline\\{closure}(Object(Illuminate\\Http\\Request))
#21 D:\\ketapang\\Agro Waste\\vendor\\laravel\\framework\\src\\Illuminate\\Pipeline\\Pipeline.php(209): Illuminate\\Cookie\\Middleware\\AddQueuedCookiesToResponse->handle(Object(Illuminate\\Http\\Request), Object(Closure))
#22 D:\\ketapang\\Agro Waste\\vendor\\laravel\\framework\\src\\Illuminate\\Cookie\\Middleware\\EncryptCookies.php(75): Illuminate\\Pipeline\\Pipeline->Illuminate\\Pipeline\\{closure}(Object(Illuminate\\Http\\Request))
#23 D:\\ketapang\\Agro Waste\\vendor\\laravel\\framework\\src\\Illuminate\\Pipeline\\Pipeline.php(209): Illuminate\\Cookie\\Middleware\\EncryptCookies->handle(Object(Illuminate\\Http\\Request), Object(Closure))
#24 D:\\ketapang\\Agro Waste\\vendor\\laravel\\framework\\src\\Illuminate\\Pipeline\\Pipeline.php(127): Illuminate\\Pipeline\\Pipeline->Illuminate\\Pipeline\\{closure}(Object(Illuminate\\Http\\Request))
#25 D:\\ketapang\\Agro Waste\\vendor\\laravel\\framework\\src\\Illuminate\\Routing\\Router.php(807): Illuminate\\Pipeline\\Pipeline->then(Object(Closure))
#26 D:\\ketapang\\Agro Waste\\vendor\\laravel\\framework\\src\\Illuminate\\Routing\\Router.php(786): Illuminate\\Routing\\Router->runRouteWithinStack(Object(Illuminate\\Routing\\Route), Object(Illuminate\\Http\\Request))
#27 D:\\ketapang\\Agro Waste\\vendor\\laravel\\framework\\src\\Illuminate\\Routing\\Router.php(750): Illuminate\\Routing\\Router->runRoute(Object(Illuminate\\Http\\Request), Object(Illuminate\\Routing\\Route))
#28 D:\\ketapang\\Agro Waste\\vendor\\laravel\\framework\\src\\Illuminate\\Routing\\Router.php(739): Illuminate\\Routing\\Router->dispatchToRoute(Object(Illuminate\\Http\\Request))
#29 D:\\ketapang\\Agro Waste\\vendor\\laravel\\framework\\src\\Illuminate\\Foundation\\Http\\Kernel.php(201): Illuminate\\Routing\\Router->dispatch(Object(Illuminate\\Http\\Request))
#30 D:\\ketapang\\Agro Waste\\vendor\\laravel\\framework\\src\\Illuminate\\Pipeline\\Pipeline.php(170): Illuminate\\Foundation\\Http\\Kernel->Illuminate\\Foundation\\Http\\{closure}(Object(Illuminate\\Http\\Request))
#31 D:\\ketapang\\Agro Waste\\vendor\\laravel\\framework\\src\\Illuminate\\Foundation\\Http\\Middleware\\TransformsRequest.php(21): Illuminate\\Pipeline\\Pipeline->Illuminate\\Pipeline\\{closure}(Object(Illuminate\\Http\\Request))
#32 D:\\ketapang\\Agro Waste\\vendor\\laravel\\framework\\src\\Illuminate\\Foundation\\Http\\Middleware\\ConvertEmptyStringsToNull.php(31): Illuminate\\Foundation\\Http\\Middleware\\TransformsRequest->handle(Object(Illuminate\\Http\\Request), Object(Closure))
#33 D:\\ketapang\\Agro Waste\\vendor\\laravel\\framework\\src\\Illuminate\\Pipeline\\Pipeline.php(209): Illuminate\\Foundation\\Http\\Middleware\\ConvertEmptyStringsToNull->handle(Object(Illuminate\\Http\\Request), Object(Closure))
#34 D:\\ketapang\\Agro Waste\\vendor\\laravel\\framework\\src\\Illuminate\\Foundation\\Http\\Middleware\\TransformsRequest.php(21): Illuminate\\Pipeline\\Pipeline->Illuminate\\Pipeline\\{closure}(Object(Illuminate\\Http\\Request))
#35 D:\\ketapang\\Agro Waste\\vendor\\laravel\\framework\\src\\Illuminate\\Foundation\\Http\\Middleware\\TrimStrings.php(51): Illuminate\\Foundation\\Http\\Middleware\\TransformsRequest->handle(Object(Illuminate\\Http\\Request), Object(Closure))
#36 D:\\ketapang\\Agro Waste\\vendor\\laravel\\framework\\src\\Illuminate\\Pipeline\\Pipeline.php(209): Illuminate\\Foundation\\Http\\Middleware\\TrimStrings->handle(Object(Illuminate\\Http\\Request), Object(Closure))
#37 D:\\ketapang\\Agro Waste\\vendor\\laravel\\framework\\src\\Illuminate\\Http\\Middleware\\ValidatePostSize.php(27): Illuminate\\Pipeline\\Pipeline->Illuminate\\Pipeline\\{closure}(Object(Illuminate\\Http\\Request))
#38 D:\\ketapang\\Agro Waste\\vendor\\laravel\\framework\\src\\Illuminate\\Pipeline\\Pipeline.php(209): Illuminate\\Http\\Middleware\\ValidatePostSize->handle(Object(Illuminate\\Http\\Request), Object(Closure))
#39 D:\\ketapang\\Agro Waste\\vendor\\laravel\\framework\\src\\Illuminate\\Foundation\\Http\\Middleware\\PreventRequestsDuringMaintenance.php(110): Illuminate\\Pipeline\\Pipeline->Illuminate\\Pipeline\\{closure}(Object(Illuminate\\Http\\Request))
#40 D:\\ketapang\\Agro Waste\\vendor\\laravel\\framework\\src\\Illuminate\\Pipeline\\Pipeline.php(209): Illuminate\\Foundation\\Http\\Middleware\\PreventRequestsDuringMaintenance->handle(Object(Illuminate\\Http\\Request), Object(Closure))
#41 D:\\ketapang\\Agro Waste\\vendor\\laravel\\framework\\src\\Illuminate\\Http\\Middleware\\HandleCors.php(49): Illuminate\\Pipeline\\Pipeline->Illuminate\\Pipeline\\{closure}(Object(Illuminate\\Http\\Request))
#42 D:\\ketapang\\Agro Waste\\vendor\\laravel\\framework\\src\\Illuminate\\Pipeline\\Pipeline.php(209): Illuminate\\Http\\Middleware\\HandleCors->handle(Object(Illuminate\\Http\\Request), Object(Closure))
#43 D:\\ketapang\\Agro Waste\\vendor\\laravel\\framework\\src\\Illuminate\\Http\\Middleware\\TrustProxies.php(58): Illuminate\\Pipeline\\Pipeline->Illuminate\\Pipeline\\{closure}(Object(Illuminate\\Http\\Request))
#44 D:\\ketapang\\Agro Waste\\vendor\\laravel\\framework\\src\\Illuminate\\Pipeline\\Pipeline.php(209): Illuminate\\Http\\Middleware\\TrustProxies->handle(Object(Illuminate\\Http\\Request), Object(Closure))
#45 D:\\ketapang\\Agro Waste\\vendor\\laravel\\framework\\src\\Illuminate\\Foundation\\Http\\Middleware\\InvokeDeferredCallbacks.php(22): Illuminate\\Pipeline\\Pipeline->Illuminate\\Pipeline\\{closure}(Object(Illuminate\\Http\\Request))
#46 D:\\ketapang\\Agro Waste\\vendor\\laravel\\framework\\src\\Illuminate\\Pipeline\\Pipeline.php(209): Illuminate\\Foundation\\Http\\Middleware\\InvokeDeferredCallbacks->handle(Object(Illuminate\\Http\\Request), Object(Closure))
#47 D:\\ketapang\\Agro Waste\\vendor\\laravel\\framework\\src\\Illuminate\\Pipeline\\Pipeline.php(127): Illuminate\\Pipeline\\Pipeline->Illuminate\\Pipeline\\{closure}(Object(Illuminate\\Http\\Request))
#48 D:\\ketapang\\Agro Waste\\vendor\\laravel\\framework\\src\\Illuminate\\Foundation\\Http\\Kernel.php(176): Illuminate\\Pipeline\\Pipeline->then(Object(Closure))
#49 D:\\ketapang\\Agro Waste\\vendor\\laravel\\framework\\src\\Illuminate\\Foundation\\Http\\Kernel.php(145): Illuminate\\Foundation\\Http\\Kernel->sendRequestThroughRouter(Object(Illuminate\\Http\\Request))
#50 D:\\ketapang\\Agro Waste\\vendor\\laravel\\framework\\src\\Illuminate\\Foundation\\Application.php(1220): Illuminate\\Foundation\\Http\\Kernel->handle(Object(Illuminate\\Http\\Request))
#51 D:\\ketapang\\Agro Waste\\public\\index.php(17): Illuminate\\Foundation\\Application->handleRequest(Object(Illuminate\\Http\\Request))
#52 D:\\ketapang\\Agro Waste\\vendor\\laravel\\framework\\src\\Illuminate\\Foundation\\resources\\server.php(23): require_once('D:\\\\ketapang\\\\Agr...')
#53 {main}
"} 
[2025-11-24 20:22:55] local.ERROR: View [app] not found. {"exception":"[object] (InvalidArgumentException(code: 0): View [app] not found. at D:\\ketapang\\Agro Waste\\vendor\\laravel\\framework\\src\\Illuminate\\View\\FileViewFinder.php:139)
[stacktrace]
#0 D:\\ketapang\\Agro Waste\\vendor\\laravel\\framework\\src\\Illuminate\\View\\FileViewFinder.php(79): Illuminate\\View\\FileViewFinder->findInPaths('app', Array)
#1 D:\\ketapang\\Agro Waste\\vendor\\laravel\\framework\\src\\Illuminate\\View\\Factory.php(151): Illuminate\\View\\FileViewFinder->find('app')
#2 D:\\ketapang\\Agro Waste\\vendor\\laravel\\framework\\src\\Illuminate\\Routing\\ResponseFactory.php(90): Illuminate\\View\\Factory->make('app', Array)
#3 D:\\ketapang\\Agro Waste\\vendor\\laravel\\framework\\src\\Illuminate\\Support\\Facades\\Facade.php(361): Illuminate\\Routing\\ResponseFactory->view('app', Array)
#4 D:\\ketapang\\Agro Waste\\vendor\\inertiajs\\inertia-laravel\\src\\Response.php(199): Illuminate\\Support\\Facades\\Facade::__callStatic('view', Array)
#5 D:\\ketapang\\Agro Waste\\vendor\\laravel\\framework\\src\\Illuminate\\Routing\\Router.php(902): Inertia\\Response->toResponse(Object(Illuminate\\Http\\Request))
#6 D:\\ketapang\\Agro Waste\\vendor\\laravel\\framework\\src\\Illuminate\\Routing\\Router.php(887): Illuminate\\Routing\\Router::toResponse(Object(Illuminate\\Http\\Request), Object(Inertia\\Response))
#7 D:\\ketapang\\Agro Waste\\vendor\\laravel\\framework\\src\\Illuminate\\Routing\\Router.php(807): Illuminate\\Routing\\Router->prepareResponse(Object(Illuminate\\Http\\Request), Object(Inertia\\Response))
#8 D:\\ketapang\\Agro Waste\\vendor\\laravel\\framework\\src\\Illuminate\\Pipeline\\Pipeline.php(170): Illuminate\\Routing\\Router->Illuminate\\Routing\\{closure}(Object(Illuminate\\Http\\Request))
#9 D:\\ketapang\\Agro Waste\\vendor\\inertiajs\\inertia-laravel\\src\\Middleware.php(96): Illuminate\\Pipeline\\Pipeline->Illuminate\\Pipeline\\{closure}(Object(Illuminate\\Http\\Request))
#10 D:\\ketapang\\Agro Waste\\vendor\\laravel\\framework\\src\\Illuminate\\Pipeline\\Pipeline.php(209): Inertia\\Middleware->handle(Object(Illuminate\\Http\\Request), Object(Closure))
#11 D:\\ketapang\\Agro Waste\\vendor\\laravel\\framework\\src\\Illuminate\\Routing\\Middleware\\SubstituteBindings.php(51): Illuminate\\Pipeline\\Pipeline->Illuminate\\Pipeline\\{closure}(Object(Illuminate\\Http\\Request))
#12 D:\\ketapang\\Agro Waste\\vendor\\laravel\\framework\\src\\Illuminate\\Pipeline\\Pipeline.php(209): Illuminate\\Routing\\Middleware\\SubstituteBindings->handle(Object(Illuminate\\Http\\Request), Object(Closure))
#13 D:\\ketapang\\Agro Waste\\vendor\\laravel\\framework\\src\\Illuminate\\Foundation\\Http\\Middleware\\VerifyCsrfToken.php(88): Illuminate\\Pipeline\\Pipeline->Illuminate\\Pipeline\\{closure}(Object(Illuminate\\Http\\Request))
#14 D:\\ketapang\\Agro Waste\\vendor\\laravel\\framework\\src\\Illuminate\\Pipeline\\Pipeline.php(209): Illuminate\\Foundation\\Http\\Middleware\\VerifyCsrfToken->handle(Object(Illuminate\\Http\\Request), Object(Closure))
#15 D:\\ketapang\\Agro Waste\\vendor\\laravel\\framework\\src\\Illuminate\\View\\Middleware\\ShareErrorsFromSession.php(49): Illuminate\\Pipeline\\Pipeline->Illuminate\\Pipeline\\{closure}(Object(Illuminate\\Http\\Request))
#16 D:\\ketapang\\Agro Waste\\vendor\\laravel\\framework\\src\\Illuminate\\Pipeline\\Pipeline.php(209): Illuminate\\View\\Middleware\\ShareErrorsFromSession->handle(Object(Illuminate\\Http\\Request), Object(Closure))
#17 D:\\ketapang\\Agro Waste\\vendor\\laravel\\framework\\src\\Illuminate\\Session\\Middleware\\StartSession.php(121): Illuminate\\Pipeline\\Pipeline->Illuminate\\Pipeline\\{closure}(Object(Illuminate\\Http\\Request))
#18 D:\\ketapang\\Agro Waste\\vendor\\laravel\\framework\\src\\Illuminate\\Session\\Middleware\\StartSession.php(64): Illuminate\\Session\\Middleware\\StartSession->handleStatefulRequest(Object(Illuminate\\Http\\Request), Object(Illuminate\\Session\\Store), Object(Closure))
#19 D:\\ketapang\\Agro Waste\\vendor\\laravel\\framework\\src\\Illuminate\\Pipeline\\Pipeline.php(209): Illuminate\\Session\\Middleware\\StartSession->handle(Object(Illuminate\\Http\\Request), Object(Closure))
#20 D:\\ketapang\\Agro Waste\\vendor\\laravel\\framework\\src\\Illuminate\\Cookie\\Middleware\\AddQueuedCookiesToResponse.php(37): Illuminate\\Pipeline\\Pipeline->Illuminate\\Pipeline\\{closure}(Object(Illuminate\\Http\\Request))
#21 D:\\ketapang\\Agro Waste\\vendor\\laravel\\framework\\src\\Illuminate\\Pipeline\\Pipeline.php(209): Illuminate\\Cookie\\Middleware\\AddQueuedCookiesToResponse->handle(Object(Illuminate\\Http\\Request), Object(Closure))
#22 D:\\ketapang\\Agro Waste\\vendor\\laravel\\framework\\src\\Illuminate\\Cookie\\Middleware\\EncryptCookies.php(75): Illuminate\\Pipeline\\Pipeline->Illuminate\\Pipeline\\{closure}(Object(Illuminate\\Http\\Request))
#23 D:\\ketapang\\Agro Waste\\vendor\\laravel\\framework\\src\\Illuminate\\Pipeline\\Pipeline.php(209): Illuminate\\Cookie\\Middleware\\EncryptCookies->handle(Object(Illuminate\\Http\\Request), Object(Closure))
#24 D:\\ketapang\\Agro Waste\\vendor\\laravel\\framework\\src\\Illuminate\\Pipeline\\Pipeline.php(127): Illuminate\\Pipeline\\Pipeline->Illuminate\\Pipeline\\{closure}(Object(Illuminate\\Http\\Request))
#25 D:\\ketapang\\Agro Waste\\vendor\\laravel\\framework\\src\\Illuminate\\Routing\\Router.php(807): Illuminate\\Pipeline\\Pipeline->then(Object(Closure))
#26 D:\\ketapang\\Agro Waste\\vendor\\laravel\\framework\\src\\Illuminate\\Routing\\Router.php(786): Illuminate\\Routing\\Router->runRouteWithinStack(Object(Illuminate\\Routing\\Route), Object(Illuminate\\Http\\Request))
#27 D:\\ketapang\\Agro Waste\\vendor\\laravel\\framework\\src\\Illuminate\\Routing\\Router.php(750): Illuminate\\Routing\\Router->runRoute(Object(Illuminate\\Http\\Request), Object(Illuminate\\Routing\\Route))
#28 D:\\ketapang\\Agro Waste\\vendor\\laravel\\framework\\src\\Illuminate\\Routing\\Router.php(739): Illuminate\\Routing\\Router->dispatchToRoute(Object(Illuminate\\Http\\Request))
#29 D:\\ketapang\\Agro Waste\\vendor\\laravel\\framework\\src\\Illuminate\\Foundation\\Http\\Kernel.php(201): Illuminate\\Routing\\Router->dispatch(Object(Illuminate\\Http\\Request))
#30 D:\\ketapang\\Agro Waste\\vendor\\laravel\\framework\\src\\Illuminate\\Pipeline\\Pipeline.php(170): Illuminate\\Foundation\\Http\\Kernel->Illuminate\\Foundation\\Http\\{closure}(Object(Illuminate\\Http\\Request))
#31 D:\\ketapang\\Agro Waste\\vendor\\laravel\\framework\\src\\Illuminate\\Foundation\\Http\\Middleware\\TransformsRequest.php(21): Illuminate\\Pipeline\\Pipeline->Illuminate\\Pipeline\\{closure}(Object(Illuminate\\Http\\Request))
#32 D:\\ketapang\\Agro Waste\\vendor\\laravel\\framework\\src\\Illuminate\\Foundation\\Http\\Middleware\\ConvertEmptyStringsToNull.php(31): Illuminate\\Foundation\\Http\\Middleware\\TransformsRequest->handle(Object(Illuminate\\Http\\Request), Object(Closure))
#33 D:\\ketapang\\Agro Waste\\vendor\\laravel\\framework\\src\\Illuminate\\Pipeline\\Pipeline.php(209): Illuminate\\Foundation\\Http\\Middleware\\ConvertEmptyStringsToNull->handle(Object(Illuminate\\Http\\Request), Object(Closure))
#34 D:\\ketapang\\Agro Waste\\vendor\\laravel\\framework\\src\\Illuminate\\Foundation\\Http\\Middleware\\TransformsRequest.php(21): Illuminate\\Pipeline\\Pipeline->Illuminate\\Pipeline\\{closure}(Object(Illuminate\\Http\\Request))
#35 D:\\ketapang\\Agro Waste\\vendor\\laravel\\framework\\src\\Illuminate\\Foundation\\Http\\Middleware\\TrimStrings.php(51): Illuminate\\Foundation\\Http\\Middleware\\TransformsRequest->handle(Object(Illuminate\\Http\\Request), Object(Closure))
#36 D:\\ketapang\\Agro Waste\\vendor\\laravel\\framework\\src\\Illuminate\\Pipeline\\Pipeline.php(209): Illuminate\\Foundation\\Http\\Middleware\\TrimStrings->handle(Object(Illuminate\\Http\\Request), Object(Closure))
#37 D:\\ketapang\\Agro Waste\\vendor\\laravel\\framework\\src\\Illuminate\\Http\\Middleware\\ValidatePostSize.php(27): Illuminate\\Pipeline\\Pipeline->Illuminate\\Pipeline\\{closure}(Object(Illuminate\\Http\\Request))
#38 D:\\ketapang\\Agro Waste\\vendor\\laravel\\framework\\src\\Illuminate\\Pipeline\\Pipeline.php(209): Illuminate\\Http\\Middleware\\ValidatePostSize->handle(Object(Illuminate\\Http\\Request), Object(Closure))
#39 D:\\ketapang\\Agro Waste\\vendor\\laravel\\framework\\src\\Illuminate\\Foundation\\Http\\Middleware\\PreventRequestsDuringMaintenance.php(110): Illuminate\\Pipeline\\Pipeline->Illuminate\\Pipeline\\{closure}(Object(Illuminate\\Http\\Request))
#40 D:\\ketapang\\Agro Waste\\vendor\\laravel\\framework\\src\\Illuminate\\Pipeline\\Pipeline.php(209): Illuminate\\Foundation\\Http\\Middleware\\PreventRequestsDuringMaintenance->handle(Object(Illuminate\\Http\\Request), Object(Closure))
#41 D:\\ketapang\\Agro Waste\\vendor\\laravel\\framework\\src\\Illuminate\\Http\\Middleware\\HandleCors.php(49): Illuminate\\Pipeline\\Pipeline->Illuminate\\Pipeline\\{closure}(Object(Illuminate\\Http\\Request))
#42 D:\\ketapang\\Agro Waste\\vendor\\laravel\\framework\\src\\Illuminate\\Pipeline\\Pipeline.php(209): Illuminate\\Http\\Middleware\\HandleCors->handle(Object(Illuminate\\Http\\Request), Object(Closure))
#43 D:\\ketapang\\Agro Waste\\vendor\\laravel\\framework\\src\\Illuminate\\Http\\Middleware\\TrustProxies.php(58): Illuminate\\Pipeline\\Pipeline->Illuminate\\Pipeline\\{closure}(Object(Illuminate\\Http\\Request))
#44 D:\\ketapang\\Agro Waste\\vendor\\laravel\\framework\\src\\Illuminate\\Pipeline\\Pipeline.php(209): Illuminate\\Http\\Middleware\\TrustProxies->handle(Object(Illuminate\\Http\\Request), Object(Closure))
#45 D:\\ketapang\\Agro Waste\\vendor\\laravel\\framework\\src\\Illuminate\\Foundation\\Http\\Middleware\\InvokeDeferredCallbacks.php(22): Illuminate\\Pipeline\\Pipeline->Illuminate\\Pipeline\\{closure}(Object(Illuminate\\Http\\Request))
#46 D:\\ketapang\\Agro Waste\\vendor\\laravel\\framework\\src\\Illuminate\\Pipeline\\Pipeline.php(209): Illuminate\\Foundation\\Http\\Middleware\\InvokeDeferredCallbacks->handle(Object(Illuminate\\Http\\Request), Object(Closure))
#47 D:\\ketapang\\Agro Waste\\vendor\\laravel\\framework\\src\\Illuminate\\Pipeline\\Pipeline.php(127): Illuminate\\Pipeline\\Pipeline->Illuminate\\Pipeline\\{closure}(Object(Illuminate\\Http\\Request))
#48 D:\\ketapang\\Agro Waste\\vendor\\laravel\\framework\\src\\Illuminate\\Foundation\\Http\\Kernel.php(176): Illuminate\\Pipeline\\Pipeline->then(Object(Closure))
#49 D:\\ketapang\\Agro Waste\\vendor\\laravel\\framework\\src\\Illuminate\\Foundation\\Http\\Kernel.php(145): Illuminate\\Foundation\\Http\\Kernel->sendRequestThroughRouter(Object(Illuminate\\Http\\Request))
#50 D:\\ketapang\\Agro Waste\\vendor\\laravel\\framework\\src\\Illuminate\\Foundation\\Application.php(1220): Illuminate\\Foundation\\Http\\Kernel->handle(Object(Illuminate\\Http\\Request))
#51 D:\\ketapang\\Agro Waste\\public\\index.php(17): Illuminate\\Foundation\\Application->handleRequest(Object(Illuminate\\Http\\Request))
#52 D:\\ketapang\\Agro Waste\\vendor\\laravel\\framework\\src\\Illuminate\\Foundation\\resources\\server.php(23): require_once('D:\\\\ketapang\\\\Agr...')
#53 {main}
"} 
[2025-11-24 20:23:35] local.ERROR: View [app] not found. {"exception":"[object] (InvalidArgumentException(code: 0): View [app] not found. at D:\\ketapang\\Agro Waste\\vendor\\laravel\\framework\\src\\Illuminate\\View\\FileViewFinder.php:139)
[stacktrace]
#0 D:\\ketapang\\Agro Waste\\vendor\\laravel\\framework\\src\\Illuminate\\View\\FileViewFinder.php(79): Illuminate\\View\\FileViewFinder->findInPaths('app', Array)
#1 D:\\ketapang\\Agro Waste\\vendor\\laravel\\framework\\src\\Illuminate\\View\\Factory.php(151): Illuminate\\View\\FileViewFinder->find('app')
#2 D:\\ketapang\\Agro Waste\\vendor\\laravel\\framework\\src\\Illuminate\\Routing\\ResponseFactory.php(90): Illuminate\\View\\Factory->make('app', Array)
#3 D:\\ketapang\\Agro Waste\\vendor\\laravel\\framework\\src\\Illuminate\\Support\\Facades\\Facade.php(361): Illuminate\\Routing\\ResponseFactory->view('app', Array)
#4 D:\\ketapang\\Agro Waste\\vendor\\inertiajs\\inertia-laravel\\src\\Response.php(199): Illuminate\\Support\\Facades\\Facade::__callStatic('view', Array)
#5 D:\\ketapang\\Agro Waste\\vendor\\laravel\\framework\\src\\Illuminate\\Routing\\Router.php(902): Inertia\\Response->toResponse(Object(Illuminate\\Http\\Request))
#6 D:\\ketapang\\Agro Waste\\vendor\\laravel\\framework\\src\\Illuminate\\Routing\\Router.php(887): Illuminate\\Routing\\Router::toResponse(Object(Illuminate\\Http\\Request), Object(Inertia\\Response))
#7 D:\\ketapang\\Agro Waste\\vendor\\laravel\\framework\\src\\Illuminate\\Routing\\Router.php(807): Illuminate\\Routing\\Router->prepareResponse(Object(Illuminate\\Http\\Request), Object(Inertia\\Response))
#8 D:\\ketapang\\Agro Waste\\vendor\\laravel\\framework\\src\\Illuminate\\Pipeline\\Pipeline.php(170): Illuminate\\Routing\\Router->Illuminate\\Routing\\{closure}(Object(Illuminate\\Http\\Request))
#9 D:\\ketapang\\Agro Waste\\vendor\\inertiajs\\inertia-laravel\\src\\Middleware.php(96): Illuminate\\Pipeline\\Pipeline->Illuminate\\Pipeline\\{closure}(Object(Illuminate\\Http\\Request))
#10 D:\\ketapang\\Agro Waste\\vendor\\laravel\\framework\\src\\Illuminate\\Pipeline\\Pipeline.php(209): Inertia\\Middleware->handle(Object(Illuminate\\Http\\Request), Object(Closure))
#11 D:\\ketapang\\Agro Waste\\vendor\\laravel\\framework\\src\\Illuminate\\Routing\\Middleware\\SubstituteBindings.php(51): Illuminate\\Pipeline\\Pipeline->Illuminate\\Pipeline\\{closure}(Object(Illuminate\\Http\\Request))
#12 D:\\ketapang\\Agro Waste\\vendor\\laravel\\framework\\src\\Illuminate\\Pipeline\\Pipeline.php(209): Illuminate\\Routing\\Middleware\\SubstituteBindings->handle(Object(Illuminate\\Http\\Request), Object(Closure))
#13 D:\\ketapang\\Agro Waste\\vendor\\laravel\\framework\\src\\Illuminate\\Foundation\\Http\\Middleware\\VerifyCsrfToken.php(88): Illuminate\\Pipeline\\Pipeline->Illuminate\\Pipeline\\{closure}(Object(Illuminate\\Http\\Request))
#14 D:\\ketapang\\Agro Waste\\vendor\\laravel\\framework\\src\\Illuminate\\Pipeline\\Pipeline.php(209): Illuminate\\Foundation\\Http\\Middleware\\VerifyCsrfToken->handle(Object(Illuminate\\Http\\Request), Object(Closure))
#15 D:\\ketapang\\Agro Waste\\vendor\\laravel\\framework\\src\\Illuminate\\View\\Middleware\\ShareErrorsFromSession.php(49): Illuminate\\Pipeline\\Pipeline->Illuminate\\Pipeline\\{closure}(Object(Illuminate\\Http\\Request))
#16 D:\\ketapang\\Agro Waste\\vendor\\laravel\\framework\\src\\Illuminate\\Pipeline\\Pipeline.php(209): Illuminate\\View\\Middleware\\ShareErrorsFromSession->handle(Object(Illuminate\\Http\\Request), Object(Closure))
#17 D:\\ketapang\\Agro Waste\\vendor\\laravel\\framework\\src\\Illuminate\\Session\\Middleware\\StartSession.php(121): Illuminate\\Pipeline\\Pipeline->Illuminate\\Pipeline\\{closure}(Object(Illuminate\\Http\\Request))
#18 D:\\ketapang\\Agro Waste\\vendor\\laravel\\framework\\src\\Illuminate\\Session\\Middleware\\StartSession.php(64): Illuminate\\Session\\Middleware\\StartSession->handleStatefulRequest(Object(Illuminate\\Http\\Request), Object(Illuminate\\Session\\Store), Object(Closure))
#19 D:\\ketapang\\Agro Waste\\vendor\\laravel\\framework\\src\\Illuminate\\Pipeline\\Pipeline.php(209): Illuminate\\Session\\Middleware\\StartSession->handle(Object(Illuminate\\Http\\Request), Object(Closure))
#20 D:\\ketapang\\Agro Waste\\vendor\\laravel\\framework\\src\\Illuminate\\Cookie\\Middleware\\AddQueuedCookiesToResponse.php(37): Illuminate\\Pipeline\\Pipeline->Illuminate\\Pipeline\\{closure}(Object(Illuminate\\Http\\Request))
#21 D:\\ketapang\\Agro Waste\\vendor\\laravel\\framework\\src\\Illuminate\\Pipeline\\Pipeline.php(209): Illuminate\\Cookie\\Middleware\\AddQueuedCookiesToResponse->handle(Object(Illuminate\\Http\\Request), Object(Closure))
#22 D:\\ketapang\\Agro Waste\\vendor\\laravel\\framework\\src\\Illuminate\\Cookie\\Middleware\\EncryptCookies.php(75): Illuminate\\Pipeline\\Pipeline->Illuminate\\Pipeline\\{closure}(Object(Illuminate\\Http\\Request))
#23 D:\\ketapang\\Agro Waste\\vendor\\laravel\\framework\\src\\Illuminate\\Pipeline\\Pipeline.php(209): Illuminate\\Cookie\\Middleware\\EncryptCookies->handle(Object(Illuminate\\Http\\Request), Object(Closure))
#24 D:\\ketapang\\Agro Waste\\vendor\\laravel\\framework\\src\\Illuminate\\Pipeline\\Pipeline.php(127): Illuminate\\Pipeline\\Pipeline->Illuminate\\Pipeline\\{closure}(Object(Illuminate\\Http\\Request))
#25 D:\\ketapang\\Agro Waste\\vendor\\laravel\\framework\\src\\Illuminate\\Routing\\Router.php(807): Illuminate\\Pipeline\\Pipeline->then(Object(Closure))
#26 D:\\ketapang\\Agro Waste\\vendor\\laravel\\framework\\src\\Illuminate\\Routing\\Router.php(786): Illuminate\\Routing\\Router->runRouteWithinStack(Object(Illuminate\\Routing\\Route), Object(Illuminate\\Http\\Request))
#27 D:\\ketapang\\Agro Waste\\vendor\\laravel\\framework\\src\\Illuminate\\Routing\\Router.php(750): Illuminate\\Routing\\Router->runRoute(Object(Illuminate\\Http\\Request), Object(Illuminate\\Routing\\Route))
#28 D:\\ketapang\\Agro Waste\\vendor\\laravel\\framework\\src\\Illuminate\\Routing\\Router.php(739): Illuminate\\Routing\\Router->dispatchToRoute(Object(Illuminate\\Http\\Request))
#29 D:\\ketapang\\Agro Waste\\vendor\\laravel\\framework\\src\\Illuminate\\Foundation\\Http\\Kernel.php(201): Illuminate\\Routing\\Router->dispatch(Object(Illuminate\\Http\\Request))
#30 D:\\ketapang\\Agro Waste\\vendor\\laravel\\framework\\src\\Illuminate\\Pipeline\\Pipeline.php(170): Illuminate\\Foundation\\Http\\Kernel->Illuminate\\Foundation\\Http\\{closure}(Object(Illuminate\\Http\\Request))
#31 D:\\ketapang\\Agro Waste\\vendor\\laravel\\framework\\src\\Illuminate\\Foundation\\Http\\Middleware\\TransformsRequest.php(21): Illuminate\\Pipeline\\Pipeline->Illuminate\\Pipeline\\{closure}(Object(Illuminate\\Http\\Request))
#32 D:\\ketapang\\Agro Waste\\vendor\\laravel\\framework\\src\\Illuminate\\Foundation\\Http\\Middleware\\ConvertEmptyStringsToNull.php(31): Illuminate\\Foundation\\Http\\Middleware\\TransformsRequest->handle(Object(Illuminate\\Http\\Request), Object(Closure))
#33 D:\\ketapang\\Agro Waste\\vendor\\laravel\\framework\\src\\Illuminate\\Pipeline\\Pipeline.php(209): Illuminate\\Foundation\\Http\\Middleware\\ConvertEmptyStringsToNull->handle(Object(Illuminate\\Http\\Request), Object(Closure))
#34 D:\\ketapang\\Agro Waste\\vendor\\laravel\\framework\\src\\Illuminate\\Foundation\\Http\\Middleware\\TransformsRequest.php(21): Illuminate\\Pipeline\\Pipeline->Illuminate\\Pipeline\\{closure}(Object(Illuminate\\Http\\Request))
#35 D:\\ketapang\\Agro Waste\\vendor\\laravel\\framework\\src\\Illuminate\\Foundation\\Http\\Middleware\\TrimStrings.php(51): Illuminate\\Foundation\\Http\\Middleware\\TransformsRequest->handle(Object(Illuminate\\Http\\Request), Object(Closure))
#36 D:\\ketapang\\Agro Waste\\vendor\\laravel\\framework\\src\\Illuminate\\Pipeline\\Pipeline.php(209): Illuminate\\Foundation\\Http\\Middleware\\TrimStrings->handle(Object(Illuminate\\Http\\Request), Object(Closure))
#37 D:\\ketapang\\Agro Waste\\vendor\\laravel\\framework\\src\\Illuminate\\Http\\Middleware\\ValidatePostSize.php(27): Illuminate\\Pipeline\\Pipeline->Illuminate\\Pipeline\\{closure}(Object(Illuminate\\Http\\Request))
#38 D:\\ketapang\\Agro Waste\\vendor\\laravel\\framework\\src\\Illuminate\\Pipeline\\Pipeline.php(209): Illuminate\\Http\\Middleware\\ValidatePostSize->handle(Object(Illuminate\\Http\\Request), Object(Closure))
#39 D:\\ketapang\\Agro Waste\\vendor\\laravel\\framework\\src\\Illuminate\\Foundation\\Http\\Middleware\\PreventRequestsDuringMaintenance.php(110): Illuminate\\Pipeline\\Pipeline->Illuminate\\Pipeline\\{closure}(Object(Illuminate\\Http\\Request))
#40 D:\\ketapang\\Agro Waste\\vendor\\laravel\\framework\\src\\Illuminate\\Pipeline\\Pipeline.php(209): Illuminate\\Foundation\\Http\\Middleware\\PreventRequestsDuringMaintenance->handle(Object(Illuminate\\Http\\Request), Object(Closure))
#41 D:\\ketapang\\Agro Waste\\vendor\\laravel\\framework\\src\\Illuminate\\Http\\Middleware\\HandleCors.php(49): Illuminate\\Pipeline\\Pipeline->Illuminate\\Pipeline\\{closure}(Object(Illuminate\\Http\\Request))
#42 D:\\ketapang\\Agro Waste\\vendor\\laravel\\framework\\src\\Illuminate\\Pipeline\\Pipeline.php(209): Illuminate\\Http\\Middleware\\HandleCors->handle(Object(Illuminate\\Http\\Request), Object(Closure))
#43 D:\\ketapang\\Agro Waste\\vendor\\laravel\\framework\\src\\Illuminate\\Http\\Middleware\\TrustProxies.php(58): Illuminate\\Pipeline\\Pipeline->Illuminate\\Pipeline\\{closure}(Object(Illuminate\\Http\\Request))
#44 D:\\ketapang\\Agro Waste\\vendor\\laravel\\framework\\src\\Illuminate\\Pipeline\\Pipeline.php(209): Illuminate\\Http\\Middleware\\TrustProxies->handle(Object(Illuminate\\Http\\Request), Object(Closure))
#45 D:\\ketapang\\Agro Waste\\vendor\\laravel\\framework\\src\\Illuminate\\Foundation\\Http\\Middleware\\InvokeDeferredCallbacks.php(22): Illuminate\\Pipeline\\Pipeline->Illuminate\\Pipeline\\{closure}(Object(Illuminate\\Http\\Request))
#46 D:\\ketapang\\Agro Waste\\vendor\\laravel\\framework\\src\\Illuminate\\Pipeline\\Pipeline.php(209): Illuminate\\Foundation\\Http\\Middleware\\InvokeDeferredCallbacks->handle(Object(Illuminate\\Http\\Request), Object(Closure))
#47 D:\\ketapang\\Agro Waste\\vendor\\laravel\\framework\\src\\Illuminate\\Pipeline\\Pipeline.php(127): Illuminate\\Pipeline\\Pipeline->Illuminate\\Pipeline\\{closure}(Object(Illuminate\\Http\\Request))
#48 D:\\ketapang\\Agro Waste\\vendor\\laravel\\framework\\src\\Illuminate\\Foundation\\Http\\Kernel.php(176): Illuminate\\Pipeline\\Pipeline->then(Object(Closure))
#49 D:\\ketapang\\Agro Waste\\vendor\\laravel\\framework\\src\\Illuminate\\Foundation\\Http\\Kernel.php(145): Illuminate\\Foundation\\Http\\Kernel->sendRequestThroughRouter(Object(Illuminate\\Http\\Request))
#50 D:\\ketapang\\Agro Waste\\vendor\\laravel\\framework\\src\\Illuminate\\Foundation\\Application.php(1220): Illuminate\\Foundation\\Http\\Kernel->handle(Object(Illuminate\\Http\\Request))
#51 D:\\ketapang\\Agro Waste\\public\\index.php(17): Illuminate\\Foundation\\Application->handleRequest(Object(Illuminate\\Http\\Request))
#52 D:\\ketapang\\Agro Waste\\vendor\\laravel\\framework\\src\\Illuminate\\Foundation\\resources\\server.php(23): require_once('D:\\\\ketapang\\\\Agr...')
#53 {main}
"} 
[2025-11-24 20:26:50] local.ERROR: Undefined variable $videos {"view":{"view":"D:\\ketapang\\Agro Waste\\resources\\views\\modules\\show.blade.php","data":{"errors":"<pre class=sf-dump id=sf-dump-1166266239 data-indent-pad=\"  \"><span class=sf-dump-note>Illuminate\\Support\\ViewErrorBag</span> {<a class=sf-dump-ref>#1075</a><samp data-depth=1 class=sf-dump-expanded>
  #<span class=sf-dump-protected title=\"Protected property\">bags</span>: []
</samp>}
</pre><script>Sfdump(\"sf-dump-1166266239\", {\"maxDepth\":3,\"maxStringLength\":160})</script>
","module":"<pre class=sf-dump id=sf-dump-913388374 data-indent-pad=\"  \"><span class=sf-dump-note>App\\Models\\Module</span> {<a class=sf-dump-ref>#1119</a><samp data-depth=1 class=sf-dump-expanded>
  #<span class=sf-dump-protected title=\"Protected property\">connection</span>: \"<span class=sf-dump-str title=\"6 characters\">sqlsrv</span>\"
  #<span class=sf-dump-protected title=\"Protected property\">table</span>: \"<span class=sf-dump-str title=\"7 characters\">modules</span>\"
  #<span class=sf-dump-protected title=\"Protected property\">primaryKey</span>: \"<span class=sf-dump-str title=\"2 characters\">id</span>\"
  #<span class=sf-dump-protected title=\"Protected property\">keyType</span>: \"<span class=sf-dump-str title=\"3 characters\">int</span>\"
  +<span class=sf-dump-public title=\"Public property\">incrementing</span>: <span class=sf-dump-const>true</span>
  #<span class=sf-dump-protected title=\"Protected property\">with</span>: []
  #<span class=sf-dump-protected title=\"Protected property\">withCount</span>: []
  +<span class=sf-dump-public title=\"Public property\">preventsLazyLoading</span>: <span class=sf-dump-const>false</span>
  #<span class=sf-dump-protected title=\"Protected property\">perPage</span>: <span class=sf-dump-num>15</span>
  +<span class=sf-dump-public title=\"Public property\">exists</span>: <span class=sf-dump-const>true</span>
  +<span class=sf-dump-public title=\"Public property\">wasRecentlyCreated</span>: <span class=sf-dump-const>false</span>
  #<span class=sf-dump-protected title=\"Protected property\">escapeWhenCastingToString</span>: <span class=sf-dump-const>false</span>
  #<span class=sf-dump-protected title=\"Protected property\">attributes</span>: <span class=sf-dump-note>array:11</span> [<samp data-depth=2 class=sf-dump-compact>
    \"<span class=sf-dump-key>id</span>\" => \"<span class=sf-dump-str>1</span>\"
    \"<span class=sf-dump-key>title</span>\" => \"<span class=sf-dump-str title=\"27 characters\">Pengenalan Limbah Pertanian</span>\"
    \"<span class=sf-dump-key>slug</span>\" => \"<span class=sf-dump-str title=\"27 characters\">pengenalan-limbah-pertanian</span>\"
    \"<span class=sf-dump-key>description</span>\" => \"<span class=sf-dump-str title=\"64 characters\">Pelajari dasar-dasar limbah pertanian dan potensi pemanfaatannya</span>\"
    \"<span class=sf-dump-key>content</span>\" => \"\"\"
      <span class=sf-dump-str title=\"1239 characters\">&lt;h2&gt;Pengenalan Limbah Pertanian&lt;/h2&gt;<span class=\"sf-dump-default sf-dump-ns\">\\r\\n</span></span>
      <span class=sf-dump-str title=\"1239 characters\">&lt;p&gt;Limbah pertanian adalah sisa hasil kegiatan pertanian yang tidak dimanfaatkan secara optimal. Limbah ini sebenarnya memiliki potensi besar untuk diolah menjadi produk berguna.&lt;/p&gt;<span class=\"sf-dump-default sf-dump-ns\">\\r\\n</span></span>
      <span class=sf-dump-str title=\"1239 characters\"><span class=\"sf-dump-default sf-dump-ns\">\\r\\n</span></span>
      <span class=sf-dump-str title=\"1239 characters\">&lt;h3&gt;Jenis-Jenis Limbah Pertanian&lt;/h3&gt;<span class=\"sf-dump-default sf-dump-ns\">\\r\\n</span></span>
      <span class=sf-dump-str title=\"1239 characters\">&lt;ul&gt;<span class=\"sf-dump-default sf-dump-ns\">\\r\\n</span></span>
      <span class=sf-dump-str title=\"1239 characters\">    &lt;li&gt;&lt;strong&gt;Limbah Jerami:&lt;/strong&gt; Sisa panen padi yang dapat diolah menjadi pupuk kompos atau pakan ternak&lt;/li&gt;<span class=\"sf-dump-default sf-dump-ns\">\\r\\n</span></span>
      <span class=sf-dump-str title=\"1239 characters\">    &lt;li&gt;&lt;strong&gt;Limbah Tongkol Jagung:&lt;/strong&gt; Dapat dimanfaatkan untuk media tanam jamur atau pakan ternak&lt;/li&gt;<span class=\"sf-dump-default sf-dump-ns\">\\r\\n</span></span>
      <span class=sf-dump-str title=\"1239 characters\">    &lt;li&gt;&lt;strong&gt;Limbah Kulit Kacang:&lt;/strong&gt; Bisa diolah menjadi pupuk organik yang kaya nutrisi&lt;/li&gt;<span class=\"sf-dump-default sf-dump-ns\">\\r\\n</span></span>
      <span class=sf-dump-str title=\"1239 characters\">    &lt;li&gt;&lt;strong&gt;Limbah Batang dan Daun:&lt;/strong&gt; Sangat baik untuk pembuatan kompos&lt;/li&gt;<span class=\"sf-dump-default sf-dump-ns\">\\r\\n</span></span>
      <span class=sf-dump-str title=\"1239 characters\">&lt;/ul&gt;<span class=\"sf-dump-default sf-dump-ns\">\\r\\n</span></span>
      <span class=sf-dump-str title=\"1239 characters\"><span class=\"sf-dump-default sf-dump-ns\">\\r\\n</span></span>
      <span class=sf-dump-str title=\"1239 characters\">&lt;h3&gt;Manfaat Mengolah Limbah Pertanian&lt;/h3&gt;<span class=\"sf-dump-default sf-dump-ns\">\\r\\n</span></span>
      <span class=sf-dump-str title=\"1239 characters\">&lt;ol&gt;<span class=\"sf-dump-default sf-dump-ns\">\\r\\n</span></span>
      <span class=sf-dump-str title=\"1239 characters\">    &lt;li&gt;Mengurangi pencemaran lingkungan&lt;/li&gt;<span class=\"sf-dump-default sf-dump-ns\">\\r\\n</span></span>
      <span class=sf-dump-str title=\"1239 characters\">    &lt;li&gt;Menghasilkan produk bernilai ekonomis&lt;/li&gt;<span class=\"sf-dump-default sf-dump-ns\">\\r\\n</span></span>
      <span class=sf-dump-str title=\"1239 characters\">    &lt;li&gt;Meningkatkan pendapatan petani&lt;/li&gt;<span class=\"sf-dump-default sf-dump-ns\">\\r\\n</span></span>
      <span class=sf-dump-str title=\"1239 characters\">    &lt;li&gt;Mendukung pertanian berkelanjutan&lt;/li&gt;<span class=\"sf-dump-default sf-dump-ns\">\\r\\n</span></span>
      <span class=sf-dump-str title=\"1239 characters\">&lt;/ol&gt;<span class=\"sf-dump-default sf-dump-ns\">\\r\\n</span></span>
      <span class=sf-dump-str title=\"1239 characters\"><span class=\"sf-dump-default sf-dump-ns\">\\r\\n</span></span>
      <span class=sf-dump-str title=\"1239 characters\">&lt;h3&gt;Potensi Ekonomi&lt;/h3&gt;<span class=\"sf-dump-default sf-dump-ns\">\\r\\n</span></span>
      <span class=sf-dump-str title=\"1239 characters\">&lt;p&gt;Dengan pengolahan yang tepat, limbah pertanian dapat menghasilkan:&lt;/p&gt;<span class=\"sf-dump-default sf-dump-ns\">\\r\\n</span></span>
      <span class=sf-dump-str title=\"1239 characters\">&lt;ul&gt;<span class=\"sf-dump-default sf-dump-ns\">\\r\\n</span></span>
      <span class=sf-dump-str title=\"1239 characters\">    &lt;li&gt;Pupuk organik berkualitas tinggi&lt;/li&gt;<span class=\"sf-dump-default sf-dump-ns\">\\r\\n</span></span>
      <span class=sf-dump-str title=\"1239 characters\">    &lt;li&gt;Pakan ternak yang bergizi&lt;/li&gt;<span class=\"sf-dump-default sf-dump-ns\">\\r\\n</span></span>
      <span class=sf-dump-str title=\"1239 characters\">    &lt;li&gt;Bahan bakar alternatif (biogas)&lt;/li&gt;<span class=\"sf-dump-default sf-dump-ns\">\\r\\n</span></span>
      <span class=sf-dump-str title=\"1239 characters\">    &lt;li&gt;Media tanam yang subur&lt;/li&gt;<span class=\"sf-dump-default sf-dump-ns\">\\r\\n</span></span>
      <span class=sf-dump-str title=\"1239 characters\">&lt;/ul&gt;</span>
      \"\"\"
    \"<span class=sf-dump-key>order</span>\" => \"<span class=sf-dump-str>1</span>\"
    \"<span class=sf-dump-key>is_active</span>\" => \"<span class=sf-dump-str>1</span>\"
    \"<span class=sf-dump-key>thumbnail</span>\" => <span class=sf-dump-const>null</span>
    \"<span class=sf-dump-key>duration_minutes</span>\" => \"<span class=sf-dump-str title=\"2 characters\">30</span>\"
    \"<span class=sf-dump-key>created_at</span>\" => \"<span class=sf-dump-str title=\"23 characters\">2025-11-24 12:32:24.127</span>\"
    \"<span class=sf-dump-key>updated_at</span>\" => \"<span class=sf-dump-str title=\"23 characters\">2025-11-24 12:32:24.127</span>\"
  </samp>]
  #<span class=sf-dump-protected title=\"Protected property\">original</span>: <span class=sf-dump-note>array:11</span> [<samp data-depth=2 class=sf-dump-compact>
    \"<span class=sf-dump-key>id</span>\" => \"<span class=sf-dump-str>1</span>\"
    \"<span class=sf-dump-key>title</span>\" => \"<span class=sf-dump-str title=\"27 characters\">Pengenalan Limbah Pertanian</span>\"
    \"<span class=sf-dump-key>slug</span>\" => \"<span class=sf-dump-str title=\"27 characters\">pengenalan-limbah-pertanian</span>\"
    \"<span class=sf-dump-key>description</span>\" => \"<span class=sf-dump-str title=\"64 characters\">Pelajari dasar-dasar limbah pertanian dan potensi pemanfaatannya</span>\"
    \"<span class=sf-dump-key>content</span>\" => \"\"\"
      <span class=sf-dump-str title=\"1239 characters\">&lt;h2&gt;Pengenalan Limbah Pertanian&lt;/h2&gt;<span class=\"sf-dump-default sf-dump-ns\">\\r\\n</span></span>
      <span class=sf-dump-str title=\"1239 characters\">&lt;p&gt;Limbah pertanian adalah sisa hasil kegiatan pertanian yang tidak dimanfaatkan secara optimal. Limbah ini sebenarnya memiliki potensi besar untuk diolah menjadi produk berguna.&lt;/p&gt;<span class=\"sf-dump-default sf-dump-ns\">\\r\\n</span></span>
      <span class=sf-dump-str title=\"1239 characters\"><span class=\"sf-dump-default sf-dump-ns\">\\r\\n</span></span>
      <span class=sf-dump-str title=\"1239 characters\">&lt;h3&gt;Jenis-Jenis Limbah Pertanian&lt;/h3&gt;<span class=\"sf-dump-default sf-dump-ns\">\\r\\n</span></span>
      <span class=sf-dump-str title=\"1239 characters\">&lt;ul&gt;<span class=\"sf-dump-default sf-dump-ns\">\\r\\n</span></span>
      <span class=sf-dump-str title=\"1239 characters\">    &lt;li&gt;&lt;strong&gt;Limbah Jerami:&lt;/strong&gt; Sisa panen padi yang dapat diolah menjadi pupuk kompos atau pakan ternak&lt;/li&gt;<span class=\"sf-dump-default sf-dump-ns\">\\r\\n</span></span>
      <span class=sf-dump-str title=\"1239 characters\">    &lt;li&gt;&lt;strong&gt;Limbah Tongkol Jagung:&lt;/strong&gt; Dapat dimanfaatkan untuk media tanam jamur atau pakan ternak&lt;/li&gt;<span class=\"sf-dump-default sf-dump-ns\">\\r\\n</span></span>
      <span class=sf-dump-str title=\"1239 characters\">    &lt;li&gt;&lt;strong&gt;Limbah Kulit Kacang:&lt;/strong&gt; Bisa diolah menjadi pupuk organik yang kaya nutrisi&lt;/li&gt;<span class=\"sf-dump-default sf-dump-ns\">\\r\\n</span></span>
      <span class=sf-dump-str title=\"1239 characters\">    &lt;li&gt;&lt;strong&gt;Limbah Batang dan Daun:&lt;/strong&gt; Sangat baik untuk pembuatan kompos&lt;/li&gt;<span class=\"sf-dump-default sf-dump-ns\">\\r\\n</span></span>
      <span class=sf-dump-str title=\"1239 characters\">&lt;/ul&gt;<span class=\"sf-dump-default sf-dump-ns\">\\r\\n</span></span>
      <span class=sf-dump-str title=\"1239 characters\"><span class=\"sf-dump-default sf-dump-ns\">\\r\\n</span></span>
      <span class=sf-dump-str title=\"1239 characters\">&lt;h3&gt;Manfaat Mengolah Limbah Pertanian&lt;/h3&gt;<span class=\"sf-dump-default sf-dump-ns\">\\r\\n</span></span>
      <span class=sf-dump-str title=\"1239 characters\">&lt;ol&gt;<span class=\"sf-dump-default sf-dump-ns\">\\r\\n</span></span>
      <span class=sf-dump-str title=\"1239 characters\">    &lt;li&gt;Mengurangi pencemaran lingkungan&lt;/li&gt;<span class=\"sf-dump-default sf-dump-ns\">\\r\\n</span></span>
      <span class=sf-dump-str title=\"1239 characters\">    &lt;li&gt;Menghasilkan produk bernilai ekonomis&lt;/li&gt;<span class=\"sf-dump-default sf-dump-ns\">\\r\\n</span></span>
      <span class=sf-dump-str title=\"1239 characters\">    &lt;li&gt;Meningkatkan pendapatan petani&lt;/li&gt;<span class=\"sf-dump-default sf-dump-ns\">\\r\\n</span></span>
      <span class=sf-dump-str title=\"1239 characters\">    &lt;li&gt;Mendukung pertanian berkelanjutan&lt;/li&gt;<span class=\"sf-dump-default sf-dump-ns\">\\r\\n</span></span>
      <span class=sf-dump-str title=\"1239 characters\">&lt;/ol&gt;<span class=\"sf-dump-default sf-dump-ns\">\\r\\n</span></span>
      <span class=sf-dump-str title=\"1239 characters\"><span class=\"sf-dump-default sf-dump-ns\">\\r\\n</span></span>
      <span class=sf-dump-str title=\"1239 characters\">&lt;h3&gt;Potensi Ekonomi&lt;/h3&gt;<span class=\"sf-dump-default sf-dump-ns\">\\r\\n</span></span>
      <span class=sf-dump-str title=\"1239 characters\">&lt;p&gt;Dengan pengolahan yang tepat, limbah pertanian dapat menghasilkan:&lt;/p&gt;<span class=\"sf-dump-default sf-dump-ns\">\\r\\n</span></span>
      <span class=sf-dump-str title=\"1239 characters\">&lt;ul&gt;<span class=\"sf-dump-default sf-dump-ns\">\\r\\n</span></span>
      <span class=sf-dump-str title=\"1239 characters\">    &lt;li&gt;Pupuk organik berkualitas tinggi&lt;/li&gt;<span class=\"sf-dump-default sf-dump-ns\">\\r\\n</span></span>
      <span class=sf-dump-str title=\"1239 characters\">    &lt;li&gt;Pakan ternak yang bergizi&lt;/li&gt;<span class=\"sf-dump-default sf-dump-ns\">\\r\\n</span></span>
      <span class=sf-dump-str title=\"1239 characters\">    &lt;li&gt;Bahan bakar alternatif (biogas)&lt;/li&gt;<span class=\"sf-dump-default sf-dump-ns\">\\r\\n</span></span>
      <span class=sf-dump-str title=\"1239 characters\">    &lt;li&gt;Media tanam yang subur&lt;/li&gt;<span class=\"sf-dump-default sf-dump-ns\">\\r\\n</span></span>
      <span class=sf-dump-str title=\"1239 characters\">&lt;/ul&gt;</span>
      \"\"\"
    \"<span class=sf-dump-key>order</span>\" => \"<span class=sf-dump-str>1</span>\"
    \"<span class=sf-dump-key>is_active</span>\" => \"<span class=sf-dump-str>1</span>\"
    \"<span class=sf-dump-key>thumbnail</span>\" => <span class=sf-dump-const>null</span>
    \"<span class=sf-dump-key>duration_minutes</span>\" => \"<span class=sf-dump-str title=\"2 characters\">30</span>\"
    \"<span class=sf-dump-key>created_at</span>\" => \"<span class=sf-dump-str title=\"23 characters\">2025-11-24 12:32:24.127</span>\"
    \"<span class=sf-dump-key>updated_at</span>\" => \"<span class=sf-dump-str title=\"23 characters\">2025-11-24 12:32:24.127</span>\"
  </samp>]
  #<span class=sf-dump-protected title=\"Protected property\">changes</span>: []
  #<span class=sf-dump-protected title=\"Protected property\">casts</span>: <span class=sf-dump-note>array:1</span> [<samp data-depth=2 class=sf-dump-compact>
    \"<span class=sf-dump-key>is_active</span>\" => \"<span class=sf-dump-str title=\"7 characters\">boolean</span>\"
  </samp>]
  #<span class=sf-dump-protected title=\"Protected property\">classCastCache</span>: []
  #<span class=sf-dump-protected title=\"Protected property\">attributeCastCache</span>: []
  #<span class=sf-dump-protected title=\"Protected property\">dateFormat</span>: <span class=sf-dump-const>null</span>
  #<span class=sf-dump-protected title=\"Protected property\">appends</span>: []
  #<span class=sf-dump-protected title=\"Protected property\">dispatchesEvents</span>: []
  #<span class=sf-dump-protected title=\"Protected property\">observables</span>: []
  #<span class=sf-dump-protected title=\"Protected property\">relations</span>: []
  #<span class=sf-dump-protected title=\"Protected property\">touches</span>: []
  +<span class=sf-dump-public title=\"Public property\">timestamps</span>: <span class=sf-dump-const>true</span>
  +<span class=sf-dump-public title=\"Public property\">usesUniqueIds</span>: <span class=sf-dump-const>false</span>
  #<span class=sf-dump-protected title=\"Protected property\">hidden</span>: []
  #<span class=sf-dump-protected title=\"Protected property\">visible</span>: []
  #<span class=sf-dump-protected title=\"Protected property\">fillable</span>: <span class=sf-dump-note>array:8</span> [<samp data-depth=2 class=sf-dump-compact>
    <span class=sf-dump-index>0</span> => \"<span class=sf-dump-str title=\"5 characters\">title</span>\"
    <span class=sf-dump-index>1</span> => \"<span class=sf-dump-str title=\"4 characters\">slug</span>\"
    <span class=sf-dump-index>2</span> => \"<span class=sf-dump-str title=\"11 characters\">description</span>\"
    <span class=sf-dump-index>3</span> => \"<span class=sf-dump-str title=\"7 characters\">content</span>\"
    <span class=sf-dump-index>4</span> => \"<span class=sf-dump-str title=\"5 characters\">order</span>\"
    <span class=sf-dump-index>5</span> => \"<span class=sf-dump-str title=\"9 characters\">is_active</span>\"
    <span class=sf-dump-index>6</span> => \"<span class=sf-dump-str title=\"9 characters\">thumbnail</span>\"
    <span class=sf-dump-index>7</span> => \"<span class=sf-dump-str title=\"16 characters\">duration_minutes</span>\"
  </samp>]
  #<span class=sf-dump-protected title=\"Protected property\">guarded</span>: <span class=sf-dump-note>array:1</span> [<samp data-depth=2 class=sf-dump-compact>
    <span class=sf-dump-index>0</span> => \"<span class=sf-dump-str>*</span>\"
  </samp>]
</samp>}
</pre><script>Sfdump(\"sf-dump-913388374\", {\"maxDepth\":3,\"maxStringLength\":160})</script>
","progress":"<pre class=sf-dump id=sf-dump-8222029 data-indent-pad=\"  \"><span class=sf-dump-note>App\\Models\\UserModuleProgress</span> {<a class=sf-dump-ref>#1115</a><samp data-depth=1 class=sf-dump-expanded>
  #<span class=sf-dump-protected title=\"Protected property\">connection</span>: \"<span class=sf-dump-str title=\"6 characters\">sqlsrv</span>\"
  #<span class=sf-dump-protected title=\"Protected property\">table</span>: \"<span class=sf-dump-str title=\"20 characters\">user_module_progress</span>\"
  #<span class=sf-dump-protected title=\"Protected property\">primaryKey</span>: \"<span class=sf-dump-str title=\"2 characters\">id</span>\"
  #<span class=sf-dump-protected title=\"Protected property\">keyType</span>: \"<span class=sf-dump-str title=\"3 characters\">int</span>\"
  +<span class=sf-dump-public title=\"Public property\">incrementing</span>: <span class=sf-dump-const>true</span>
  #<span class=sf-dump-protected title=\"Protected property\">with</span>: []
  #<span class=sf-dump-protected title=\"Protected property\">withCount</span>: []
  +<span class=sf-dump-public title=\"Public property\">preventsLazyLoading</span>: <span class=sf-dump-const>false</span>
  #<span class=sf-dump-protected title=\"Protected property\">perPage</span>: <span class=sf-dump-num>15</span>
  +<span class=sf-dump-public title=\"Public property\">exists</span>: <span class=sf-dump-const>true</span>
  +<span class=sf-dump-public title=\"Public property\">wasRecentlyCreated</span>: <span class=sf-dump-const>true</span>
  #<span class=sf-dump-protected title=\"Protected property\">escapeWhenCastingToString</span>: <span class=sf-dump-const>false</span>
  #<span class=sf-dump-protected title=\"Protected property\">attributes</span>: <span class=sf-dump-note>array:6</span> [<samp data-depth=2 class=sf-dump-compact>
    \"<span class=sf-dump-key>user_id</span>\" => <span class=sf-dump-num>5</span>
    \"<span class=sf-dump-key>module_id</span>\" => <span class=sf-dump-num>1</span>
    \"<span class=sf-dump-key>started_at</span>\" => \"<span class=sf-dump-str title=\"23 characters\">2025-11-24 20:26:49.839</span>\"
    \"<span class=sf-dump-key>updated_at</span>\" => \"<span class=sf-dump-str title=\"23 characters\">2025-11-24 20:26:49.842</span>\"
    \"<span class=sf-dump-key>created_at</span>\" => \"<span class=sf-dump-str title=\"23 characters\">2025-11-24 20:26:49.842</span>\"
    \"<span class=sf-dump-key>id</span>\" => <span class=sf-dump-num>1</span>
  </samp>]
  #<span class=sf-dump-protected title=\"Protected property\">original</span>: <span class=sf-dump-note>array:6</span> [<samp data-depth=2 class=sf-dump-compact>
    \"<span class=sf-dump-key>user_id</span>\" => <span class=sf-dump-num>5</span>
    \"<span class=sf-dump-key>module_id</span>\" => <span class=sf-dump-num>1</span>
    \"<span class=sf-dump-key>started_at</span>\" => \"<span class=sf-dump-str title=\"23 characters\">2025-11-24 20:26:49.839</span>\"
    \"<span class=sf-dump-key>updated_at</span>\" => \"<span class=sf-dump-str title=\"23 characters\">2025-11-24 20:26:49.842</span>\"
    \"<span class=sf-dump-key>created_at</span>\" => \"<span class=sf-dump-str title=\"23 characters\">2025-11-24 20:26:49.842</span>\"
    \"<span class=sf-dump-key>id</span>\" => <span class=sf-dump-num>1</span>
  </samp>]
  #<span class=sf-dump-protected title=\"Protected property\">changes</span>: []
  #<span class=sf-dump-protected title=\"Protected property\">casts</span>: <span class=sf-dump-note>array:5</span> [<samp data-depth=2 class=sf-dump-compact>
    \"<span class=sf-dump-key>module_completed</span>\" => \"<span class=sf-dump-str title=\"7 characters\">boolean</span>\"
    \"<span class=sf-dump-key>video_completed</span>\" => \"<span class=sf-dump-str title=\"7 characters\">boolean</span>\"
    \"<span class=sf-dump-key>quiz_completed</span>\" => \"<span class=sf-dump-str title=\"7 characters\">boolean</span>\"
    \"<span class=sf-dump-key>started_at</span>\" => \"<span class=sf-dump-str title=\"8 characters\">datetime</span>\"
    \"<span class=sf-dump-key>completed_at</span>\" => \"<span class=sf-dump-str title=\"8 characters\">datetime</span>\"
  </samp>]
  #<span class=sf-dump-protected title=\"Protected property\">classCastCache</span>: []
  #<span class=sf-dump-protected title=\"Protected property\">attributeCastCache</span>: []
  #<span class=sf-dump-protected title=\"Protected property\">dateFormat</span>: <span class=sf-dump-const>null</span>
  #<span class=sf-dump-protected title=\"Protected property\">appends</span>: []
  #<span class=sf-dump-protected title=\"Protected property\">dispatchesEvents</span>: []
  #<span class=sf-dump-protected title=\"Protected property\">observables</span>: []
  #<span class=sf-dump-protected title=\"Protected property\">relations</span>: []
  #<span class=sf-dump-protected title=\"Protected property\">touches</span>: []
  +<span class=sf-dump-public title=\"Public property\">timestamps</span>: <span class=sf-dump-const>true</span>
  +<span class=sf-dump-public title=\"Public property\">usesUniqueIds</span>: <span class=sf-dump-const>false</span>
  #<span class=sf-dump-protected title=\"Protected property\">hidden</span>: []
  #<span class=sf-dump-protected title=\"Protected property\">visible</span>: []
  #<span class=sf-dump-protected title=\"Protected property\">fillable</span>: <span class=sf-dump-note>array:8</span> [<samp data-depth=2 class=sf-dump-compact>
    <span class=sf-dump-index>0</span> => \"<span class=sf-dump-str title=\"7 characters\">user_id</span>\"
    <span class=sf-dump-index>1</span> => \"<span class=sf-dump-str title=\"9 characters\">module_id</span>\"
    <span class=sf-dump-index>2</span> => \"<span class=sf-dump-str title=\"16 characters\">module_completed</span>\"
    <span class=sf-dump-index>3</span> => \"<span class=sf-dump-str title=\"15 characters\">video_completed</span>\"
    <span class=sf-dump-index>4</span> => \"<span class=sf-dump-str title=\"14 characters\">quiz_completed</span>\"
    <span class=sf-dump-index>5</span> => \"<span class=sf-dump-str title=\"10 characters\">quiz_score</span>\"
    <span class=sf-dump-index>6</span> => \"<span class=sf-dump-str title=\"10 characters\">started_at</span>\"
    <span class=sf-dump-index>7</span> => \"<span class=sf-dump-str title=\"12 characters\">completed_at</span>\"
  </samp>]
  #<span class=sf-dump-protected title=\"Protected property\">guarded</span>: <span class=sf-dump-note>array:1</span> [<samp data-depth=2 class=sf-dump-compact>
    <span class=sf-dump-index>0</span> => \"<span class=sf-dump-str>*</span>\"
  </samp>]
</samp>}
</pre><script>Sfdump(\"sf-dump-8222029\", {\"maxDepth\":3,\"maxStringLength\":160})</script>
","firstVideo":"<pre class=sf-dump id=sf-dump-1152464799 data-indent-pad=\"  \"><span class=sf-dump-note>App\\Models\\Video</span> {<a class=sf-dump-ref>#1129</a><samp data-depth=1 class=sf-dump-expanded>
  #<span class=sf-dump-protected title=\"Protected property\">connection</span>: \"<span class=sf-dump-str title=\"6 characters\">sqlsrv</span>\"
  #<span class=sf-dump-protected title=\"Protected property\">table</span>: \"<span class=sf-dump-str title=\"6 characters\">videos</span>\"
  #<span class=sf-dump-protected title=\"Protected property\">primaryKey</span>: \"<span class=sf-dump-str title=\"2 characters\">id</span>\"
  #<span class=sf-dump-protected title=\"Protected property\">keyType</span>: \"<span class=sf-dump-str title=\"3 characters\">int</span>\"
  +<span class=sf-dump-public title=\"Public property\">incrementing</span>: <span class=sf-dump-const>true</span>
  #<span class=sf-dump-protected title=\"Protected property\">with</span>: []
  #<span class=sf-dump-protected title=\"Protected property\">withCount</span>: []
  +<span class=sf-dump-public title=\"Public property\">preventsLazyLoading</span>: <span class=sf-dump-const>false</span>
  #<span class=sf-dump-protected title=\"Protected property\">perPage</span>: <span class=sf-dump-num>15</span>
  +<span class=sf-dump-public title=\"Public property\">exists</span>: <span class=sf-dump-const>true</span>
  +<span class=sf-dump-public title=\"Public property\">wasRecentlyCreated</span>: <span class=sf-dump-const>false</span>
  #<span class=sf-dump-protected title=\"Protected property\">escapeWhenCastingToString</span>: <span class=sf-dump-const>false</span>
  #<span class=sf-dump-protected title=\"Protected property\">attributes</span>: <span class=sf-dump-note>array:10</span> [<samp data-depth=2 class=sf-dump-compact>
    \"<span class=sf-dump-key>id</span>\" => \"<span class=sf-dump-str>1</span>\"
    \"<span class=sf-dump-key>module_id</span>\" => \"<span class=sf-dump-str>1</span>\"
    \"<span class=sf-dump-key>title</span>\" => \"<span class=sf-dump-str title=\"25 characters\">Apa Itu Limbah Pertanian?</span>\"
    \"<span class=sf-dump-key>description</span>\" => \"<span class=sf-dump-str title=\"71 characters\">Video pengenalan tentang berbagai jenis limbah pertanian dan potensinya</span>\"
    \"<span class=sf-dump-key>video_url</span>\" => \"<span class=sf-dump-str title=\"29 characters\">/videos/pengenalan-limbah.mp4</span>\"
    \"<span class=sf-dump-key>duration_seconds</span>\" => \"<span class=sf-dump-str title=\"3 characters\">480</span>\"
    \"<span class=sf-dump-key>order</span>\" => \"<span class=sf-dump-str>1</span>\"
    \"<span class=sf-dump-key>is_active</span>\" => \"<span class=sf-dump-str>1</span>\"
    \"<span class=sf-dump-key>created_at</span>\" => \"<span class=sf-dump-str title=\"23 characters\">2025-11-24 12:32:24.137</span>\"
    \"<span class=sf-dump-key>updated_at</span>\" => \"<span class=sf-dump-str title=\"23 characters\">2025-11-24 12:32:24.137</span>\"
  </samp>]
  #<span class=sf-dump-protected title=\"Protected property\">original</span>: <span class=sf-dump-note>array:10</span> [<samp data-depth=2 class=sf-dump-compact>
    \"<span class=sf-dump-key>id</span>\" => \"<span class=sf-dump-str>1</span>\"
    \"<span class=sf-dump-key>module_id</span>\" => \"<span class=sf-dump-str>1</span>\"
    \"<span class=sf-dump-key>title</span>\" => \"<span class=sf-dump-str title=\"25 characters\">Apa Itu Limbah Pertanian?</span>\"
    \"<span class=sf-dump-key>description</span>\" => \"<span class=sf-dump-str title=\"71 characters\">Video pengenalan tentang berbagai jenis limbah pertanian dan potensinya</span>\"
    \"<span class=sf-dump-key>video_url</span>\" => \"<span class=sf-dump-str title=\"29 characters\">/videos/pengenalan-limbah.mp4</span>\"
    \"<span class=sf-dump-key>duration_seconds</span>\" => \"<span class=sf-dump-str title=\"3 characters\">480</span>\"
    \"<span class=sf-dump-key>order</span>\" => \"<span class=sf-dump-str>1</span>\"
    \"<span class=sf-dump-key>is_active</span>\" => \"<span class=sf-dump-str>1</span>\"
    \"<span class=sf-dump-key>created_at</span>\" => \"<span class=sf-dump-str title=\"23 characters\">2025-11-24 12:32:24.137</span>\"
    \"<span class=sf-dump-key>updated_at</span>\" => \"<span class=sf-dump-str title=\"23 characters\">2025-11-24 12:32:24.137</span>\"
  </samp>]
  #<span class=sf-dump-protected title=\"Protected property\">changes</span>: []
  #<span class=sf-dump-protected title=\"Protected property\">casts</span>: <span class=sf-dump-note>array:1</span> [<samp data-depth=2 class=sf-dump-compact>
    \"<span class=sf-dump-key>is_active</span>\" => \"<span class=sf-dump-str title=\"7 characters\">boolean</span>\"
  </samp>]
  #<span class=sf-dump-protected title=\"Protected property\">classCastCache</span>: []
  #<span class=sf-dump-protected title=\"Protected property\">attributeCastCache</span>: []
  #<span class=sf-dump-protected title=\"Protected property\">dateFormat</span>: <span class=sf-dump-const>null</span>
  #<span class=sf-dump-protected title=\"Protected property\">appends</span>: []
  #<span class=sf-dump-protected title=\"Protected property\">dispatchesEvents</span>: []
  #<span class=sf-dump-protected title=\"Protected property\">observables</span>: []
  #<span class=sf-dump-protected title=\"Protected property\">relations</span>: []
  #<span class=sf-dump-protected title=\"Protected property\">touches</span>: []
  +<span class=sf-dump-public title=\"Public property\">timestamps</span>: <span class=sf-dump-const>true</span>
  +<span class=sf-dump-public title=\"Public property\">usesUniqueIds</span>: <span class=sf-dump-const>false</span>
  #<span class=sf-dump-protected title=\"Protected property\">hidden</span>: []
  #<span class=sf-dump-protected title=\"Protected property\">visible</span>: []
  #<span class=sf-dump-protected title=\"Protected property\">fillable</span>: <span class=sf-dump-note>array:7</span> [<samp data-depth=2 class=sf-dump-compact>
    <span class=sf-dump-index>0</span> => \"<span class=sf-dump-str title=\"9 characters\">module_id</span>\"
    <span class=sf-dump-index>1</span> => \"<span class=sf-dump-str title=\"5 characters\">title</span>\"
    <span class=sf-dump-index>2</span> => \"<span class=sf-dump-str title=\"11 characters\">description</span>\"
    <span class=sf-dump-index>3</span> => \"<span class=sf-dump-str title=\"9 characters\">video_url</span>\"
    <span class=sf-dump-index>4</span> => \"<span class=sf-dump-str title=\"16 characters\">duration_seconds</span>\"
    <span class=sf-dump-index>5</span> => \"<span class=sf-dump-str title=\"5 characters\">order</span>\"
    <span class=sf-dump-index>6</span> => \"<span class=sf-dump-str title=\"9 characters\">is_active</span>\"
  </samp>]
  #<span class=sf-dump-protected title=\"Protected property\">guarded</span>: <span class=sf-dump-note>array:1</span> [<samp data-depth=2 class=sf-dump-compact>
    <span class=sf-dump-index>0</span> => \"<span class=sf-dump-str>*</span>\"
  </samp>]
</samp>}
</pre><script>Sfdump(\"sf-dump-1152464799\", {\"maxDepth\":3,\"maxStringLength\":160})</script>
","firstQuiz":"<pre class=sf-dump id=sf-dump-286748304 data-indent-pad=\"  \"><span class=sf-dump-note>App\\Models\\Quiz</span> {<a class=sf-dump-ref>#1128</a><samp data-depth=1 class=sf-dump-expanded>
  #<span class=sf-dump-protected title=\"Protected property\">connection</span>: \"<span class=sf-dump-str title=\"6 characters\">sqlsrv</span>\"
  #<span class=sf-dump-protected title=\"Protected property\">table</span>: \"<span class=sf-dump-str title=\"7 characters\">quizzes</span>\"
  #<span class=sf-dump-protected title=\"Protected property\">primaryKey</span>: \"<span class=sf-dump-str title=\"2 characters\">id</span>\"
  #<span class=sf-dump-protected title=\"Protected property\">keyType</span>: \"<span class=sf-dump-str title=\"3 characters\">int</span>\"
  +<span class=sf-dump-public title=\"Public property\">incrementing</span>: <span class=sf-dump-const>true</span>
  #<span class=sf-dump-protected title=\"Protected property\">with</span>: []
  #<span class=sf-dump-protected title=\"Protected property\">withCount</span>: []
  +<span class=sf-dump-public title=\"Public property\">preventsLazyLoading</span>: <span class=sf-dump-const>false</span>
  #<span class=sf-dump-protected title=\"Protected property\">perPage</span>: <span class=sf-dump-num>15</span>
  +<span class=sf-dump-public title=\"Public property\">exists</span>: <span class=sf-dump-const>true</span>
  +<span class=sf-dump-public title=\"Public property\">wasRecentlyCreated</span>: <span class=sf-dump-const>false</span>
  #<span class=sf-dump-protected title=\"Protected property\">escapeWhenCastingToString</span>: <span class=sf-dump-const>false</span>
  #<span class=sf-dump-protected title=\"Protected property\">attributes</span>: <span class=sf-dump-note>array:9</span> [<samp data-depth=2 class=sf-dump-compact>
    \"<span class=sf-dump-key>id</span>\" => \"<span class=sf-dump-str>1</span>\"
    \"<span class=sf-dump-key>module_id</span>\" => \"<span class=sf-dump-str>1</span>\"
    \"<span class=sf-dump-key>title</span>\" => \"<span class=sf-dump-str title=\"33 characters\">Kuis: Pengenalan Limbah Pertanian</span>\"
    \"<span class=sf-dump-key>description</span>\" => \"<span class=sf-dump-str title=\"43 characters\">Uji pemahaman Anda tentang limbah pertanian</span>\"
    \"<span class=sf-dump-key>passing_score</span>\" => \"<span class=sf-dump-str title=\"2 characters\">70</span>\"
    \"<span class=sf-dump-key>duration_minutes</span>\" => \"<span class=sf-dump-str title=\"2 characters\">15</span>\"
    \"<span class=sf-dump-key>is_active</span>\" => \"<span class=sf-dump-str>1</span>\"
    \"<span class=sf-dump-key>created_at</span>\" => \"<span class=sf-dump-str title=\"23 characters\">2025-11-24 12:32:24.160</span>\"
    \"<span class=sf-dump-key>updated_at</span>\" => \"<span class=sf-dump-str title=\"23 characters\">2025-11-24 12:32:24.160</span>\"
  </samp>]
  #<span class=sf-dump-protected title=\"Protected property\">original</span>: <span class=sf-dump-note>array:9</span> [<samp data-depth=2 class=sf-dump-compact>
    \"<span class=sf-dump-key>id</span>\" => \"<span class=sf-dump-str>1</span>\"
    \"<span class=sf-dump-key>module_id</span>\" => \"<span class=sf-dump-str>1</span>\"
    \"<span class=sf-dump-key>title</span>\" => \"<span class=sf-dump-str title=\"33 characters\">Kuis: Pengenalan Limbah Pertanian</span>\"
    \"<span class=sf-dump-key>description</span>\" => \"<span class=sf-dump-str title=\"43 characters\">Uji pemahaman Anda tentang limbah pertanian</span>\"
    \"<span class=sf-dump-key>passing_score</span>\" => \"<span class=sf-dump-str title=\"2 characters\">70</span>\"
    \"<span class=sf-dump-key>duration_minutes</span>\" => \"<span class=sf-dump-str title=\"2 characters\">15</span>\"
    \"<span class=sf-dump-key>is_active</span>\" => \"<span class=sf-dump-str>1</span>\"
    \"<span class=sf-dump-key>created_at</span>\" => \"<span class=sf-dump-str title=\"23 characters\">2025-11-24 12:32:24.160</span>\"
    \"<span class=sf-dump-key>updated_at</span>\" => \"<span class=sf-dump-str title=\"23 characters\">2025-11-24 12:32:24.160</span>\"
  </samp>]
  #<span class=sf-dump-protected title=\"Protected property\">changes</span>: []
  #<span class=sf-dump-protected title=\"Protected property\">casts</span>: <span class=sf-dump-note>array:1</span> [<samp data-depth=2 class=sf-dump-compact>
    \"<span class=sf-dump-key>is_active</span>\" => \"<span class=sf-dump-str title=\"7 characters\">boolean</span>\"
  </samp>]
  #<span class=sf-dump-protected title=\"Protected property\">classCastCache</span>: []
  #<span class=sf-dump-protected title=\"Protected property\">attributeCastCache</span>: []
  #<span class=sf-dump-protected title=\"Protected property\">dateFormat</span>: <span class=sf-dump-const>null</span>
  #<span class=sf-dump-protected title=\"Protected property\">appends</span>: []
  #<span class=sf-dump-protected title=\"Protected property\">dispatchesEvents</span>: []
  #<span class=sf-dump-protected title=\"Protected property\">observables</span>: []
  #<span class=sf-dump-protected title=\"Protected property\">relations</span>: []
  #<span class=sf-dump-protected title=\"Protected property\">touches</span>: []
  +<span class=sf-dump-public title=\"Public property\">timestamps</span>: <span class=sf-dump-const>true</span>
  +<span class=sf-dump-public title=\"Public property\">usesUniqueIds</span>: <span class=sf-dump-const>false</span>
  #<span class=sf-dump-protected title=\"Protected property\">hidden</span>: []
  #<span class=sf-dump-protected title=\"Protected property\">visible</span>: []
  #<span class=sf-dump-protected title=\"Protected property\">fillable</span>: <span class=sf-dump-note>array:6</span> [<samp data-depth=2 class=sf-dump-compact>
    <span class=sf-dump-index>0</span> => \"<span class=sf-dump-str title=\"9 characters\">module_id</span>\"
    <span class=sf-dump-index>1</span> => \"<span class=sf-dump-str title=\"5 characters\">title</span>\"
    <span class=sf-dump-index>2</span> => \"<span class=sf-dump-str title=\"11 characters\">description</span>\"
    <span class=sf-dump-index>3</span> => \"<span class=sf-dump-str title=\"13 characters\">passing_score</span>\"
    <span class=sf-dump-index>4</span> => \"<span class=sf-dump-str title=\"16 characters\">duration_minutes</span>\"
    <span class=sf-dump-index>5</span> => \"<span class=sf-dump-str title=\"9 characters\">is_active</span>\"
  </samp>]
  #<span class=sf-dump-protected title=\"Protected property\">guarded</span>: <span class=sf-dump-note>array:1</span> [<samp data-depth=2 class=sf-dump-compact>
    <span class=sf-dump-index>0</span> => \"<span class=sf-dump-str>*</span>\"
  </samp>]
</samp>}
</pre><script>Sfdump(\"sf-dump-286748304\", {\"maxDepth\":3,\"maxStringLength\":160})</script>
"}},"userId":5,"exception":"[object] (Spatie\\LaravelIgnition\\Exceptions\\ViewException(code: 0): Undefined variable $videos at D:\\ketapang\\Agro Waste\\resources\\views\\modules\\show.blade.php:26)
[stacktrace]
#0 D:\\ketapang\\Agro Waste\\vendor\\laravel\\framework\\src\\Illuminate\\Filesystem\\Filesystem.php(123): require('D:\\\\ketapang\\\\Agr...')
#1 D:\\ketapang\\Agro Waste\\vendor\\laravel\\framework\\src\\Illuminate\\Filesystem\\Filesystem.php(124): Illuminate\\Filesystem\\Filesystem::Illuminate\\Filesystem\\{closure}()
#2 D:\\ketapang\\Agro Waste\\vendor\\laravel\\framework\\src\\Illuminate\\View\\Engines\\PhpEngine.php(58): Illuminate\\Filesystem\\Filesystem->getRequire('D:\\\\ketapang\\\\Agr...', Array)
#3 D:\\ketapang\\Agro Waste\\vendor\\laravel\\framework\\src\\Illuminate\\View\\Engines\\CompilerEngine.php(75): Illuminate\\View\\Engines\\PhpEngine->evaluatePath('D:\\\\ketapang\\\\Agr...', Array)
#4 D:\\ketapang\\Agro Waste\\vendor\\laravel\\framework\\src\\Illuminate\\View\\View.php(209): Illuminate\\View\\Engines\\CompilerEngine->get('D:\\\\ketapang\\\\Agr...', Array)
#5 D:\\ketapang\\Agro Waste\\vendor\\laravel\\framework\\src\\Illuminate\\View\\View.php(192): Illuminate\\View\\View->getContents()
#6 D:\\ketapang\\Agro Waste\\vendor\\laravel\\framework\\src\\Illuminate\\View\\View.php(161): Illuminate\\View\\View->renderContents()
#7 D:\\ketapang\\Agro Waste\\vendor\\laravel\\framework\\src\\Illuminate\\Http\\Response.php(79): Illuminate\\View\\View->render()
#8 D:\\ketapang\\Agro Waste\\vendor\\laravel\\framework\\src\\Illuminate\\Http\\Response.php(35): Illuminate\\Http\\Response->setContent(Object(Illuminate\\View\\View))
#9 D:\\ketapang\\Agro Waste\\vendor\\laravel\\framework\\src\\Illuminate\\Routing\\Router.php(920): Illuminate\\Http\\Response->__construct(Object(Illuminate\\View\\View), 200, Array)
#10 D:\\ketapang\\Agro Waste\\vendor\\laravel\\framework\\src\\Illuminate\\Routing\\Router.php(887): Illuminate\\Routing\\Router::toResponse(Object(Illuminate\\Http\\Request), Object(Illuminate\\View\\View))
#11 D:\\ketapang\\Agro Waste\\vendor\\laravel\\framework\\src\\Illuminate\\Routing\\Router.php(807): Illuminate\\Routing\\Router->prepareResponse(Object(Illuminate\\Http\\Request), Object(Illuminate\\View\\View))
#12 D:\\ketapang\\Agro Waste\\vendor\\laravel\\framework\\src\\Illuminate\\Pipeline\\Pipeline.php(170): Illuminate\\Routing\\Router->Illuminate\\Routing\\{closure}(Object(Illuminate\\Http\\Request))
#13 D:\\ketapang\\Agro Waste\\app\\Http\\Middleware\\Authenticate.php(18): Illuminate\\Pipeline\\Pipeline->Illuminate\\Pipeline\\{closure}(Object(Illuminate\\Http\\Request))
#14 D:\\ketapang\\Agro Waste\\vendor\\laravel\\framework\\src\\Illuminate\\Pipeline\\Pipeline.php(209): App\\Http\\Middleware\\Authenticate->handle(Object(Illuminate\\Http\\Request), Object(Closure))
#15 D:\\ketapang\\Agro Waste\\vendor\\inertiajs\\inertia-laravel\\src\\Middleware.php(96): Illuminate\\Pipeline\\Pipeline->Illuminate\\Pipeline\\{closure}(Object(Illuminate\\Http\\Request))
#16 D:\\ketapang\\Agro Waste\\vendor\\laravel\\framework\\src\\Illuminate\\Pipeline\\Pipeline.php(209): Inertia\\Middleware->handle(Object(Illuminate\\Http\\Request), Object(Closure))
#17 D:\\ketapang\\Agro Waste\\vendor\\laravel\\framework\\src\\Illuminate\\Routing\\Middleware\\SubstituteBindings.php(51): Illuminate\\Pipeline\\Pipeline->Illuminate\\Pipeline\\{closure}(Object(Illuminate\\Http\\Request))
#18 D:\\ketapang\\Agro Waste\\vendor\\laravel\\framework\\src\\Illuminate\\Pipeline\\Pipeline.php(209): Illuminate\\Routing\\Middleware\\SubstituteBindings->handle(Object(Illuminate\\Http\\Request), Object(Closure))
#19 D:\\ketapang\\Agro Waste\\vendor\\laravel\\framework\\src\\Illuminate\\Foundation\\Http\\Middleware\\VerifyCsrfToken.php(88): Illuminate\\Pipeline\\Pipeline->Illuminate\\Pipeline\\{closure}(Object(Illuminate\\Http\\Request))
#20 D:\\ketapang\\Agro Waste\\vendor\\laravel\\framework\\src\\Illuminate\\Pipeline\\Pipeline.php(209): Illuminate\\Foundation\\Http\\Middleware\\VerifyCsrfToken->handle(Object(Illuminate\\Http\\Request), Object(Closure))
#21 D:\\ketapang\\Agro Waste\\vendor\\laravel\\framework\\src\\Illuminate\\View\\Middleware\\ShareErrorsFromSession.php(49): Illuminate\\Pipeline\\Pipeline->Illuminate\\Pipeline\\{closure}(Object(Illuminate\\Http\\Request))
#22 D:\\ketapang\\Agro Waste\\vendor\\laravel\\framework\\src\\Illuminate\\Pipeline\\Pipeline.php(209): Illuminate\\View\\Middleware\\ShareErrorsFromSession->handle(Object(Illuminate\\Http\\Request), Object(Closure))
#23 D:\\ketapang\\Agro Waste\\vendor\\laravel\\framework\\src\\Illuminate\\Session\\Middleware\\StartSession.php(121): Illuminate\\Pipeline\\Pipeline->Illuminate\\Pipeline\\{closure}(Object(Illuminate\\Http\\Request))
#24 D:\\ketapang\\Agro Waste\\vendor\\laravel\\framework\\src\\Illuminate\\Session\\Middleware\\StartSession.php(64): Illuminate\\Session\\Middleware\\StartSession->handleStatefulRequest(Object(Illuminate\\Http\\Request), Object(Illuminate\\Session\\Store), Object(Closure))
#25 D:\\ketapang\\Agro Waste\\vendor\\laravel\\framework\\src\\Illuminate\\Pipeline\\Pipeline.php(209): Illuminate\\Session\\Middleware\\StartSession->handle(Object(Illuminate\\Http\\Request), Object(Closure))
#26 D:\\ketapang\\Agro Waste\\vendor\\laravel\\framework\\src\\Illuminate\\Cookie\\Middleware\\AddQueuedCookiesToResponse.php(37): Illuminate\\Pipeline\\Pipeline->Illuminate\\Pipeline\\{closure}(Object(Illuminate\\Http\\Request))
#27 D:\\ketapang\\Agro Waste\\vendor\\laravel\\framework\\src\\Illuminate\\Pipeline\\Pipeline.php(209): Illuminate\\Cookie\\Middleware\\AddQueuedCookiesToResponse->handle(Object(Illuminate\\Http\\Request), Object(Closure))
#28 D:\\ketapang\\Agro Waste\\vendor\\laravel\\framework\\src\\Illuminate\\Cookie\\Middleware\\EncryptCookies.php(75): Illuminate\\Pipeline\\Pipeline->Illuminate\\Pipeline\\{closure}(Object(Illuminate\\Http\\Request))
#29 D:\\ketapang\\Agro Waste\\vendor\\laravel\\framework\\src\\Illuminate\\Pipeline\\Pipeline.php(209): Illuminate\\Cookie\\Middleware\\EncryptCookies->handle(Object(Illuminate\\Http\\Request), Object(Closure))
#30 D:\\ketapang\\Agro Waste\\vendor\\laravel\\framework\\src\\Illuminate\\Pipeline\\Pipeline.php(127): Illuminate\\Pipeline\\Pipeline->Illuminate\\Pipeline\\{closure}(Object(Illuminate\\Http\\Request))
#31 D:\\ketapang\\Agro Waste\\vendor\\laravel\\framework\\src\\Illuminate\\Routing\\Router.php(807): Illuminate\\Pipeline\\Pipeline->then(Object(Closure))
#32 D:\\ketapang\\Agro Waste\\vendor\\laravel\\framework\\src\\Illuminate\\Routing\\Router.php(786): Illuminate\\Routing\\Router->runRouteWithinStack(Object(Illuminate\\Routing\\Route), Object(Illuminate\\Http\\Request))
#33 D:\\ketapang\\Agro Waste\\vendor\\laravel\\framework\\src\\Illuminate\\Routing\\Router.php(750): Illuminate\\Routing\\Router->runRoute(Object(Illuminate\\Http\\Request), Object(Illuminate\\Routing\\Route))
#34 D:\\ketapang\\Agro Waste\\vendor\\laravel\\framework\\src\\Illuminate\\Routing\\Router.php(739): Illuminate\\Routing\\Router->dispatchToRoute(Object(Illuminate\\Http\\Request))
#35 D:\\ketapang\\Agro Waste\\vendor\\laravel\\framework\\src\\Illuminate\\Foundation\\Http\\Kernel.php(201): Illuminate\\Routing\\Router->dispatch(Object(Illuminate\\Http\\Request))
#36 D:\\ketapang\\Agro Waste\\vendor\\laravel\\framework\\src\\Illuminate\\Pipeline\\Pipeline.php(170): Illuminate\\Foundation\\Http\\Kernel->Illuminate\\Foundation\\Http\\{closure}(Object(Illuminate\\Http\\Request))
#37 D:\\ketapang\\Agro Waste\\vendor\\laravel\\framework\\src\\Illuminate\\Foundation\\Http\\Middleware\\TransformsRequest.php(21): Illuminate\\Pipeline\\Pipeline->Illuminate\\Pipeline\\{closure}(Object(Illuminate\\Http\\Request))
#38 D:\\ketapang\\Agro Waste\\vendor\\laravel\\framework\\src\\Illuminate\\Foundation\\Http\\Middleware\\ConvertEmptyStringsToNull.php(31): Illuminate\\Foundation\\Http\\Middleware\\TransformsRequest->handle(Object(Illuminate\\Http\\Request), Object(Closure))
#39 D:\\ketapang\\Agro Waste\\vendor\\laravel\\framework\\src\\Illuminate\\Pipeline\\Pipeline.php(209): Illuminate\\Foundation\\Http\\Middleware\\ConvertEmptyStringsToNull->handle(Object(Illuminate\\Http\\Request), Object(Closure))
#40 D:\\ketapang\\Agro Waste\\vendor\\laravel\\framework\\src\\Illuminate\\Foundation\\Http\\Middleware\\TransformsRequest.php(21): Illuminate\\Pipeline\\Pipeline->Illuminate\\Pipeline\\{closure}(Object(Illuminate\\Http\\Request))
#41 D:\\ketapang\\Agro Waste\\vendor\\laravel\\framework\\src\\Illuminate\\Foundation\\Http\\Middleware\\TrimStrings.php(51): Illuminate\\Foundation\\Http\\Middleware\\TransformsRequest->handle(Object(Illuminate\\Http\\Request), Object(Closure))
#42 D:\\ketapang\\Agro Waste\\vendor\\laravel\\framework\\src\\Illuminate\\Pipeline\\Pipeline.php(209): Illuminate\\Foundation\\Http\\Middleware\\TrimStrings->handle(Object(Illuminate\\Http\\Request), Object(Closure))
#43 D:\\ketapang\\Agro Waste\\vendor\\laravel\\framework\\src\\Illuminate\\Http\\Middleware\\ValidatePostSize.php(27): Illuminate\\Pipeline\\Pipeline->Illuminate\\Pipeline\\{closure}(Object(Illuminate\\Http\\Request))
#44 D:\\ketapang\\Agro Waste\\vendor\\laravel\\framework\\src\\Illuminate\\Pipeline\\Pipeline.php(209): Illuminate\\Http\\Middleware\\ValidatePostSize->handle(Object(Illuminate\\Http\\Request), Object(Closure))
#45 D:\\ketapang\\Agro Waste\\vendor\\laravel\\framework\\src\\Illuminate\\Foundation\\Http\\Middleware\\PreventRequestsDuringMaintenance.php(110): Illuminate\\Pipeline\\Pipeline->Illuminate\\Pipeline\\{closure}(Object(Illuminate\\Http\\Request))
#46 D:\\ketapang\\Agro Waste\\vendor\\laravel\\framework\\src\\Illuminate\\Pipeline\\Pipeline.php(209): Illuminate\\Foundation\\Http\\Middleware\\PreventRequestsDuringMaintenance->handle(Object(Illuminate\\Http\\Request), Object(Closure))
#47 D:\\ketapang\\Agro Waste\\vendor\\laravel\\framework\\src\\Illuminate\\Http\\Middleware\\HandleCors.php(49): Illuminate\\Pipeline\\Pipeline->Illuminate\\Pipeline\\{closure}(Object(Illuminate\\Http\\Request))
#48 D:\\ketapang\\Agro Waste\\vendor\\laravel\\framework\\src\\Illuminate\\Pipeline\\Pipeline.php(209): Illuminate\\Http\\Middleware\\HandleCors->handle(Object(Illuminate\\Http\\Request), Object(Closure))
#49 D:\\ketapang\\Agro Waste\\vendor\\laravel\\framework\\src\\Illuminate\\Http\\Middleware\\TrustProxies.php(58): Illuminate\\Pipeline\\Pipeline->Illuminate\\Pipeline\\{closure}(Object(Illuminate\\Http\\Request))
#50 D:\\ketapang\\Agro Waste\\vendor\\laravel\\framework\\src\\Illuminate\\Pipeline\\Pipeline.php(209): Illuminate\\Http\\Middleware\\TrustProxies->handle(Object(Illuminate\\Http\\Request), Object(Closure))
#51 D:\\ketapang\\Agro Waste\\vendor\\laravel\\framework\\src\\Illuminate\\Foundation\\Http\\Middleware\\InvokeDeferredCallbacks.php(22): Illuminate\\Pipeline\\Pipeline->Illuminate\\Pipeline\\{closure}(Object(Illuminate\\Http\\Request))
#52 D:\\ketapang\\Agro Waste\\vendor\\laravel\\framework\\src\\Illuminate\\Pipeline\\Pipeline.php(209): Illuminate\\Foundation\\Http\\Middleware\\InvokeDeferredCallbacks->handle(Object(Illuminate\\Http\\Request), Object(Closure))
#53 D:\\ketapang\\Agro Waste\\vendor\\laravel\\framework\\src\\Illuminate\\Pipeline\\Pipeline.php(127): Illuminate\\Pipeline\\Pipeline->Illuminate\\Pipeline\\{closure}(Object(Illuminate\\Http\\Request))
#54 D:\\ketapang\\Agro Waste\\vendor\\laravel\\framework\\src\\Illuminate\\Foundation\\Http\\Kernel.php(176): Illuminate\\Pipeline\\Pipeline->then(Object(Closure))
#55 D:\\ketapang\\Agro Waste\\vendor\\laravel\\framework\\src\\Illuminate\\Foundation\\Http\\Kernel.php(145): Illuminate\\Foundation\\Http\\Kernel->sendRequestThroughRouter(Object(Illuminate\\Http\\Request))
#56 D:\\ketapang\\Agro Waste\\vendor\\laravel\\framework\\src\\Illuminate\\Foundation\\Application.php(1220): Illuminate\\Foundation\\Http\\Kernel->handle(Object(Illuminate\\Http\\Request))
#57 D:\\ketapang\\Agro Waste\\public\\index.php(17): Illuminate\\Foundation\\Application->handleRequest(Object(Illuminate\\Http\\Request))
#58 D:\\ketapang\\Agro Waste\\vendor\\laravel\\framework\\src\\Illuminate\\Foundation\\resources\\server.php(23): require_once('D:\\\\ketapang\\\\Agr...')
#59 {main}

[previous exception] [object] (ErrorException(code: 0): Undefined variable $videos at D:\\ketapang\\Agro Waste\\storage\\framework\\views\\decf1ed9132158d502302d4db372073d.php:27)
[stacktrace]
#0 D:\\ketapang\\Agro Waste\\vendor\\laravel\\framework\\src\\Illuminate\\Foundation\\Bootstrap\\HandleExceptions.php(258): Illuminate\\Foundation\\Bootstrap\\HandleExceptions->handleError(2, 'Undefined varia...', 'D:\\\\ketapang\\\\Agr...', 27)
#1 D:\\ketapang\\Agro Waste\\storage\\framework\\views\\decf1ed9132158d502302d4db372073d.php(27): Illuminate\\Foundation\\Bootstrap\\HandleExceptions->Illuminate\\Foundation\\Bootstrap\\{closure}(2, 'Undefined varia...', 'D:\\\\ketapang\\\\Agr...', 27)
#2 D:\\ketapang\\Agro Waste\\vendor\\laravel\\framework\\src\\Illuminate\\Filesystem\\Filesystem.php(123): require('D:\\\\ketapang\\\\Agr...')
#3 D:\\ketapang\\Agro Waste\\vendor\\laravel\\framework\\src\\Illuminate\\Filesystem\\Filesystem.php(124): Illuminate\\Filesystem\\Filesystem::Illuminate\\Filesystem\\{closure}()
#4 D:\\ketapang\\Agro Waste\\vendor\\laravel\\framework\\src\\Illuminate\\View\\Engines\\PhpEngine.php(58): Illuminate\\Filesystem\\Filesystem->getRequire('D:\\\\ketapang\\\\Agr...', Array)
#5 D:\\ketapang\\Agro Waste\\vendor\\laravel\\framework\\src\\Illuminate\\View\\Engines\\CompilerEngine.php(75): Illuminate\\View\\Engines\\PhpEngine->evaluatePath('D:\\\\ketapang\\\\Agr...', Array)
#6 D:\\ketapang\\Agro Waste\\vendor\\laravel\\framework\\src\\Illuminate\\View\\View.php(209): Illuminate\\View\\Engines\\CompilerEngine->get('D:\\\\ketapang\\\\Agr...', Array)
#7 D:\\ketapang\\Agro Waste\\vendor\\laravel\\framework\\src\\Illuminate\\View\\View.php(192): Illuminate\\View\\View->getContents()
#8 D:\\ketapang\\Agro Waste\\vendor\\laravel\\framework\\src\\Illuminate\\View\\View.php(161): Illuminate\\View\\View->renderContents()
#9 D:\\ketapang\\Agro Waste\\vendor\\laravel\\framework\\src\\Illuminate\\Http\\Response.php(79): Illuminate\\View\\View->render()
#10 D:\\ketapang\\Agro Waste\\vendor\\laravel\\framework\\src\\Illuminate\\Http\\Response.php(35): Illuminate\\Http\\Response->setContent(Object(Illuminate\\View\\View))
#11 D:\\ketapang\\Agro Waste\\vendor\\laravel\\framework\\src\\Illuminate\\Routing\\Router.php(920): Illuminate\\Http\\Response->__construct(Object(Illuminate\\View\\View), 200, Array)
#12 D:\\ketapang\\Agro Waste\\vendor\\laravel\\framework\\src\\Illuminate\\Routing\\Router.php(887): Illuminate\\Routing\\Router::toResponse(Object(Illuminate\\Http\\Request), Object(Illuminate\\View\\View))
#13 D:\\ketapang\\Agro Waste\\vendor\\laravel\\framework\\src\\Illuminate\\Routing\\Router.php(807): Illuminate\\Routing\\Router->prepareResponse(Object(Illuminate\\Http\\Request), Object(Illuminate\\View\\View))
#14 D:\\ketapang\\Agro Waste\\vendor\\laravel\\framework\\src\\Illuminate\\Pipeline\\Pipeline.php(170): Illuminate\\Routing\\Router->Illuminate\\Routing\\{closure}(Object(Illuminate\\Http\\Request))
#15 D:\\ketapang\\Agro Waste\\app\\Http\\Middleware\\Authenticate.php(18): Illuminate\\Pipeline\\Pipeline->Illuminate\\Pipeline\\{closure}(Object(Illuminate\\Http\\Request))
#16 D:\\ketapang\\Agro Waste\\vendor\\laravel\\framework\\src\\Illuminate\\Pipeline\\Pipeline.php(209): App\\Http\\Middleware\\Authenticate->handle(Object(Illuminate\\Http\\Request), Object(Closure))
#17 D:\\ketapang\\Agro Waste\\vendor\\inertiajs\\inertia-laravel\\src\\Middleware.php(96): Illuminate\\Pipeline\\Pipeline->Illuminate\\Pipeline\\{closure}(Object(Illuminate\\Http\\Request))
#18 D:\\ketapang\\Agro Waste\\vendor\\laravel\\framework\\src\\Illuminate\\Pipeline\\Pipeline.php(209): Inertia\\Middleware->handle(Object(Illuminate\\Http\\Request), Object(Closure))
#19 D:\\ketapang\\Agro Waste\\vendor\\laravel\\framework\\src\\Illuminate\\Routing\\Middleware\\SubstituteBindings.php(51): Illuminate\\Pipeline\\Pipeline->Illuminate\\Pipeline\\{closure}(Object(Illuminate\\Http\\Request))
#20 D:\\ketapang\\Agro Waste\\vendor\\laravel\\framework\\src\\Illuminate\\Pipeline\\Pipeline.php(209): Illuminate\\Routing\\Middleware\\SubstituteBindings->handle(Object(Illuminate\\Http\\Request), Object(Closure))
#21 D:\\ketapang\\Agro Waste\\vendor\\laravel\\framework\\src\\Illuminate\\Foundation\\Http\\Middleware\\VerifyCsrfToken.php(88): Illuminate\\Pipeline\\Pipeline->Illuminate\\Pipeline\\{closure}(Object(Illuminate\\Http\\Request))
#22 D:\\ketapang\\Agro Waste\\vendor\\laravel\\framework\\src\\Illuminate\\Pipeline\\Pipeline.php(209): Illuminate\\Foundation\\Http\\Middleware\\VerifyCsrfToken->handle(Object(Illuminate\\Http\\Request), Object(Closure))
#23 D:\\ketapang\\Agro Waste\\vendor\\laravel\\framework\\src\\Illuminate\\View\\Middleware\\ShareErrorsFromSession.php(49): Illuminate\\Pipeline\\Pipeline->Illuminate\\Pipeline\\{closure}(Object(Illuminate\\Http\\Request))
#24 D:\\ketapang\\Agro Waste\\vendor\\laravel\\framework\\src\\Illuminate\\Pipeline\\Pipeline.php(209): Illuminate\\View\\Middleware\\ShareErrorsFromSession->handle(Object(Illuminate\\Http\\Request), Object(Closure))
#25 D:\\ketapang\\Agro Waste\\vendor\\laravel\\framework\\src\\Illuminate\\Session\\Middleware\\StartSession.php(121): Illuminate\\Pipeline\\Pipeline->Illuminate\\Pipeline\\{closure}(Object(Illuminate\\Http\\Request))
#26 D:\\ketapang\\Agro Waste\\vendor\\laravel\\framework\\src\\Illuminate\\Session\\Middleware\\StartSession.php(64): Illuminate\\Session\\Middleware\\StartSession->handleStatefulRequest(Object(Illuminate\\Http\\Request), Object(Illuminate\\Session\\Store), Object(Closure))
#27 D:\\ketapang\\Agro Waste\\vendor\\laravel\\framework\\src\\Illuminate\\Pipeline\\Pipeline.php(209): Illuminate\\Session\\Middleware\\StartSession->handle(Object(Illuminate\\Http\\Request), Object(Closure))
#28 D:\\ketapang\\Agro Waste\\vendor\\laravel\\framework\\src\\Illuminate\\Cookie\\Middleware\\AddQueuedCookiesToResponse.php(37): Illuminate\\Pipeline\\Pipeline->Illuminate\\Pipeline\\{closure}(Object(Illuminate\\Http\\Request))
#29 D:\\ketapang\\Agro Waste\\vendor\\laravel\\framework\\src\\Illuminate\\Pipeline\\Pipeline.php(209): Illuminate\\Cookie\\Middleware\\AddQueuedCookiesToResponse->handle(Object(Illuminate\\Http\\Request), Object(Closure))
#30 D:\\ketapang\\Agro Waste\\vendor\\laravel\\framework\\src\\Illuminate\\Cookie\\Middleware\\EncryptCookies.php(75): Illuminate\\Pipeline\\Pipeline->Illuminate\\Pipeline\\{closure}(Object(Illuminate\\Http\\Request))
#31 D:\\ketapang\\Agro Waste\\vendor\\laravel\\framework\\src\\Illuminate\\Pipeline\\Pipeline.php(209): Illuminate\\Cookie\\Middleware\\EncryptCookies->handle(Object(Illuminate\\Http\\Request), Object(Closure))
#32 D:\\ketapang\\Agro Waste\\vendor\\laravel\\framework\\src\\Illuminate\\Pipeline\\Pipeline.php(127): Illuminate\\Pipeline\\Pipeline->Illuminate\\Pipeline\\{closure}(Object(Illuminate\\Http\\Request))
#33 D:\\ketapang\\Agro Waste\\vendor\\laravel\\framework\\src\\Illuminate\\Routing\\Router.php(807): Illuminate\\Pipeline\\Pipeline->then(Object(Closure))
#34 D:\\ketapang\\Agro Waste\\vendor\\laravel\\framework\\src\\Illuminate\\Routing\\Router.php(786): Illuminate\\Routing\\Router->runRouteWithinStack(Object(Illuminate\\Routing\\Route), Object(Illuminate\\Http\\Request))
#35 D:\\ketapang\\Agro Waste\\vendor\\laravel\\framework\\src\\Illuminate\\Routing\\Router.php(750): Illuminate\\Routing\\Router->runRoute(Object(Illuminate\\Http\\Request), Object(Illuminate\\Routing\\Route))
#36 D:\\ketapang\\Agro Waste\\vendor\\laravel\\framework\\src\\Illuminate\\Routing\\Router.php(739): Illuminate\\Routing\\Router->dispatchToRoute(Object(Illuminate\\Http\\Request))
#37 D:\\ketapang\\Agro Waste\\vendor\\laravel\\framework\\src\\Illuminate\\Foundation\\Http\\Kernel.php(201): Illuminate\\Routing\\Router->dispatch(Object(Illuminate\\Http\\Request))
#38 D:\\ketapang\\Agro Waste\\vendor\\laravel\\framework\\src\\Illuminate\\Pipeline\\Pipeline.php(170): Illuminate\\Foundation\\Http\\Kernel->Illuminate\\Foundation\\Http\\{closure}(Object(Illuminate\\Http\\Request))
#39 D:\\ketapang\\Agro Waste\\vendor\\laravel\\framework\\src\\Illuminate\\Foundation\\Http\\Middleware\\TransformsRequest.php(21): Illuminate\\Pipeline\\Pipeline->Illuminate\\Pipeline\\{closure}(Object(Illuminate\\Http\\Request))
#40 D:\\ketapang\\Agro Waste\\vendor\\laravel\\framework\\src\\Illuminate\\Foundation\\Http\\Middleware\\ConvertEmptyStringsToNull.php(31): Illuminate\\Foundation\\Http\\Middleware\\TransformsRequest->handle(Object(Illuminate\\Http\\Request), Object(Closure))
#41 D:\\ketapang\\Agro Waste\\vendor\\laravel\\framework\\src\\Illuminate\\Pipeline\\Pipeline.php(209): Illuminate\\Foundation\\Http\\Middleware\\ConvertEmptyStringsToNull->handle(Object(Illuminate\\Http\\Request), Object(Closure))
#42 D:\\ketapang\\Agro Waste\\vendor\\laravel\\framework\\src\\Illuminate\\Foundation\\Http\\Middleware\\TransformsRequest.php(21): Illuminate\\Pipeline\\Pipeline->Illuminate\\Pipeline\\{closure}(Object(Illuminate\\Http\\Request))
#43 D:\\ketapang\\Agro Waste\\vendor\\laravel\\framework\\src\\Illuminate\\Foundation\\Http\\Middleware\\TrimStrings.php(51): Illuminate\\Foundation\\Http\\Middleware\\TransformsRequest->handle(Object(Illuminate\\Http\\Request), Object(Closure))
#44 D:\\ketapang\\Agro Waste\\vendor\\laravel\\framework\\src\\Illuminate\\Pipeline\\Pipeline.php(209): Illuminate\\Foundation\\Http\\Middleware\\TrimStrings->handle(Object(Illuminate\\Http\\Request), Object(Closure))
#45 D:\\ketapang\\Agro Waste\\vendor\\laravel\\framework\\src\\Illuminate\\Http\\Middleware\\ValidatePostSize.php(27): Illuminate\\Pipeline\\Pipeline->Illuminate\\Pipeline\\{closure}(Object(Illuminate\\Http\\Request))
#46 D:\\ketapang\\Agro Waste\\vendor\\laravel\\framework\\src\\Illuminate\\Pipeline\\Pipeline.php(209): Illuminate\\Http\\Middleware\\ValidatePostSize->handle(Object(Illuminate\\Http\\Request), Object(Closure))
#47 D:\\ketapang\\Agro Waste\\vendor\\laravel\\framework\\src\\Illuminate\\Foundation\\Http\\Middleware\\PreventRequestsDuringMaintenance.php(110): Illuminate\\Pipeline\\Pipeline->Illuminate\\Pipeline\\{closure}(Object(Illuminate\\Http\\Request))
#48 D:\\ketapang\\Agro Waste\\vendor\\laravel\\framework\\src\\Illuminate\\Pipeline\\Pipeline.php(209): Illuminate\\Foundation\\Http\\Middleware\\PreventRequestsDuringMaintenance->handle(Object(Illuminate\\Http\\Request), Object(Closure))
#49 D:\\ketapang\\Agro Waste\\vendor\\laravel\\framework\\src\\Illuminate\\Http\\Middleware\\HandleCors.php(49): Illuminate\\Pipeline\\Pipeline->Illuminate\\Pipeline\\{closure}(Object(Illuminate\\Http\\Request))
#50 D:\\ketapang\\Agro Waste\\vendor\\laravel\\framework\\src\\Illuminate\\Pipeline\\Pipeline.php(209): Illuminate\\Http\\Middleware\\HandleCors->handle(Object(Illuminate\\Http\\Request), Object(Closure))
#51 D:\\ketapang\\Agro Waste\\vendor\\laravel\\framework\\src\\Illuminate\\Http\\Middleware\\TrustProxies.php(58): Illuminate\\Pipeline\\Pipeline->Illuminate\\Pipeline\\{closure}(Object(Illuminate\\Http\\Request))
#52 D:\\ketapang\\Agro Waste\\vendor\\laravel\\framework\\src\\Illuminate\\Pipeline\\Pipeline.php(209): Illuminate\\Http\\Middleware\\TrustProxies->handle(Object(Illuminate\\Http\\Request), Object(Closure))
#53 D:\\ketapang\\Agro Waste\\vendor\\laravel\\framework\\src\\Illuminate\\Foundation\\Http\\Middleware\\InvokeDeferredCallbacks.php(22): Illuminate\\Pipeline\\Pipeline->Illuminate\\Pipeline\\{closure}(Object(Illuminate\\Http\\Request))
#54 D:\\ketapang\\Agro Waste\\vendor\\laravel\\framework\\src\\Illuminate\\Pipeline\\Pipeline.php(209): Illuminate\\Foundation\\Http\\Middleware\\InvokeDeferredCallbacks->handle(Object(Illuminate\\Http\\Request), Object(Closure))
#55 D:\\ketapang\\Agro Waste\\vendor\\laravel\\framework\\src\\Illuminate\\Pipeline\\Pipeline.php(127): Illuminate\\Pipeline\\Pipeline->Illuminate\\Pipeline\\{closure}(Object(Illuminate\\Http\\Request))
#56 D:\\ketapang\\Agro Waste\\vendor\\laravel\\framework\\src\\Illuminate\\Foundation\\Http\\Kernel.php(176): Illuminate\\Pipeline\\Pipeline->then(Object(Closure))
#57 D:\\ketapang\\Agro Waste\\vendor\\laravel\\framework\\src\\Illuminate\\Foundation\\Http\\Kernel.php(145): Illuminate\\Foundation\\Http\\Kernel->sendRequestThroughRouter(Object(Illuminate\\Http\\Request))
#58 D:\\ketapang\\Agro Waste\\vendor\\laravel\\framework\\src\\Illuminate\\Foundation\\Application.php(1220): Illuminate\\Foundation\\Http\\Kernel->handle(Object(Illuminate\\Http\\Request))
#59 D:\\ketapang\\Agro Waste\\public\\index.php(17): Illuminate\\Foundation\\Application->handleRequest(Object(Illuminate\\Http\\Request))
#60 D:\\ketapang\\Agro Waste\\vendor\\laravel\\framework\\src\\Illuminate\\Foundation\\resources\\server.php(23): require_once('D:\\\\ketapang\\\\Agr...')
#61 {main}
"} 
[2025-11-24 20:45:36] local.ERROR: SQLSTATE[23000]: [Microsoft][ODBC Driver 17 for SQL Server][SQL Server]Cannot insert duplicate key row in object 'dbo.modules' with unique index 'modules_slug_unique'. The duplicate key value is (pengenalan-limbah-pertanian). (Connection: sqlsrv, SQL: insert into [modules] ([title], [slug], [description], [content], [order], [is_active], [duration_minutes], [updated_at], [created_at]) values (Pengenalan Limbah Pertanian, pengenalan-limbah-pertanian, Pelajari dasar-dasar limbah pertanian dan potensi pemanfaatannya, <h2>Pengenalan Limbah Pertanian</h2>
<p>Limbah pertanian adalah sisa hasil kegiatan pertanian yang tidak dimanfaatkan secara optimal. Limbah ini sebenarnya memiliki potensi besar untuk diolah menjadi produk berguna.</p>

<h3>Jenis-Jenis Limbah Pertanian</h3>
<ul>
    <li><strong>Limbah Jerami:</strong> Sisa panen padi yang dapat diolah menjadi pupuk kompos atau pakan ternak</li>
    <li><strong>Limbah Tongkol Jagung:</strong> Dapat dimanfaatkan untuk media tanam jamur atau pakan ternak</li>
    <li><strong>Limbah Kulit Kacang:</strong> Bisa diolah menjadi pupuk organik yang kaya nutrisi</li>
    <li><strong>Limbah Batang dan Daun:</strong> Sangat baik untuk pembuatan kompos</li>
</ul>

<h3>Manfaat Mengolah Limbah Pertanian</h3>
<ol>
    <li>Mengurangi pencemaran lingkungan</li>
    <li>Menghasilkan produk bernilai ekonomis</li>
    <li>Meningkatkan pendapatan petani</li>
    <li>Mendukung pertanian berkelanjutan</li>
</ol>

<h3>Potensi Ekonomi</h3>
<p>Dengan pengolahan yang tepat, limbah pertanian dapat menghasilkan:</p>
<ul>
    <li>Pupuk organik berkualitas tinggi</li>
    <li>Pakan ternak yang bergizi</li>
    <li>Bahan bakar alternatif (biogas)</li>
    <li>Media tanam yang subur</li>
</ul>, 1, 1, 30, 2025-11-24 20:45:35.831, 2025-11-24 20:45:35.831)) {"exception":"[object] (Illuminate\\Database\\UniqueConstraintViolationException(code: 23000): SQLSTATE[23000]: [Microsoft][ODBC Driver 17 for SQL Server][SQL Server]Cannot insert duplicate key row in object 'dbo.modules' with unique index 'modules_slug_unique'. The duplicate key value is (pengenalan-limbah-pertanian). (Connection: sqlsrv, SQL: insert into [modules] ([title], [slug], [description], [content], [order], [is_active], [duration_minutes], [updated_at], [created_at]) values (Pengenalan Limbah Pertanian, pengenalan-limbah-pertanian, Pelajari dasar-dasar limbah pertanian dan potensi pemanfaatannya, <h2>Pengenalan Limbah Pertanian</h2>

<p>Limbah pertanian adalah sisa hasil kegiatan pertanian yang tidak dimanfaatkan secara optimal. Limbah ini sebenarnya memiliki potensi besar untuk diolah menjadi produk berguna.</p>



<h3>Jenis-Jenis Limbah Pertanian</h3>

<ul>

    <li><strong>Limbah Jerami:</strong> Sisa panen padi yang dapat diolah menjadi pupuk kompos atau pakan ternak</li>

    <li><strong>Limbah Tongkol Jagung:</strong> Dapat dimanfaatkan untuk media tanam jamur atau pakan ternak</li>

    <li><strong>Limbah Kulit Kacang:</strong> Bisa diolah menjadi pupuk organik yang kaya nutrisi</li>

    <li><strong>Limbah Batang dan Daun:</strong> Sangat baik untuk pembuatan kompos</li>

</ul>



<h3>Manfaat Mengolah Limbah Pertanian</h3>

<ol>

    <li>Mengurangi pencemaran lingkungan</li>

    <li>Menghasilkan produk bernilai ekonomis</li>

    <li>Meningkatkan pendapatan petani</li>

    <li>Mendukung pertanian berkelanjutan</li>

</ol>



<h3>Potensi Ekonomi</h3>

<p>Dengan pengolahan yang tepat, limbah pertanian dapat menghasilkan:</p>

<ul>

    <li>Pupuk organik berkualitas tinggi</li>

    <li>Pakan ternak yang bergizi</li>

    <li>Bahan bakar alternatif (biogas)</li>

    <li>Media tanam yang subur</li>

</ul>, 1, 1, 30, 2025-11-24 20:45:35.831, 2025-11-24 20:45:35.831)) at D:\\ketapang\\Agro Waste\\vendor\\laravel\\framework\\src\\Illuminate\\Database\\Connection.php:820)
[stacktrace]
#0 D:\\ketapang\\Agro Waste\\vendor\\laravel\\framework\\src\\Illuminate\\Database\\Connection.php(779): Illuminate\\Database\\Connection->runQueryCallback('insert into [mo...', Array, Object(Closure))
#1 D:\\ketapang\\Agro Waste\\vendor\\laravel\\framework\\src\\Illuminate\\Database\\Connection.php(560): Illuminate\\Database\\Connection->run('insert into [mo...', Array, Object(Closure))
#2 D:\\ketapang\\Agro Waste\\vendor\\laravel\\framework\\src\\Illuminate\\Database\\Connection.php(524): Illuminate\\Database\\Connection->statement('insert into [mo...', Array)
#3 D:\\ketapang\\Agro Waste\\vendor\\laravel\\framework\\src\\Illuminate\\Database\\Query\\Processors\\SqlServerProcessor.php(24): Illuminate\\Database\\Connection->insert('insert into [mo...', Array)
#4 D:\\ketapang\\Agro Waste\\vendor\\laravel\\framework\\src\\Illuminate\\Database\\Query\\Builder.php(3766): Illuminate\\Database\\Query\\Processors\\SqlServerProcessor->processInsertGetId(Object(Illuminate\\Database\\Query\\Builder), 'insert into [mo...', Array, 'id')
#5 D:\\ketapang\\Agro Waste\\vendor\\laravel\\framework\\src\\Illuminate\\Database\\Eloquent\\Builder.php(2120): Illuminate\\Database\\Query\\Builder->insertGetId(Array, 'id')
#6 D:\\ketapang\\Agro Waste\\vendor\\laravel\\framework\\src\\Illuminate\\Database\\Eloquent\\Model.php(1359): Illuminate\\Database\\Eloquent\\Builder->__call('insertGetId', Array)
#7 D:\\ketapang\\Agro Waste\\vendor\\laravel\\framework\\src\\Illuminate\\Database\\Eloquent\\Model.php(1324): Illuminate\\Database\\Eloquent\\Model->insertAndSetId(Object(Illuminate\\Database\\Eloquent\\Builder), Array)
#8 D:\\ketapang\\Agro Waste\\vendor\\laravel\\framework\\src\\Illuminate\\Database\\Eloquent\\Model.php(1163): Illuminate\\Database\\Eloquent\\Model->performInsert(Object(Illuminate\\Database\\Eloquent\\Builder))
#9 D:\\ketapang\\Agro Waste\\vendor\\laravel\\framework\\src\\Illuminate\\Database\\Eloquent\\Builder.php(1128): Illuminate\\Database\\Eloquent\\Model->save()
#10 D:\\ketapang\\Agro Waste\\vendor\\laravel\\framework\\src\\Illuminate\\Support\\helpers.php(399): Illuminate\\Database\\Eloquent\\Builder->Illuminate\\Database\\Eloquent\\{closure}(Object(App\\Models\\Module))
#11 D:\\ketapang\\Agro Waste\\vendor\\laravel\\framework\\src\\Illuminate\\Database\\Eloquent\\Builder.php(1127): tap(Object(App\\Models\\Module), Object(Closure))
#12 D:\\ketapang\\Agro Waste\\vendor\\laravel\\framework\\src\\Illuminate\\Support\\Traits\\ForwardsCalls.php(23): Illuminate\\Database\\Eloquent\\Builder->create(Array)
#13 D:\\ketapang\\Agro Waste\\vendor\\laravel\\framework\\src\\Illuminate\\Database\\Eloquent\\Model.php(2372): Illuminate\\Database\\Eloquent\\Model->forwardCallTo(Object(Illuminate\\Database\\Eloquent\\Builder), 'create', Array)
#14 D:\\ketapang\\Agro Waste\\vendor\\laravel\\framework\\src\\Illuminate\\Database\\Eloquent\\Model.php(2384): Illuminate\\Database\\Eloquent\\Model->__call('create', Array)
#15 D:\\ketapang\\Agro Waste\\database\\seeders\\ModuleSeeder.php(12): Illuminate\\Database\\Eloquent\\Model::__callStatic('create', Array)
#16 D:\\ketapang\\Agro Waste\\vendor\\laravel\\framework\\src\\Illuminate\\Container\\BoundMethod.php(36): Database\\Seeders\\ModuleSeeder->run()
#17 D:\\ketapang\\Agro Waste\\vendor\\laravel\\framework\\src\\Illuminate\\Container\\Util.php(43): Illuminate\\Container\\BoundMethod::Illuminate\\Container\\{closure}()
#18 D:\\ketapang\\Agro Waste\\vendor\\laravel\\framework\\src\\Illuminate\\Container\\BoundMethod.php(95): Illuminate\\Container\\Util::unwrapIfClosure(Object(Closure))
#19 D:\\ketapang\\Agro Waste\\vendor\\laravel\\framework\\src\\Illuminate\\Container\\BoundMethod.php(35): Illuminate\\Container\\BoundMethod::callBoundMethod(Object(Illuminate\\Foundation\\Application), Array, Object(Closure))
#20 D:\\ketapang\\Agro Waste\\vendor\\laravel\\framework\\src\\Illuminate\\Container\\Container.php(696): Illuminate\\Container\\BoundMethod::call(Object(Illuminate\\Foundation\\Application), Array, Array, NULL)
#21 D:\\ketapang\\Agro Waste\\vendor\\laravel\\framework\\src\\Illuminate\\Database\\Seeder.php(188): Illuminate\\Container\\Container->call(Array, Array)
#22 D:\\ketapang\\Agro Waste\\vendor\\laravel\\framework\\src\\Illuminate\\Database\\Seeder.php(197): Illuminate\\Database\\Seeder->Illuminate\\Database\\{closure}()
#23 D:\\ketapang\\Agro Waste\\vendor\\laravel\\framework\\src\\Illuminate\\Database\\Console\\Seeds\\SeedCommand.php(70): Illuminate\\Database\\Seeder->__invoke()
#24 D:\\ketapang\\Agro Waste\\vendor\\laravel\\framework\\src\\Illuminate\\Database\\Eloquent\\Concerns\\GuardsAttributes.php(155): Illuminate\\Database\\Console\\Seeds\\SeedCommand->Illuminate\\Database\\Console\\Seeds\\{closure}()
#25 D:\\ketapang\\Agro Waste\\vendor\\laravel\\framework\\src\\Illuminate\\Database\\Console\\Seeds\\SeedCommand.php(69): Illuminate\\Database\\Eloquent\\Model::unguarded(Object(Closure))
#26 D:\\ketapang\\Agro Waste\\vendor\\laravel\\framework\\src\\Illuminate\\Container\\BoundMethod.php(36): Illuminate\\Database\\Console\\Seeds\\SeedCommand->handle()
#27 D:\\ketapang\\Agro Waste\\vendor\\laravel\\framework\\src\\Illuminate\\Container\\Util.php(43): Illuminate\\Container\\BoundMethod::Illuminate\\Container\\{closure}()
#28 D:\\ketapang\\Agro Waste\\vendor\\laravel\\framework\\src\\Illuminate\\Container\\BoundMethod.php(95): Illuminate\\Container\\Util::unwrapIfClosure(Object(Closure))
#29 D:\\ketapang\\Agro Waste\\vendor\\laravel\\framework\\src\\Illuminate\\Container\\BoundMethod.php(35): Illuminate\\Container\\BoundMethod::callBoundMethod(Object(Illuminate\\Foundation\\Application), Array, Object(Closure))
#30 D:\\ketapang\\Agro Waste\\vendor\\laravel\\framework\\src\\Illuminate\\Container\\Container.php(696): Illuminate\\Container\\BoundMethod::call(Object(Illuminate\\Foundation\\Application), Array, Array, NULL)
#31 D:\\ketapang\\Agro Waste\\vendor\\laravel\\framework\\src\\Illuminate\\Console\\Command.php(213): Illuminate\\Container\\Container->call(Array)
#32 D:\\ketapang\\Agro Waste\\vendor\\symfony\\console\\Command\\Command.php(318): Illuminate\\Console\\Command->execute(Object(Symfony\\Component\\Console\\Input\\ArgvInput), Object(Illuminate\\Console\\OutputStyle))
#33 D:\\ketapang\\Agro Waste\\vendor\\laravel\\framework\\src\\Illuminate\\Console\\Command.php(182): Symfony\\Component\\Console\\Command\\Command->run(Object(Symfony\\Component\\Console\\Input\\ArgvInput), Object(Illuminate\\Console\\OutputStyle))
#34 D:\\ketapang\\Agro Waste\\vendor\\symfony\\console\\Application.php(1073): Illuminate\\Console\\Command->run(Object(Symfony\\Component\\Console\\Input\\ArgvInput), Object(Symfony\\Component\\Console\\Output\\ConsoleOutput))
#35 D:\\ketapang\\Agro Waste\\vendor\\symfony\\console\\Application.php(356): Symfony\\Component\\Console\\Application->doRunCommand(Object(Illuminate\\Database\\Console\\Seeds\\SeedCommand), Object(Symfony\\Component\\Console\\Input\\ArgvInput), Object(Symfony\\Component\\Console\\Output\\ConsoleOutput))
#36 D:\\ketapang\\Agro Waste\\vendor\\symfony\\console\\Application.php(195): Symfony\\Component\\Console\\Application->doRun(Object(Symfony\\Component\\Console\\Input\\ArgvInput), Object(Symfony\\Component\\Console\\Output\\ConsoleOutput))
#37 D:\\ketapang\\Agro Waste\\vendor\\laravel\\framework\\src\\Illuminate\\Foundation\\Console\\Kernel.php(198): Symfony\\Component\\Console\\Application->run(Object(Symfony\\Component\\Console\\Input\\ArgvInput), Object(Symfony\\Component\\Console\\Output\\ConsoleOutput))
#38 D:\\ketapang\\Agro Waste\\vendor\\laravel\\framework\\src\\Illuminate\\Foundation\\Application.php(1235): Illuminate\\Foundation\\Console\\Kernel->handle(Object(Symfony\\Component\\Console\\Input\\ArgvInput), Object(Symfony\\Component\\Console\\Output\\ConsoleOutput))
#39 D:\\ketapang\\Agro Waste\\artisan(13): Illuminate\\Foundation\\Application->handleCommand(Object(Symfony\\Component\\Console\\Input\\ArgvInput))
#40 {main}

[previous exception] [object] (PDOException(code: 23000): SQLSTATE[23000]: [Microsoft][ODBC Driver 17 for SQL Server][SQL Server]Cannot insert duplicate key row in object 'dbo.modules' with unique index 'modules_slug_unique'. The duplicate key value is (pengenalan-limbah-pertanian). at D:\\ketapang\\Agro Waste\\vendor\\laravel\\framework\\src\\Illuminate\\Database\\Connection.php:571)
[stacktrace]
#0 D:\\ketapang\\Agro Waste\\vendor\\laravel\\framework\\src\\Illuminate\\Database\\Connection.php(571): PDOStatement->execute()
#1 D:\\ketapang\\Agro Waste\\vendor\\laravel\\framework\\src\\Illuminate\\Database\\Connection.php(812): Illuminate\\Database\\Connection->Illuminate\\Database\\{closure}('insert into [mo...', Array)
#2 D:\\ketapang\\Agro Waste\\vendor\\laravel\\framework\\src\\Illuminate\\Database\\Connection.php(779): Illuminate\\Database\\Connection->runQueryCallback('insert into [mo...', Array, Object(Closure))
#3 D:\\ketapang\\Agro Waste\\vendor\\laravel\\framework\\src\\Illuminate\\Database\\Connection.php(560): Illuminate\\Database\\Connection->run('insert into [mo...', Array, Object(Closure))
#4 D:\\ketapang\\Agro Waste\\vendor\\laravel\\framework\\src\\Illuminate\\Database\\Connection.php(524): Illuminate\\Database\\Connection->statement('insert into [mo...', Array)
#5 D:\\ketapang\\Agro Waste\\vendor\\laravel\\framework\\src\\Illuminate\\Database\\Query\\Processors\\SqlServerProcessor.php(24): Illuminate\\Database\\Connection->insert('insert into [mo...', Array)
#6 D:\\ketapang\\Agro Waste\\vendor\\laravel\\framework\\src\\Illuminate\\Database\\Query\\Builder.php(3766): Illuminate\\Database\\Query\\Processors\\SqlServerProcessor->processInsertGetId(Object(Illuminate\\Database\\Query\\Builder), 'insert into [mo...', Array, 'id')
#7 D:\\ketapang\\Agro Waste\\vendor\\laravel\\framework\\src\\Illuminate\\Database\\Eloquent\\Builder.php(2120): Illuminate\\Database\\Query\\Builder->insertGetId(Array, 'id')
#8 D:\\ketapang\\Agro Waste\\vendor\\laravel\\framework\\src\\Illuminate\\Database\\Eloquent\\Model.php(1359): Illuminate\\Database\\Eloquent\\Builder->__call('insertGetId', Array)
#9 D:\\ketapang\\Agro Waste\\vendor\\laravel\\framework\\src\\Illuminate\\Database\\Eloquent\\Model.php(1324): Illuminate\\Database\\Eloquent\\Model->insertAndSetId(Object(Illuminate\\Database\\Eloquent\\Builder), Array)
#10 D:\\ketapang\\Agro Waste\\vendor\\laravel\\framework\\src\\Illuminate\\Database\\Eloquent\\Model.php(1163): Illuminate\\Database\\Eloquent\\Model->performInsert(Object(Illuminate\\Database\\Eloquent\\Builder))
#11 D:\\ketapang\\Agro Waste\\vendor\\laravel\\framework\\src\\Illuminate\\Database\\Eloquent\\Builder.php(1128): Illuminate\\Database\\Eloquent\\Model->save()
#12 D:\\ketapang\\Agro Waste\\vendor\\laravel\\framework\\src\\Illuminate\\Support\\helpers.php(399): Illuminate\\Database\\Eloquent\\Builder->Illuminate\\Database\\Eloquent\\{closure}(Object(App\\Models\\Module))
#13 D:\\ketapang\\Agro Waste\\vendor\\laravel\\framework\\src\\Illuminate\\Database\\Eloquent\\Builder.php(1127): tap(Object(App\\Models\\Module), Object(Closure))
#14 D:\\ketapang\\Agro Waste\\vendor\\laravel\\framework\\src\\Illuminate\\Support\\Traits\\ForwardsCalls.php(23): Illuminate\\Database\\Eloquent\\Builder->create(Array)
#15 D:\\ketapang\\Agro Waste\\vendor\\laravel\\framework\\src\\Illuminate\\Database\\Eloquent\\Model.php(2372): Illuminate\\Database\\Eloquent\\Model->forwardCallTo(Object(Illuminate\\Database\\Eloquent\\Builder), 'create', Array)
#16 D:\\ketapang\\Agro Waste\\vendor\\laravel\\framework\\src\\Illuminate\\Database\\Eloquent\\Model.php(2384): Illuminate\\Database\\Eloquent\\Model->__call('create', Array)
#17 D:\\ketapang\\Agro Waste\\database\\seeders\\ModuleSeeder.php(12): Illuminate\\Database\\Eloquent\\Model::__callStatic('create', Array)
#18 D:\\ketapang\\Agro Waste\\vendor\\laravel\\framework\\src\\Illuminate\\Container\\BoundMethod.php(36): Database\\Seeders\\ModuleSeeder->run()
#19 D:\\ketapang\\Agro Waste\\vendor\\laravel\\framework\\src\\Illuminate\\Container\\Util.php(43): Illuminate\\Container\\BoundMethod::Illuminate\\Container\\{closure}()
#20 D:\\ketapang\\Agro Waste\\vendor\\laravel\\framework\\src\\Illuminate\\Container\\BoundMethod.php(95): Illuminate\\Container\\Util::unwrapIfClosure(Object(Closure))
#21 D:\\ketapang\\Agro Waste\\vendor\\laravel\\framework\\src\\Illuminate\\Container\\BoundMethod.php(35): Illuminate\\Container\\BoundMethod::callBoundMethod(Object(Illuminate\\Foundation\\Application), Array, Object(Closure))
#22 D:\\ketapang\\Agro Waste\\vendor\\laravel\\framework\\src\\Illuminate\\Container\\Container.php(696): Illuminate\\Container\\BoundMethod::call(Object(Illuminate\\Foundation\\Application), Array, Array, NULL)
#23 D:\\ketapang\\Agro Waste\\vendor\\laravel\\framework\\src\\Illuminate\\Database\\Seeder.php(188): Illuminate\\Container\\Container->call(Array, Array)
#24 D:\\ketapang\\Agro Waste\\vendor\\laravel\\framework\\src\\Illuminate\\Database\\Seeder.php(197): Illuminate\\Database\\Seeder->Illuminate\\Database\\{closure}()
#25 D:\\ketapang\\Agro Waste\\vendor\\laravel\\framework\\src\\Illuminate\\Database\\Console\\Seeds\\SeedCommand.php(70): Illuminate\\Database\\Seeder->__invoke()
#26 D:\\ketapang\\Agro Waste\\vendor\\laravel\\framework\\src\\Illuminate\\Database\\Eloquent\\Concerns\\GuardsAttributes.php(155): Illuminate\\Database\\Console\\Seeds\\SeedCommand->Illuminate\\Database\\Console\\Seeds\\{closure}()
#27 D:\\ketapang\\Agro Waste\\vendor\\laravel\\framework\\src\\Illuminate\\Database\\Console\\Seeds\\SeedCommand.php(69): Illuminate\\Database\\Eloquent\\Model::unguarded(Object(Closure))
#28 D:\\ketapang\\Agro Waste\\vendor\\laravel\\framework\\src\\Illuminate\\Container\\BoundMethod.php(36): Illuminate\\Database\\Console\\Seeds\\SeedCommand->handle()
#29 D:\\ketapang\\Agro Waste\\vendor\\laravel\\framework\\src\\Illuminate\\Container\\Util.php(43): Illuminate\\Container\\BoundMethod::Illuminate\\Container\\{closure}()
#30 D:\\ketapang\\Agro Waste\\vendor\\laravel\\framework\\src\\Illuminate\\Container\\BoundMethod.php(95): Illuminate\\Container\\Util::unwrapIfClosure(Object(Closure))
#31 D:\\ketapang\\Agro Waste\\vendor\\laravel\\framework\\src\\Illuminate\\Container\\BoundMethod.php(35): Illuminate\\Container\\BoundMethod::callBoundMethod(Object(Illuminate\\Foundation\\Application), Array, Object(Closure))
#32 D:\\ketapang\\Agro Waste\\vendor\\laravel\\framework\\src\\Illuminate\\Container\\Container.php(696): Illuminate\\Container\\BoundMethod::call(Object(Illuminate\\Foundation\\Application), Array, Array, NULL)
#33 D:\\ketapang\\Agro Waste\\vendor\\laravel\\framework\\src\\Illuminate\\Console\\Command.php(213): Illuminate\\Container\\Container->call(Array)
#34 D:\\ketapang\\Agro Waste\\vendor\\symfony\\console\\Command\\Command.php(318): Illuminate\\Console\\Command->execute(Object(Symfony\\Component\\Console\\Input\\ArgvInput), Object(Illuminate\\Console\\OutputStyle))
#35 D:\\ketapang\\Agro Waste\\vendor\\laravel\\framework\\src\\Illuminate\\Console\\Command.php(182): Symfony\\Component\\Console\\Command\\Command->run(Object(Symfony\\Component\\Console\\Input\\ArgvInput), Object(Illuminate\\Console\\OutputStyle))
#36 D:\\ketapang\\Agro Waste\\vendor\\symfony\\console\\Application.php(1073): Illuminate\\Console\\Command->run(Object(Symfony\\Component\\Console\\Input\\ArgvInput), Object(Symfony\\Component\\Console\\Output\\ConsoleOutput))
#37 D:\\ketapang\\Agro Waste\\vendor\\symfony\\console\\Application.php(356): Symfony\\Component\\Console\\Application->doRunCommand(Object(Illuminate\\Database\\Console\\Seeds\\SeedCommand), Object(Symfony\\Component\\Console\\Input\\ArgvInput), Object(Symfony\\Component\\Console\\Output\\ConsoleOutput))
#38 D:\\ketapang\\Agro Waste\\vendor\\symfony\\console\\Application.php(195): Symfony\\Component\\Console\\Application->doRun(Object(Symfony\\Component\\Console\\Input\\ArgvInput), Object(Symfony\\Component\\Console\\Output\\ConsoleOutput))
#39 D:\\ketapang\\Agro Waste\\vendor\\laravel\\framework\\src\\Illuminate\\Foundation\\Console\\Kernel.php(198): Symfony\\Component\\Console\\Application->run(Object(Symfony\\Component\\Console\\Input\\ArgvInput), Object(Symfony\\Component\\Console\\Output\\ConsoleOutput))
#40 D:\\ketapang\\Agro Waste\\vendor\\laravel\\framework\\src\\Illuminate\\Foundation\\Application.php(1235): Illuminate\\Foundation\\Console\\Kernel->handle(Object(Symfony\\Component\\Console\\Input\\ArgvInput), Object(Symfony\\Component\\Console\\Output\\ConsoleOutput))
#41 D:\\ketapang\\Agro Waste\\artisan(13): Illuminate\\Foundation\\Application->handleCommand(Object(Symfony\\Component\\Console\\Input\\ArgvInput))
#42 {main}
"} 
[2025-11-24 20:58:58] local.ERROR: Undefined variable $videos {"view":{"view":"D:\\ketapang\\Agro Waste\\resources\\views\\modules\\show.blade.php","data":{"errors":"<pre class=sf-dump id=sf-dump-469508203 data-indent-pad=\"  \"><span class=sf-dump-note>Illuminate\\Support\\ViewErrorBag</span> {<a class=sf-dump-ref>#1078</a><samp data-depth=1 class=sf-dump-expanded>
  #<span class=sf-dump-protected title=\"Protected property\">bags</span>: []
</samp>}
</pre><script>Sfdump(\"sf-dump-469508203\", {\"maxDepth\":3,\"maxStringLength\":160})</script>
","module":"<pre class=sf-dump id=sf-dump-231423055 data-indent-pad=\"  \"><span class=sf-dump-note>App\\Models\\Module</span> {<a class=sf-dump-ref>#1122</a><samp data-depth=1 class=sf-dump-expanded>
  #<span class=sf-dump-protected title=\"Protected property\">connection</span>: \"<span class=sf-dump-str title=\"6 characters\">sqlsrv</span>\"
  #<span class=sf-dump-protected title=\"Protected property\">table</span>: \"<span class=sf-dump-str title=\"7 characters\">modules</span>\"
  #<span class=sf-dump-protected title=\"Protected property\">primaryKey</span>: \"<span class=sf-dump-str title=\"2 characters\">id</span>\"
  #<span class=sf-dump-protected title=\"Protected property\">keyType</span>: \"<span class=sf-dump-str title=\"3 characters\">int</span>\"
  +<span class=sf-dump-public title=\"Public property\">incrementing</span>: <span class=sf-dump-const>true</span>
  #<span class=sf-dump-protected title=\"Protected property\">with</span>: []
  #<span class=sf-dump-protected title=\"Protected property\">withCount</span>: []
  +<span class=sf-dump-public title=\"Public property\">preventsLazyLoading</span>: <span class=sf-dump-const>false</span>
  #<span class=sf-dump-protected title=\"Protected property\">perPage</span>: <span class=sf-dump-num>15</span>
  +<span class=sf-dump-public title=\"Public property\">exists</span>: <span class=sf-dump-const>true</span>
  +<span class=sf-dump-public title=\"Public property\">wasRecentlyCreated</span>: <span class=sf-dump-const>false</span>
  #<span class=sf-dump-protected title=\"Protected property\">escapeWhenCastingToString</span>: <span class=sf-dump-const>false</span>
  #<span class=sf-dump-protected title=\"Protected property\">attributes</span>: <span class=sf-dump-note>array:12</span> [<samp data-depth=2 class=sf-dump-compact>
    \"<span class=sf-dump-key>id</span>\" => \"<span class=sf-dump-str>2</span>\"
    \"<span class=sf-dump-key>title</span>\" => \"<span class=sf-dump-str title=\"22 characters\">Pembuatan Pupuk Kompos</span>\"
    \"<span class=sf-dump-key>slug</span>\" => \"<span class=sf-dump-str title=\"22 characters\">pembuatan-pupuk-kompos</span>\"
    \"<span class=sf-dump-key>description</span>\" => \"<span class=sf-dump-str title=\"58 characters\">Teknik dan cara membuat pupuk kompos dari limbah pertanian</span>\"
    \"<span class=sf-dump-key>content</span>\" => \"\"\"
      <span class=sf-dump-str title=\"1618 characters\">&lt;h2&gt;Pembuatan Pupuk Kompos dari Limbah Pertanian&lt;/h2&gt;<span class=\"sf-dump-default sf-dump-ns\">\\r\\n</span></span>
      <span class=sf-dump-str title=\"1618 characters\">&lt;p&gt;Pupuk kompos adalah pupuk organik hasil penguraian bahan-bahan organik oleh mikroorganisme. Kompos sangat bermanfaat untuk menyuburkan tanah.&lt;/p&gt;<span class=\"sf-dump-default sf-dump-ns\">\\r\\n</span></span>
      <span class=sf-dump-str title=\"1618 characters\"><span class=\"sf-dump-default sf-dump-ns\">\\r\\n</span></span>
      <span class=sf-dump-str title=\"1618 characters\">&lt;h3&gt;Bahan-Bahan yang Diperlukan&lt;/h3&gt;<span class=\"sf-dump-default sf-dump-ns\">\\r\\n</span></span>
      <span class=sf-dump-str title=\"1618 characters\">&lt;ul&gt;<span class=\"sf-dump-default sf-dump-ns\">\\r\\n</span></span>
      <span class=sf-dump-str title=\"1618 characters\">    &lt;li&gt;Limbah pertanian (jerami, daun, batang tanaman) - 100 kg&lt;/li&gt;<span class=\"sf-dump-default sf-dump-ns\">\\r\\n</span></span>
      <span class=sf-dump-str title=\"1618 characters\">    &lt;li&gt;Kotoran hewan - 25 kg&lt;/li&gt;<span class=\"sf-dump-default sf-dump-ns\">\\r\\n</span></span>
      <span class=sf-dump-str title=\"1618 characters\">    &lt;li&gt;EM4 atau aktivator kompos - 1 liter&lt;/li&gt;<span class=\"sf-dump-default sf-dump-ns\">\\r\\n</span></span>
      <span class=sf-dump-str title=\"1618 characters\">    &lt;li&gt;Air secukupnya&lt;/li&gt;<span class=\"sf-dump-default sf-dump-ns\">\\r\\n</span></span>
      <span class=sf-dump-str title=\"1618 characters\">    &lt;li&gt;Dedak atau bekatul - 5 kg&lt;/li&gt;<span class=\"sf-dump-default sf-dump-ns\">\\r\\n</span></span>
      <span class=sf-dump-str title=\"1618 characters\">&lt;/ul&gt;<span class=\"sf-dump-default sf-dump-ns\">\\r\\n</span></span>
      <span class=sf-dump-str title=\"1618 characters\"><span class=\"sf-dump-default sf-dump-ns\">\\r\\n</span></span>
      <span class=sf-dump-str title=\"1618 characters\">&lt;h3&gt;Langkah-Langkah Pembuatan&lt;/h3&gt;<span class=\"sf-dump-default sf-dump-ns\">\\r\\n</span></span>
      <span class=sf-dump-str title=\"1618 characters\">&lt;ol&gt;<span class=\"sf-dump-default sf-dump-ns\">\\r\\n</span></span>
      <span class=sf-dump-str title=\"1618 characters\">    &lt;li&gt;&lt;strong&gt;Persiapan Bahan:&lt;/strong&gt; Cacah limbah pertanian hingga ukuran 2-5 cm untuk mempercepat proses pengomposan&lt;/li&gt;<span class=\"sf-dump-default sf-dump-ns\">\\r\\n</span></span>
      <span class=sf-dump-str title=\"1618 characters\">    &lt;li&gt;&lt;strong&gt;Pencampuran:&lt;/strong&gt; Campurkan semua bahan secara merata, siram dengan larutan EM4 yang sudah dicampur air&lt;/li&gt;<span class=\"sf-dump-default sf-dump-ns\">\\r\\n</span></span>
      <span class=sf-dump-str title=\"1618 characters\">    &lt;li&gt;&lt;strong&gt;Penyusunan Tumpukan:&lt;/strong&gt; Susun campuran dengan tinggi sekitar 1 meter, bentuk menyerupai gunung&lt;/li&gt;<span class=\"sf-dump-default sf-dump-ns\">\\r\\n</span></span>
      <span class=sf-dump-str title=\"1618 characters\">    &lt;li&gt;&lt;strong&gt;Penutupan:&lt;/strong&gt; Tutup tumpukan dengan terpal atau karung goni untuk menjaga kelembaban&lt;/li&gt;<span class=\"sf-dump-default sf-dump-ns\">\\r\\n</span></span>
      <span class=sf-dump-str title=\"1618 characters\">    &lt;li&gt;&lt;strong&gt;Pembalikan:&lt;/strong&gt; Balik tumpukan setiap 3-4 hari sekali untuk aerasi&lt;/li&gt;<span class=\"sf-dump-default sf-dump-ns\">\\r\\n</span></span>
      <span class=sf-dump-str title=\"1618 characters\">    &lt;li&gt;&lt;strong&gt;Pemantauan:&lt;/strong&gt; Jaga kelembaban sekitar 50-60%, jika terlalu kering siram dengan air&lt;/li&gt;<span class=\"sf-dump-default sf-dump-ns\">\\r\\n</span></span>
      <span class=sf-dump-str title=\"1618 characters\">    &lt;li&gt;&lt;strong&gt;Panen:&lt;/strong&gt; Setelah 3-4 minggu, kompos siap digunakan (berwarna coklat kehitaman, berbau tanah)&lt;/li&gt;<span class=\"sf-dump-default sf-dump-ns\">\\r\\n</span></span>
      <span class=sf-dump-str title=\"1618 characters\">&lt;/ol&gt;<span class=\"sf-dump-default sf-dump-ns\">\\r\\n</span></span>
      <span class=sf-dump-str title=\"1618 characters\"><span class=\"sf-dump-default sf-dump-ns\">\\r\\n</span></span>
      <span class=sf-dump-str title=\"1618 characters\">&lt;h3&gt;Tips Keberhasilan&lt;/h3&gt;<span class=\"sf-dump-default sf-dump-ns\">\\r\\n</span></span>
      <span class=sf-dump-str title=\"1618 characters\">&lt;ul&gt;<span class=\"sf-dump-default sf-dump-ns\">\\r\\n</span></span>
      <span class=sf-dump-str title=\"1618 characters\">    &lt;li&gt;Perbandingan bahan hijau dan coklat harus seimbang (1:2)&lt;/li&gt;<span class=\"sf-dump-default sf-dump-ns\">\\r\\n</span></span>
      <span class=sf-dump-str title=\"1618 characters\">    &lt;li&gt;Jaga kelembaban tetap stabil&lt;/li&gt;<span class=\"sf-dump-default sf-dump-ns\">\\r\\n</span></span>
      <span class=sf-dump-str title=\"1618 characters\">    &lt;li&gt;Pastikan aerasi cukup dengan pembalikan rutin&lt;/li&gt;<span class=\"sf-dump-default sf-dump-ns\">\\r\\n</span></span>
      <span class=sf-dump-str title=\"1618 characters\">    &lt;li&gt;Suhu ideal pengomposan 40-60&#176;C&lt;/li&gt;<span class=\"sf-dump-default sf-dump-ns\">\\r\\n</span></span>
      <span class=sf-dump-str title=\"1618 characters\">&lt;/ul&gt;</span>
      \"\"\"
    \"<span class=sf-dump-key>order</span>\" => \"<span class=sf-dump-str>2</span>\"
    \"<span class=sf-dump-key>is_active</span>\" => \"<span class=sf-dump-str>1</span>\"
    \"<span class=sf-dump-key>thumbnail</span>\" => \"<span class=sf-dump-str title=\"81 characters\">https://images.unsplash.com/photo-1416879595882-3373a0480b5b?w=600&amp;h=400&amp;fit=crop</span>\"
    \"<span class=sf-dump-key>duration_minutes</span>\" => \"<span class=sf-dump-str title=\"2 characters\">45</span>\"
    \"<span class=sf-dump-key>created_at</span>\" => \"<span class=sf-dump-str title=\"23 characters\">2025-11-24 12:32:24.133</span>\"
    \"<span class=sf-dump-key>updated_at</span>\" => \"<span class=sf-dump-str title=\"23 characters\">2025-11-24 12:32:24.133</span>\"
    \"<span class=sf-dump-key>level</span>\" => \"<span class=sf-dump-str title=\"6 characters\">pemula</span>\"
  </samp>]
  #<span class=sf-dump-protected title=\"Protected property\">original</span>: <span class=sf-dump-note>array:12</span> [<samp data-depth=2 class=sf-dump-compact>
    \"<span class=sf-dump-key>id</span>\" => \"<span class=sf-dump-str>2</span>\"
    \"<span class=sf-dump-key>title</span>\" => \"<span class=sf-dump-str title=\"22 characters\">Pembuatan Pupuk Kompos</span>\"
    \"<span class=sf-dump-key>slug</span>\" => \"<span class=sf-dump-str title=\"22 characters\">pembuatan-pupuk-kompos</span>\"
    \"<span class=sf-dump-key>description</span>\" => \"<span class=sf-dump-str title=\"58 characters\">Teknik dan cara membuat pupuk kompos dari limbah pertanian</span>\"
    \"<span class=sf-dump-key>content</span>\" => \"\"\"
      <span class=sf-dump-str title=\"1618 characters\">&lt;h2&gt;Pembuatan Pupuk Kompos dari Limbah Pertanian&lt;/h2&gt;<span class=\"sf-dump-default sf-dump-ns\">\\r\\n</span></span>
      <span class=sf-dump-str title=\"1618 characters\">&lt;p&gt;Pupuk kompos adalah pupuk organik hasil penguraian bahan-bahan organik oleh mikroorganisme. Kompos sangat bermanfaat untuk menyuburkan tanah.&lt;/p&gt;<span class=\"sf-dump-default sf-dump-ns\">\\r\\n</span></span>
      <span class=sf-dump-str title=\"1618 characters\"><span class=\"sf-dump-default sf-dump-ns\">\\r\\n</span></span>
      <span class=sf-dump-str title=\"1618 characters\">&lt;h3&gt;Bahan-Bahan yang Diperlukan&lt;/h3&gt;<span class=\"sf-dump-default sf-dump-ns\">\\r\\n</span></span>
      <span class=sf-dump-str title=\"1618 characters\">&lt;ul&gt;<span class=\"sf-dump-default sf-dump-ns\">\\r\\n</span></span>
      <span class=sf-dump-str title=\"1618 characters\">    &lt;li&gt;Limbah pertanian (jerami, daun, batang tanaman) - 100 kg&lt;/li&gt;<span class=\"sf-dump-default sf-dump-ns\">\\r\\n</span></span>
      <span class=sf-dump-str title=\"1618 characters\">    &lt;li&gt;Kotoran hewan - 25 kg&lt;/li&gt;<span class=\"sf-dump-default sf-dump-ns\">\\r\\n</span></span>
      <span class=sf-dump-str title=\"1618 characters\">    &lt;li&gt;EM4 atau aktivator kompos - 1 liter&lt;/li&gt;<span class=\"sf-dump-default sf-dump-ns\">\\r\\n</span></span>
      <span class=sf-dump-str title=\"1618 characters\">    &lt;li&gt;Air secukupnya&lt;/li&gt;<span class=\"sf-dump-default sf-dump-ns\">\\r\\n</span></span>
      <span class=sf-dump-str title=\"1618 characters\">    &lt;li&gt;Dedak atau bekatul - 5 kg&lt;/li&gt;<span class=\"sf-dump-default sf-dump-ns\">\\r\\n</span></span>
      <span class=sf-dump-str title=\"1618 characters\">&lt;/ul&gt;<span class=\"sf-dump-default sf-dump-ns\">\\r\\n</span></span>
      <span class=sf-dump-str title=\"1618 characters\"><span class=\"sf-dump-default sf-dump-ns\">\\r\\n</span></span>
      <span class=sf-dump-str title=\"1618 characters\">&lt;h3&gt;Langkah-Langkah Pembuatan&lt;/h3&gt;<span class=\"sf-dump-default sf-dump-ns\">\\r\\n</span></span>
      <span class=sf-dump-str title=\"1618 characters\">&lt;ol&gt;<span class=\"sf-dump-default sf-dump-ns\">\\r\\n</span></span>
      <span class=sf-dump-str title=\"1618 characters\">    &lt;li&gt;&lt;strong&gt;Persiapan Bahan:&lt;/strong&gt; Cacah limbah pertanian hingga ukuran 2-5 cm untuk mempercepat proses pengomposan&lt;/li&gt;<span class=\"sf-dump-default sf-dump-ns\">\\r\\n</span></span>
      <span class=sf-dump-str title=\"1618 characters\">    &lt;li&gt;&lt;strong&gt;Pencampuran:&lt;/strong&gt; Campurkan semua bahan secara merata, siram dengan larutan EM4 yang sudah dicampur air&lt;/li&gt;<span class=\"sf-dump-default sf-dump-ns\">\\r\\n</span></span>
      <span class=sf-dump-str title=\"1618 characters\">    &lt;li&gt;&lt;strong&gt;Penyusunan Tumpukan:&lt;/strong&gt; Susun campuran dengan tinggi sekitar 1 meter, bentuk menyerupai gunung&lt;/li&gt;<span class=\"sf-dump-default sf-dump-ns\">\\r\\n</span></span>
      <span class=sf-dump-str title=\"1618 characters\">    &lt;li&gt;&lt;strong&gt;Penutupan:&lt;/strong&gt; Tutup tumpukan dengan terpal atau karung goni untuk menjaga kelembaban&lt;/li&gt;<span class=\"sf-dump-default sf-dump-ns\">\\r\\n</span></span>
      <span class=sf-dump-str title=\"1618 characters\">    &lt;li&gt;&lt;strong&gt;Pembalikan:&lt;/strong&gt; Balik tumpukan setiap 3-4 hari sekali untuk aerasi&lt;/li&gt;<span class=\"sf-dump-default sf-dump-ns\">\\r\\n</span></span>
      <span class=sf-dump-str title=\"1618 characters\">    &lt;li&gt;&lt;strong&gt;Pemantauan:&lt;/strong&gt; Jaga kelembaban sekitar 50-60%, jika terlalu kering siram dengan air&lt;/li&gt;<span class=\"sf-dump-default sf-dump-ns\">\\r\\n</span></span>
      <span class=sf-dump-str title=\"1618 characters\">    &lt;li&gt;&lt;strong&gt;Panen:&lt;/strong&gt; Setelah 3-4 minggu, kompos siap digunakan (berwarna coklat kehitaman, berbau tanah)&lt;/li&gt;<span class=\"sf-dump-default sf-dump-ns\">\\r\\n</span></span>
      <span class=sf-dump-str title=\"1618 characters\">&lt;/ol&gt;<span class=\"sf-dump-default sf-dump-ns\">\\r\\n</span></span>
      <span class=sf-dump-str title=\"1618 characters\"><span class=\"sf-dump-default sf-dump-ns\">\\r\\n</span></span>
      <span class=sf-dump-str title=\"1618 characters\">&lt;h3&gt;Tips Keberhasilan&lt;/h3&gt;<span class=\"sf-dump-default sf-dump-ns\">\\r\\n</span></span>
      <span class=sf-dump-str title=\"1618 characters\">&lt;ul&gt;<span class=\"sf-dump-default sf-dump-ns\">\\r\\n</span></span>
      <span class=sf-dump-str title=\"1618 characters\">    &lt;li&gt;Perbandingan bahan hijau dan coklat harus seimbang (1:2)&lt;/li&gt;<span class=\"sf-dump-default sf-dump-ns\">\\r\\n</span></span>
      <span class=sf-dump-str title=\"1618 characters\">    &lt;li&gt;Jaga kelembaban tetap stabil&lt;/li&gt;<span class=\"sf-dump-default sf-dump-ns\">\\r\\n</span></span>
      <span class=sf-dump-str title=\"1618 characters\">    &lt;li&gt;Pastikan aerasi cukup dengan pembalikan rutin&lt;/li&gt;<span class=\"sf-dump-default sf-dump-ns\">\\r\\n</span></span>
      <span class=sf-dump-str title=\"1618 characters\">    &lt;li&gt;Suhu ideal pengomposan 40-60&#176;C&lt;/li&gt;<span class=\"sf-dump-default sf-dump-ns\">\\r\\n</span></span>
      <span class=sf-dump-str title=\"1618 characters\">&lt;/ul&gt;</span>
      \"\"\"
    \"<span class=sf-dump-key>order</span>\" => \"<span class=sf-dump-str>2</span>\"
    \"<span class=sf-dump-key>is_active</span>\" => \"<span class=sf-dump-str>1</span>\"
    \"<span class=sf-dump-key>thumbnail</span>\" => \"<span class=sf-dump-str title=\"81 characters\">https://images.unsplash.com/photo-1416879595882-3373a0480b5b?w=600&amp;h=400&amp;fit=crop</span>\"
    \"<span class=sf-dump-key>duration_minutes</span>\" => \"<span class=sf-dump-str title=\"2 characters\">45</span>\"
    \"<span class=sf-dump-key>created_at</span>\" => \"<span class=sf-dump-str title=\"23 characters\">2025-11-24 12:32:24.133</span>\"
    \"<span class=sf-dump-key>updated_at</span>\" => \"<span class=sf-dump-str title=\"23 characters\">2025-11-24 12:32:24.133</span>\"
    \"<span class=sf-dump-key>level</span>\" => \"<span class=sf-dump-str title=\"6 characters\">pemula</span>\"
  </samp>]
  #<span class=sf-dump-protected title=\"Protected property\">changes</span>: []
  #<span class=sf-dump-protected title=\"Protected property\">casts</span>: <span class=sf-dump-note>array:1</span> [<samp data-depth=2 class=sf-dump-compact>
    \"<span class=sf-dump-key>is_active</span>\" => \"<span class=sf-dump-str title=\"7 characters\">boolean</span>\"
  </samp>]
  #<span class=sf-dump-protected title=\"Protected property\">classCastCache</span>: []
  #<span class=sf-dump-protected title=\"Protected property\">attributeCastCache</span>: []
  #<span class=sf-dump-protected title=\"Protected property\">dateFormat</span>: <span class=sf-dump-const>null</span>
  #<span class=sf-dump-protected title=\"Protected property\">appends</span>: []
  #<span class=sf-dump-protected title=\"Protected property\">dispatchesEvents</span>: []
  #<span class=sf-dump-protected title=\"Protected property\">observables</span>: []
  #<span class=sf-dump-protected title=\"Protected property\">relations</span>: []
  #<span class=sf-dump-protected title=\"Protected property\">touches</span>: []
  +<span class=sf-dump-public title=\"Public property\">timestamps</span>: <span class=sf-dump-const>true</span>
  +<span class=sf-dump-public title=\"Public property\">usesUniqueIds</span>: <span class=sf-dump-const>false</span>
  #<span class=sf-dump-protected title=\"Protected property\">hidden</span>: []
  #<span class=sf-dump-protected title=\"Protected property\">visible</span>: []
  #<span class=sf-dump-protected title=\"Protected property\">fillable</span>: <span class=sf-dump-note>array:9</span> [<samp data-depth=2 class=sf-dump-compact>
    <span class=sf-dump-index>0</span> => \"<span class=sf-dump-str title=\"5 characters\">title</span>\"
    <span class=sf-dump-index>1</span> => \"<span class=sf-dump-str title=\"4 characters\">slug</span>\"
    <span class=sf-dump-index>2</span> => \"<span class=sf-dump-str title=\"11 characters\">description</span>\"
    <span class=sf-dump-index>3</span> => \"<span class=sf-dump-str title=\"7 characters\">content</span>\"
    <span class=sf-dump-index>4</span> => \"<span class=sf-dump-str title=\"5 characters\">order</span>\"
    <span class=sf-dump-index>5</span> => \"<span class=sf-dump-str title=\"9 characters\">is_active</span>\"
    <span class=sf-dump-index>6</span> => \"<span class=sf-dump-str title=\"9 characters\">thumbnail</span>\"
    <span class=sf-dump-index>7</span> => \"<span class=sf-dump-str title=\"16 characters\">duration_minutes</span>\"
    <span class=sf-dump-index>8</span> => \"<span class=sf-dump-str title=\"5 characters\">level</span>\"
  </samp>]
  #<span class=sf-dump-protected title=\"Protected property\">guarded</span>: <span class=sf-dump-note>array:1</span> [<samp data-depth=2 class=sf-dump-compact>
    <span class=sf-dump-index>0</span> => \"<span class=sf-dump-str>*</span>\"
  </samp>]
</samp>}
</pre><script>Sfdump(\"sf-dump-231423055\", {\"maxDepth\":3,\"maxStringLength\":160})</script>
","progress":"<pre class=sf-dump id=sf-dump-1827494040 data-indent-pad=\"  \"><span class=sf-dump-note>App\\Models\\UserModuleProgress</span> {<a class=sf-dump-ref>#1118</a><samp data-depth=1 class=sf-dump-expanded>
  #<span class=sf-dump-protected title=\"Protected property\">connection</span>: \"<span class=sf-dump-str title=\"6 characters\">sqlsrv</span>\"
  #<span class=sf-dump-protected title=\"Protected property\">table</span>: \"<span class=sf-dump-str title=\"20 characters\">user_module_progress</span>\"
  #<span class=sf-dump-protected title=\"Protected property\">primaryKey</span>: \"<span class=sf-dump-str title=\"2 characters\">id</span>\"
  #<span class=sf-dump-protected title=\"Protected property\">keyType</span>: \"<span class=sf-dump-str title=\"3 characters\">int</span>\"
  +<span class=sf-dump-public title=\"Public property\">incrementing</span>: <span class=sf-dump-const>true</span>
  #<span class=sf-dump-protected title=\"Protected property\">with</span>: []
  #<span class=sf-dump-protected title=\"Protected property\">withCount</span>: []
  +<span class=sf-dump-public title=\"Public property\">preventsLazyLoading</span>: <span class=sf-dump-const>false</span>
  #<span class=sf-dump-protected title=\"Protected property\">perPage</span>: <span class=sf-dump-num>15</span>
  +<span class=sf-dump-public title=\"Public property\">exists</span>: <span class=sf-dump-const>true</span>
  +<span class=sf-dump-public title=\"Public property\">wasRecentlyCreated</span>: <span class=sf-dump-const>true</span>
  #<span class=sf-dump-protected title=\"Protected property\">escapeWhenCastingToString</span>: <span class=sf-dump-const>false</span>
  #<span class=sf-dump-protected title=\"Protected property\">attributes</span>: <span class=sf-dump-note>array:6</span> [<samp data-depth=2 class=sf-dump-compact>
    \"<span class=sf-dump-key>user_id</span>\" => <span class=sf-dump-num>5</span>
    \"<span class=sf-dump-key>module_id</span>\" => <span class=sf-dump-num>2</span>
    \"<span class=sf-dump-key>started_at</span>\" => \"<span class=sf-dump-str title=\"23 characters\">2025-11-24 20:58:58.729</span>\"
    \"<span class=sf-dump-key>updated_at</span>\" => \"<span class=sf-dump-str title=\"23 characters\">2025-11-24 20:58:58.733</span>\"
    \"<span class=sf-dump-key>created_at</span>\" => \"<span class=sf-dump-str title=\"23 characters\">2025-11-24 20:58:58.733</span>\"
    \"<span class=sf-dump-key>id</span>\" => <span class=sf-dump-num>2</span>
  </samp>]
  #<span class=sf-dump-protected title=\"Protected property\">original</span>: <span class=sf-dump-note>array:6</span> [<samp data-depth=2 class=sf-dump-compact>
    \"<span class=sf-dump-key>user_id</span>\" => <span class=sf-dump-num>5</span>
    \"<span class=sf-dump-key>module_id</span>\" => <span class=sf-dump-num>2</span>
    \"<span class=sf-dump-key>started_at</span>\" => \"<span class=sf-dump-str title=\"23 characters\">2025-11-24 20:58:58.729</span>\"
    \"<span class=sf-dump-key>updated_at</span>\" => \"<span class=sf-dump-str title=\"23 characters\">2025-11-24 20:58:58.733</span>\"
    \"<span class=sf-dump-key>created_at</span>\" => \"<span class=sf-dump-str title=\"23 characters\">2025-11-24 20:58:58.733</span>\"
    \"<span class=sf-dump-key>id</span>\" => <span class=sf-dump-num>2</span>
  </samp>]
  #<span class=sf-dump-protected title=\"Protected property\">changes</span>: []
  #<span class=sf-dump-protected title=\"Protected property\">casts</span>: <span class=sf-dump-note>array:5</span> [<samp data-depth=2 class=sf-dump-compact>
    \"<span class=sf-dump-key>module_completed</span>\" => \"<span class=sf-dump-str title=\"7 characters\">boolean</span>\"
    \"<span class=sf-dump-key>video_completed</span>\" => \"<span class=sf-dump-str title=\"7 characters\">boolean</span>\"
    \"<span class=sf-dump-key>quiz_completed</span>\" => \"<span class=sf-dump-str title=\"7 characters\">boolean</span>\"
    \"<span class=sf-dump-key>started_at</span>\" => \"<span class=sf-dump-str title=\"8 characters\">datetime</span>\"
    \"<span class=sf-dump-key>completed_at</span>\" => \"<span class=sf-dump-str title=\"8 characters\">datetime</span>\"
  </samp>]
  #<span class=sf-dump-protected title=\"Protected property\">classCastCache</span>: []
  #<span class=sf-dump-protected title=\"Protected property\">attributeCastCache</span>: []
  #<span class=sf-dump-protected title=\"Protected property\">dateFormat</span>: <span class=sf-dump-const>null</span>
  #<span class=sf-dump-protected title=\"Protected property\">appends</span>: []
  #<span class=sf-dump-protected title=\"Protected property\">dispatchesEvents</span>: []
  #<span class=sf-dump-protected title=\"Protected property\">observables</span>: []
  #<span class=sf-dump-protected title=\"Protected property\">relations</span>: []
  #<span class=sf-dump-protected title=\"Protected property\">touches</span>: []
  +<span class=sf-dump-public title=\"Public property\">timestamps</span>: <span class=sf-dump-const>true</span>
  +<span class=sf-dump-public title=\"Public property\">usesUniqueIds</span>: <span class=sf-dump-const>false</span>
  #<span class=sf-dump-protected title=\"Protected property\">hidden</span>: []
  #<span class=sf-dump-protected title=\"Protected property\">visible</span>: []
  #<span class=sf-dump-protected title=\"Protected property\">fillable</span>: <span class=sf-dump-note>array:8</span> [<samp data-depth=2 class=sf-dump-compact>
    <span class=sf-dump-index>0</span> => \"<span class=sf-dump-str title=\"7 characters\">user_id</span>\"
    <span class=sf-dump-index>1</span> => \"<span class=sf-dump-str title=\"9 characters\">module_id</span>\"
    <span class=sf-dump-index>2</span> => \"<span class=sf-dump-str title=\"16 characters\">module_completed</span>\"
    <span class=sf-dump-index>3</span> => \"<span class=sf-dump-str title=\"15 characters\">video_completed</span>\"
    <span class=sf-dump-index>4</span> => \"<span class=sf-dump-str title=\"14 characters\">quiz_completed</span>\"
    <span class=sf-dump-index>5</span> => \"<span class=sf-dump-str title=\"10 characters\">quiz_score</span>\"
    <span class=sf-dump-index>6</span> => \"<span class=sf-dump-str title=\"10 characters\">started_at</span>\"
    <span class=sf-dump-index>7</span> => \"<span class=sf-dump-str title=\"12 characters\">completed_at</span>\"
  </samp>]
  #<span class=sf-dump-protected title=\"Protected property\">guarded</span>: <span class=sf-dump-note>array:1</span> [<samp data-depth=2 class=sf-dump-compact>
    <span class=sf-dump-index>0</span> => \"<span class=sf-dump-str>*</span>\"
  </samp>]
</samp>}
</pre><script>Sfdump(\"sf-dump-1827494040\", {\"maxDepth\":3,\"maxStringLength\":160})</script>
","firstVideo":"<pre class=sf-dump id=sf-dump-329194422 data-indent-pad=\"  \"><span class=sf-dump-note>App\\Models\\Video</span> {<a class=sf-dump-ref>#1132</a><samp data-depth=1 class=sf-dump-expanded>
  #<span class=sf-dump-protected title=\"Protected property\">connection</span>: \"<span class=sf-dump-str title=\"6 characters\">sqlsrv</span>\"
  #<span class=sf-dump-protected title=\"Protected property\">table</span>: \"<span class=sf-dump-str title=\"6 characters\">videos</span>\"
  #<span class=sf-dump-protected title=\"Protected property\">primaryKey</span>: \"<span class=sf-dump-str title=\"2 characters\">id</span>\"
  #<span class=sf-dump-protected title=\"Protected property\">keyType</span>: \"<span class=sf-dump-str title=\"3 characters\">int</span>\"
  +<span class=sf-dump-public title=\"Public property\">incrementing</span>: <span class=sf-dump-const>true</span>
  #<span class=sf-dump-protected title=\"Protected property\">with</span>: []
  #<span class=sf-dump-protected title=\"Protected property\">withCount</span>: []
  +<span class=sf-dump-public title=\"Public property\">preventsLazyLoading</span>: <span class=sf-dump-const>false</span>
  #<span class=sf-dump-protected title=\"Protected property\">perPage</span>: <span class=sf-dump-num>15</span>
  +<span class=sf-dump-public title=\"Public property\">exists</span>: <span class=sf-dump-const>true</span>
  +<span class=sf-dump-public title=\"Public property\">wasRecentlyCreated</span>: <span class=sf-dump-const>false</span>
  #<span class=sf-dump-protected title=\"Protected property\">escapeWhenCastingToString</span>: <span class=sf-dump-const>false</span>
  #<span class=sf-dump-protected title=\"Protected property\">attributes</span>: <span class=sf-dump-note>array:10</span> [<samp data-depth=2 class=sf-dump-compact>
    \"<span class=sf-dump-key>id</span>\" => \"<span class=sf-dump-str>4</span>\"
    \"<span class=sf-dump-key>module_id</span>\" => \"<span class=sf-dump-str>2</span>\"
    \"<span class=sf-dump-key>title</span>\" => \"<span class=sf-dump-str title=\"22 characters\">Persiapan Bahan Kompos</span>\"
    \"<span class=sf-dump-key>description</span>\" => \"<span class=sf-dump-str title=\"53 characters\">Cara mempersiapkan bahan-bahan untuk pembuatan kompos</span>\"
    \"<span class=sf-dump-key>video_url</span>\" => \"<span class=sf-dump-str title=\"28 characters\">/videos/persiapan-kompos.mp4</span>\"
    \"<span class=sf-dump-key>duration_seconds</span>\" => \"<span class=sf-dump-str title=\"3 characters\">540</span>\"
    \"<span class=sf-dump-key>order</span>\" => \"<span class=sf-dump-str>1</span>\"
    \"<span class=sf-dump-key>is_active</span>\" => \"<span class=sf-dump-str>1</span>\"
    \"<span class=sf-dump-key>created_at</span>\" => \"<span class=sf-dump-str title=\"23 characters\">2025-11-24 12:32:24.147</span>\"
    \"<span class=sf-dump-key>updated_at</span>\" => \"<span class=sf-dump-str title=\"23 characters\">2025-11-24 12:32:24.147</span>\"
  </samp>]
  #<span class=sf-dump-protected title=\"Protected property\">original</span>: <span class=sf-dump-note>array:10</span> [<samp data-depth=2 class=sf-dump-compact>
    \"<span class=sf-dump-key>id</span>\" => \"<span class=sf-dump-str>4</span>\"
    \"<span class=sf-dump-key>module_id</span>\" => \"<span class=sf-dump-str>2</span>\"
    \"<span class=sf-dump-key>title</span>\" => \"<span class=sf-dump-str title=\"22 characters\">Persiapan Bahan Kompos</span>\"
    \"<span class=sf-dump-key>description</span>\" => \"<span class=sf-dump-str title=\"53 characters\">Cara mempersiapkan bahan-bahan untuk pembuatan kompos</span>\"
    \"<span class=sf-dump-key>video_url</span>\" => \"<span class=sf-dump-str title=\"28 characters\">/videos/persiapan-kompos.mp4</span>\"
    \"<span class=sf-dump-key>duration_seconds</span>\" => \"<span class=sf-dump-str title=\"3 characters\">540</span>\"
    \"<span class=sf-dump-key>order</span>\" => \"<span class=sf-dump-str>1</span>\"
    \"<span class=sf-dump-key>is_active</span>\" => \"<span class=sf-dump-str>1</span>\"
    \"<span class=sf-dump-key>created_at</span>\" => \"<span class=sf-dump-str title=\"23 characters\">2025-11-24 12:32:24.147</span>\"
    \"<span class=sf-dump-key>updated_at</span>\" => \"<span class=sf-dump-str title=\"23 characters\">2025-11-24 12:32:24.147</span>\"
  </samp>]
  #<span class=sf-dump-protected title=\"Protected property\">changes</span>: []
  #<span class=sf-dump-protected title=\"Protected property\">casts</span>: <span class=sf-dump-note>array:1</span> [<samp data-depth=2 class=sf-dump-compact>
    \"<span class=sf-dump-key>is_active</span>\" => \"<span class=sf-dump-str title=\"7 characters\">boolean</span>\"
  </samp>]
  #<span class=sf-dump-protected title=\"Protected property\">classCastCache</span>: []
  #<span class=sf-dump-protected title=\"Protected property\">attributeCastCache</span>: []
  #<span class=sf-dump-protected title=\"Protected property\">dateFormat</span>: <span class=sf-dump-const>null</span>
  #<span class=sf-dump-protected title=\"Protected property\">appends</span>: []
  #<span class=sf-dump-protected title=\"Protected property\">dispatchesEvents</span>: []
  #<span class=sf-dump-protected title=\"Protected property\">observables</span>: []
  #<span class=sf-dump-protected title=\"Protected property\">relations</span>: []
  #<span class=sf-dump-protected title=\"Protected property\">touches</span>: []
  +<span class=sf-dump-public title=\"Public property\">timestamps</span>: <span class=sf-dump-const>true</span>
  +<span class=sf-dump-public title=\"Public property\">usesUniqueIds</span>: <span class=sf-dump-const>false</span>
  #<span class=sf-dump-protected title=\"Protected property\">hidden</span>: []
  #<span class=sf-dump-protected title=\"Protected property\">visible</span>: []
  #<span class=sf-dump-protected title=\"Protected property\">fillable</span>: <span class=sf-dump-note>array:7</span> [<samp data-depth=2 class=sf-dump-compact>
    <span class=sf-dump-index>0</span> => \"<span class=sf-dump-str title=\"9 characters\">module_id</span>\"
    <span class=sf-dump-index>1</span> => \"<span class=sf-dump-str title=\"5 characters\">title</span>\"
    <span class=sf-dump-index>2</span> => \"<span class=sf-dump-str title=\"11 characters\">description</span>\"
    <span class=sf-dump-index>3</span> => \"<span class=sf-dump-str title=\"9 characters\">video_url</span>\"
    <span class=sf-dump-index>4</span> => \"<span class=sf-dump-str title=\"16 characters\">duration_seconds</span>\"
    <span class=sf-dump-index>5</span> => \"<span class=sf-dump-str title=\"5 characters\">order</span>\"
    <span class=sf-dump-index>6</span> => \"<span class=sf-dump-str title=\"9 characters\">is_active</span>\"
  </samp>]
  #<span class=sf-dump-protected title=\"Protected property\">guarded</span>: <span class=sf-dump-note>array:1</span> [<samp data-depth=2 class=sf-dump-compact>
    <span class=sf-dump-index>0</span> => \"<span class=sf-dump-str>*</span>\"
  </samp>]
</samp>}
</pre><script>Sfdump(\"sf-dump-329194422\", {\"maxDepth\":3,\"maxStringLength\":160})</script>
","firstQuiz":"<pre class=sf-dump id=sf-dump-759210311 data-indent-pad=\"  \"><span class=sf-dump-note>App\\Models\\Quiz</span> {<a class=sf-dump-ref>#1131</a><samp data-depth=1 class=sf-dump-expanded>
  #<span class=sf-dump-protected title=\"Protected property\">connection</span>: \"<span class=sf-dump-str title=\"6 characters\">sqlsrv</span>\"
  #<span class=sf-dump-protected title=\"Protected property\">table</span>: \"<span class=sf-dump-str title=\"7 characters\">quizzes</span>\"
  #<span class=sf-dump-protected title=\"Protected property\">primaryKey</span>: \"<span class=sf-dump-str title=\"2 characters\">id</span>\"
  #<span class=sf-dump-protected title=\"Protected property\">keyType</span>: \"<span class=sf-dump-str title=\"3 characters\">int</span>\"
  +<span class=sf-dump-public title=\"Public property\">incrementing</span>: <span class=sf-dump-const>true</span>
  #<span class=sf-dump-protected title=\"Protected property\">with</span>: []
  #<span class=sf-dump-protected title=\"Protected property\">withCount</span>: []
  +<span class=sf-dump-public title=\"Public property\">preventsLazyLoading</span>: <span class=sf-dump-const>false</span>
  #<span class=sf-dump-protected title=\"Protected property\">perPage</span>: <span class=sf-dump-num>15</span>
  +<span class=sf-dump-public title=\"Public property\">exists</span>: <span class=sf-dump-const>true</span>
  +<span class=sf-dump-public title=\"Public property\">wasRecentlyCreated</span>: <span class=sf-dump-const>false</span>
  #<span class=sf-dump-protected title=\"Protected property\">escapeWhenCastingToString</span>: <span class=sf-dump-const>false</span>
  #<span class=sf-dump-protected title=\"Protected property\">attributes</span>: <span class=sf-dump-note>array:9</span> [<samp data-depth=2 class=sf-dump-compact>
    \"<span class=sf-dump-key>id</span>\" => \"<span class=sf-dump-str>2</span>\"
    \"<span class=sf-dump-key>module_id</span>\" => \"<span class=sf-dump-str>2</span>\"
    \"<span class=sf-dump-key>title</span>\" => \"<span class=sf-dump-str title=\"28 characters\">Kuis: Pembuatan Pupuk Kompos</span>\"
    \"<span class=sf-dump-key>description</span>\" => \"<span class=sf-dump-str title=\"49 characters\">Uji pemahaman Anda tentang pembuatan pupuk kompos</span>\"
    \"<span class=sf-dump-key>passing_score</span>\" => \"<span class=sf-dump-str title=\"2 characters\">70</span>\"
    \"<span class=sf-dump-key>duration_minutes</span>\" => \"<span class=sf-dump-str title=\"2 characters\">15</span>\"
    \"<span class=sf-dump-key>is_active</span>\" => \"<span class=sf-dump-str>1</span>\"
    \"<span class=sf-dump-key>created_at</span>\" => \"<span class=sf-dump-str title=\"23 characters\">2025-11-24 12:32:24.207</span>\"
    \"<span class=sf-dump-key>updated_at</span>\" => \"<span class=sf-dump-str title=\"23 characters\">2025-11-24 12:32:24.207</span>\"
  </samp>]
  #<span class=sf-dump-protected title=\"Protected property\">original</span>: <span class=sf-dump-note>array:9</span> [<samp data-depth=2 class=sf-dump-compact>
    \"<span class=sf-dump-key>id</span>\" => \"<span class=sf-dump-str>2</span>\"
    \"<span class=sf-dump-key>module_id</span>\" => \"<span class=sf-dump-str>2</span>\"
    \"<span class=sf-dump-key>title</span>\" => \"<span class=sf-dump-str title=\"28 characters\">Kuis: Pembuatan Pupuk Kompos</span>\"
    \"<span class=sf-dump-key>description</span>\" => \"<span class=sf-dump-str title=\"49 characters\">Uji pemahaman Anda tentang pembuatan pupuk kompos</span>\"
    \"<span class=sf-dump-key>passing_score</span>\" => \"<span class=sf-dump-str title=\"2 characters\">70</span>\"
    \"<span class=sf-dump-key>duration_minutes</span>\" => \"<span class=sf-dump-str title=\"2 characters\">15</span>\"
    \"<span class=sf-dump-key>is_active</span>\" => \"<span class=sf-dump-str>1</span>\"
    \"<span class=sf-dump-key>created_at</span>\" => \"<span class=sf-dump-str title=\"23 characters\">2025-11-24 12:32:24.207</span>\"
    \"<span class=sf-dump-key>updated_at</span>\" => \"<span class=sf-dump-str title=\"23 characters\">2025-11-24 12:32:24.207</span>\"
  </samp>]
  #<span class=sf-dump-protected title=\"Protected property\">changes</span>: []
  #<span class=sf-dump-protected title=\"Protected property\">casts</span>: <span class=sf-dump-note>array:1</span> [<samp data-depth=2 class=sf-dump-compact>
    \"<span class=sf-dump-key>is_active</span>\" => \"<span class=sf-dump-str title=\"7 characters\">boolean</span>\"
  </samp>]
  #<span class=sf-dump-protected title=\"Protected property\">classCastCache</span>: []
  #<span class=sf-dump-protected title=\"Protected property\">attributeCastCache</span>: []
  #<span class=sf-dump-protected title=\"Protected property\">dateFormat</span>: <span class=sf-dump-const>null</span>
  #<span class=sf-dump-protected title=\"Protected property\">appends</span>: []
  #<span class=sf-dump-protected title=\"Protected property\">dispatchesEvents</span>: []
  #<span class=sf-dump-protected title=\"Protected property\">observables</span>: []
  #<span class=sf-dump-protected title=\"Protected property\">relations</span>: []
  #<span class=sf-dump-protected title=\"Protected property\">touches</span>: []
  +<span class=sf-dump-public title=\"Public property\">timestamps</span>: <span class=sf-dump-const>true</span>
  +<span class=sf-dump-public title=\"Public property\">usesUniqueIds</span>: <span class=sf-dump-const>false</span>
  #<span class=sf-dump-protected title=\"Protected property\">hidden</span>: []
  #<span class=sf-dump-protected title=\"Protected property\">visible</span>: []
  #<span class=sf-dump-protected title=\"Protected property\">fillable</span>: <span class=sf-dump-note>array:6</span> [<samp data-depth=2 class=sf-dump-compact>
    <span class=sf-dump-index>0</span> => \"<span class=sf-dump-str title=\"9 characters\">module_id</span>\"
    <span class=sf-dump-index>1</span> => \"<span class=sf-dump-str title=\"5 characters\">title</span>\"
    <span class=sf-dump-index>2</span> => \"<span class=sf-dump-str title=\"11 characters\">description</span>\"
    <span class=sf-dump-index>3</span> => \"<span class=sf-dump-str title=\"13 characters\">passing_score</span>\"
    <span class=sf-dump-index>4</span> => \"<span class=sf-dump-str title=\"16 characters\">duration_minutes</span>\"
    <span class=sf-dump-index>5</span> => \"<span class=sf-dump-str title=\"9 characters\">is_active</span>\"
  </samp>]
  #<span class=sf-dump-protected title=\"Protected property\">guarded</span>: <span class=sf-dump-note>array:1</span> [<samp data-depth=2 class=sf-dump-compact>
    <span class=sf-dump-index>0</span> => \"<span class=sf-dump-str>*</span>\"
  </samp>]
</samp>}
</pre><script>Sfdump(\"sf-dump-759210311\", {\"maxDepth\":3,\"maxStringLength\":160})</script>
"}},"userId":5,"exception":"[object] (Spatie\\LaravelIgnition\\Exceptions\\ViewException(code: 0): Undefined variable $videos at D:\\ketapang\\Agro Waste\\resources\\views\\modules\\show.blade.php:26)
[stacktrace]
#0 D:\\ketapang\\Agro Waste\\vendor\\laravel\\framework\\src\\Illuminate\\Filesystem\\Filesystem.php(123): require('D:\\\\ketapang\\\\Agr...')
#1 D:\\ketapang\\Agro Waste\\vendor\\laravel\\framework\\src\\Illuminate\\Filesystem\\Filesystem.php(124): Illuminate\\Filesystem\\Filesystem::Illuminate\\Filesystem\\{closure}()
#2 D:\\ketapang\\Agro Waste\\vendor\\laravel\\framework\\src\\Illuminate\\View\\Engines\\PhpEngine.php(58): Illuminate\\Filesystem\\Filesystem->getRequire('D:\\\\ketapang\\\\Agr...', Array)
#3 D:\\ketapang\\Agro Waste\\vendor\\laravel\\framework\\src\\Illuminate\\View\\Engines\\CompilerEngine.php(75): Illuminate\\View\\Engines\\PhpEngine->evaluatePath('D:\\\\ketapang\\\\Agr...', Array)
#4 D:\\ketapang\\Agro Waste\\vendor\\laravel\\framework\\src\\Illuminate\\View\\View.php(209): Illuminate\\View\\Engines\\CompilerEngine->get('D:\\\\ketapang\\\\Agr...', Array)
#5 D:\\ketapang\\Agro Waste\\vendor\\laravel\\framework\\src\\Illuminate\\View\\View.php(192): Illuminate\\View\\View->getContents()
#6 D:\\ketapang\\Agro Waste\\vendor\\laravel\\framework\\src\\Illuminate\\View\\View.php(161): Illuminate\\View\\View->renderContents()
#7 D:\\ketapang\\Agro Waste\\vendor\\laravel\\framework\\src\\Illuminate\\Http\\Response.php(79): Illuminate\\View\\View->render()
#8 D:\\ketapang\\Agro Waste\\vendor\\laravel\\framework\\src\\Illuminate\\Http\\Response.php(35): Illuminate\\Http\\Response->setContent(Object(Illuminate\\View\\View))
#9 D:\\ketapang\\Agro Waste\\vendor\\laravel\\framework\\src\\Illuminate\\Routing\\Router.php(920): Illuminate\\Http\\Response->__construct(Object(Illuminate\\View\\View), 200, Array)
#10 D:\\ketapang\\Agro Waste\\vendor\\laravel\\framework\\src\\Illuminate\\Routing\\Router.php(887): Illuminate\\Routing\\Router::toResponse(Object(Illuminate\\Http\\Request), Object(Illuminate\\View\\View))
#11 D:\\ketapang\\Agro Waste\\vendor\\laravel\\framework\\src\\Illuminate\\Routing\\Router.php(807): Illuminate\\Routing\\Router->prepareResponse(Object(Illuminate\\Http\\Request), Object(Illuminate\\View\\View))
#12 D:\\ketapang\\Agro Waste\\vendor\\laravel\\framework\\src\\Illuminate\\Pipeline\\Pipeline.php(170): Illuminate\\Routing\\Router->Illuminate\\Routing\\{closure}(Object(Illuminate\\Http\\Request))
#13 D:\\ketapang\\Agro Waste\\app\\Http\\Middleware\\Authenticate.php(18): Illuminate\\Pipeline\\Pipeline->Illuminate\\Pipeline\\{closure}(Object(Illuminate\\Http\\Request))
#14 D:\\ketapang\\Agro Waste\\vendor\\laravel\\framework\\src\\Illuminate\\Pipeline\\Pipeline.php(209): App\\Http\\Middleware\\Authenticate->handle(Object(Illuminate\\Http\\Request), Object(Closure))
#15 D:\\ketapang\\Agro Waste\\vendor\\inertiajs\\inertia-laravel\\src\\Middleware.php(96): Illuminate\\Pipeline\\Pipeline->Illuminate\\Pipeline\\{closure}(Object(Illuminate\\Http\\Request))
#16 D:\\ketapang\\Agro Waste\\vendor\\laravel\\framework\\src\\Illuminate\\Pipeline\\Pipeline.php(209): Inertia\\Middleware->handle(Object(Illuminate\\Http\\Request), Object(Closure))
#17 D:\\ketapang\\Agro Waste\\vendor\\laravel\\framework\\src\\Illuminate\\Routing\\Middleware\\SubstituteBindings.php(51): Illuminate\\Pipeline\\Pipeline->Illuminate\\Pipeline\\{closure}(Object(Illuminate\\Http\\Request))
#18 D:\\ketapang\\Agro Waste\\vendor\\laravel\\framework\\src\\Illuminate\\Pipeline\\Pipeline.php(209): Illuminate\\Routing\\Middleware\\SubstituteBindings->handle(Object(Illuminate\\Http\\Request), Object(Closure))
#19 D:\\ketapang\\Agro Waste\\vendor\\laravel\\framework\\src\\Illuminate\\Foundation\\Http\\Middleware\\VerifyCsrfToken.php(88): Illuminate\\Pipeline\\Pipeline->Illuminate\\Pipeline\\{closure}(Object(Illuminate\\Http\\Request))
#20 D:\\ketapang\\Agro Waste\\vendor\\laravel\\framework\\src\\Illuminate\\Pipeline\\Pipeline.php(209): Illuminate\\Foundation\\Http\\Middleware\\VerifyCsrfToken->handle(Object(Illuminate\\Http\\Request), Object(Closure))
#21 D:\\ketapang\\Agro Waste\\vendor\\laravel\\framework\\src\\Illuminate\\View\\Middleware\\ShareErrorsFromSession.php(49): Illuminate\\Pipeline\\Pipeline->Illuminate\\Pipeline\\{closure}(Object(Illuminate\\Http\\Request))
#22 D:\\ketapang\\Agro Waste\\vendor\\laravel\\framework\\src\\Illuminate\\Pipeline\\Pipeline.php(209): Illuminate\\View\\Middleware\\ShareErrorsFromSession->handle(Object(Illuminate\\Http\\Request), Object(Closure))
#23 D:\\ketapang\\Agro Waste\\vendor\\laravel\\framework\\src\\Illuminate\\Session\\Middleware\\StartSession.php(121): Illuminate\\Pipeline\\Pipeline->Illuminate\\Pipeline\\{closure}(Object(Illuminate\\Http\\Request))
#24 D:\\ketapang\\Agro Waste\\vendor\\laravel\\framework\\src\\Illuminate\\Session\\Middleware\\StartSession.php(64): Illuminate\\Session\\Middleware\\StartSession->handleStatefulRequest(Object(Illuminate\\Http\\Request), Object(Illuminate\\Session\\Store), Object(Closure))
#25 D:\\ketapang\\Agro Waste\\vendor\\laravel\\framework\\src\\Illuminate\\Pipeline\\Pipeline.php(209): Illuminate\\Session\\Middleware\\StartSession->handle(Object(Illuminate\\Http\\Request), Object(Closure))
#26 D:\\ketapang\\Agro Waste\\vendor\\laravel\\framework\\src\\Illuminate\\Cookie\\Middleware\\AddQueuedCookiesToResponse.php(37): Illuminate\\Pipeline\\Pipeline->Illuminate\\Pipeline\\{closure}(Object(Illuminate\\Http\\Request))
#27 D:\\ketapang\\Agro Waste\\vendor\\laravel\\framework\\src\\Illuminate\\Pipeline\\Pipeline.php(209): Illuminate\\Cookie\\Middleware\\AddQueuedCookiesToResponse->handle(Object(Illuminate\\Http\\Request), Object(Closure))
#28 D:\\ketapang\\Agro Waste\\vendor\\laravel\\framework\\src\\Illuminate\\Cookie\\Middleware\\EncryptCookies.php(75): Illuminate\\Pipeline\\Pipeline->Illuminate\\Pipeline\\{closure}(Object(Illuminate\\Http\\Request))
#29 D:\\ketapang\\Agro Waste\\vendor\\laravel\\framework\\src\\Illuminate\\Pipeline\\Pipeline.php(209): Illuminate\\Cookie\\Middleware\\EncryptCookies->handle(Object(Illuminate\\Http\\Request), Object(Closure))
#30 D:\\ketapang\\Agro Waste\\vendor\\laravel\\framework\\src\\Illuminate\\Pipeline\\Pipeline.php(127): Illuminate\\Pipeline\\Pipeline->Illuminate\\Pipeline\\{closure}(Object(Illuminate\\Http\\Request))
#31 D:\\ketapang\\Agro Waste\\vendor\\laravel\\framework\\src\\Illuminate\\Routing\\Router.php(807): Illuminate\\Pipeline\\Pipeline->then(Object(Closure))
#32 D:\\ketapang\\Agro Waste\\vendor\\laravel\\framework\\src\\Illuminate\\Routing\\Router.php(786): Illuminate\\Routing\\Router->runRouteWithinStack(Object(Illuminate\\Routing\\Route), Object(Illuminate\\Http\\Request))
#33 D:\\ketapang\\Agro Waste\\vendor\\laravel\\framework\\src\\Illuminate\\Routing\\Router.php(750): Illuminate\\Routing\\Router->runRoute(Object(Illuminate\\Http\\Request), Object(Illuminate\\Routing\\Route))
#34 D:\\ketapang\\Agro Waste\\vendor\\laravel\\framework\\src\\Illuminate\\Routing\\Router.php(739): Illuminate\\Routing\\Router->dispatchToRoute(Object(Illuminate\\Http\\Request))
#35 D:\\ketapang\\Agro Waste\\vendor\\laravel\\framework\\src\\Illuminate\\Foundation\\Http\\Kernel.php(201): Illuminate\\Routing\\Router->dispatch(Object(Illuminate\\Http\\Request))
#36 D:\\ketapang\\Agro Waste\\vendor\\laravel\\framework\\src\\Illuminate\\Pipeline\\Pipeline.php(170): Illuminate\\Foundation\\Http\\Kernel->Illuminate\\Foundation\\Http\\{closure}(Object(Illuminate\\Http\\Request))
#37 D:\\ketapang\\Agro Waste\\vendor\\laravel\\framework\\src\\Illuminate\\Foundation\\Http\\Middleware\\TransformsRequest.php(21): Illuminate\\Pipeline\\Pipeline->Illuminate\\Pipeline\\{closure}(Object(Illuminate\\Http\\Request))
#38 D:\\ketapang\\Agro Waste\\vendor\\laravel\\framework\\src\\Illuminate\\Foundation\\Http\\Middleware\\ConvertEmptyStringsToNull.php(31): Illuminate\\Foundation\\Http\\Middleware\\TransformsRequest->handle(Object(Illuminate\\Http\\Request), Object(Closure))
#39 D:\\ketapang\\Agro Waste\\vendor\\laravel\\framework\\src\\Illuminate\\Pipeline\\Pipeline.php(209): Illuminate\\Foundation\\Http\\Middleware\\ConvertEmptyStringsToNull->handle(Object(Illuminate\\Http\\Request), Object(Closure))
#40 D:\\ketapang\\Agro Waste\\vendor\\laravel\\framework\\src\\Illuminate\\Foundation\\Http\\Middleware\\TransformsRequest.php(21): Illuminate\\Pipeline\\Pipeline->Illuminate\\Pipeline\\{closure}(Object(Illuminate\\Http\\Request))
#41 D:\\ketapang\\Agro Waste\\vendor\\laravel\\framework\\src\\Illuminate\\Foundation\\Http\\Middleware\\TrimStrings.php(51): Illuminate\\Foundation\\Http\\Middleware\\TransformsRequest->handle(Object(Illuminate\\Http\\Request), Object(Closure))
#42 D:\\ketapang\\Agro Waste\\vendor\\laravel\\framework\\src\\Illuminate\\Pipeline\\Pipeline.php(209): Illuminate\\Foundation\\Http\\Middleware\\TrimStrings->handle(Object(Illuminate\\Http\\Request), Object(Closure))
#43 D:\\ketapang\\Agro Waste\\vendor\\laravel\\framework\\src\\Illuminate\\Http\\Middleware\\ValidatePostSize.php(27): Illuminate\\Pipeline\\Pipeline->Illuminate\\Pipeline\\{closure}(Object(Illuminate\\Http\\Request))
#44 D:\\ketapang\\Agro Waste\\vendor\\laravel\\framework\\src\\Illuminate\\Pipeline\\Pipeline.php(209): Illuminate\\Http\\Middleware\\ValidatePostSize->handle(Object(Illuminate\\Http\\Request), Object(Closure))
#45 D:\\ketapang\\Agro Waste\\vendor\\laravel\\framework\\src\\Illuminate\\Foundation\\Http\\Middleware\\PreventRequestsDuringMaintenance.php(110): Illuminate\\Pipeline\\Pipeline->Illuminate\\Pipeline\\{closure}(Object(Illuminate\\Http\\Request))
#46 D:\\ketapang\\Agro Waste\\vendor\\laravel\\framework\\src\\Illuminate\\Pipeline\\Pipeline.php(209): Illuminate\\Foundation\\Http\\Middleware\\PreventRequestsDuringMaintenance->handle(Object(Illuminate\\Http\\Request), Object(Closure))
#47 D:\\ketapang\\Agro Waste\\vendor\\laravel\\framework\\src\\Illuminate\\Http\\Middleware\\HandleCors.php(49): Illuminate\\Pipeline\\Pipeline->Illuminate\\Pipeline\\{closure}(Object(Illuminate\\Http\\Request))
#48 D:\\ketapang\\Agro Waste\\vendor\\laravel\\framework\\src\\Illuminate\\Pipeline\\Pipeline.php(209): Illuminate\\Http\\Middleware\\HandleCors->handle(Object(Illuminate\\Http\\Request), Object(Closure))
#49 D:\\ketapang\\Agro Waste\\vendor\\laravel\\framework\\src\\Illuminate\\Http\\Middleware\\TrustProxies.php(58): Illuminate\\Pipeline\\Pipeline->Illuminate\\Pipeline\\{closure}(Object(Illuminate\\Http\\Request))
#50 D:\\ketapang\\Agro Waste\\vendor\\laravel\\framework\\src\\Illuminate\\Pipeline\\Pipeline.php(209): Illuminate\\Http\\Middleware\\TrustProxies->handle(Object(Illuminate\\Http\\Request), Object(Closure))
#51 D:\\ketapang\\Agro Waste\\vendor\\laravel\\framework\\src\\Illuminate\\Foundation\\Http\\Middleware\\InvokeDeferredCallbacks.php(22): Illuminate\\Pipeline\\Pipeline->Illuminate\\Pipeline\\{closure}(Object(Illuminate\\Http\\Request))
#52 D:\\ketapang\\Agro Waste\\vendor\\laravel\\framework\\src\\Illuminate\\Pipeline\\Pipeline.php(209): Illuminate\\Foundation\\Http\\Middleware\\InvokeDeferredCallbacks->handle(Object(Illuminate\\Http\\Request), Object(Closure))
#53 D:\\ketapang\\Agro Waste\\vendor\\laravel\\framework\\src\\Illuminate\\Pipeline\\Pipeline.php(127): Illuminate\\Pipeline\\Pipeline->Illuminate\\Pipeline\\{closure}(Object(Illuminate\\Http\\Request))
#54 D:\\ketapang\\Agro Waste\\vendor\\laravel\\framework\\src\\Illuminate\\Foundation\\Http\\Kernel.php(176): Illuminate\\Pipeline\\Pipeline->then(Object(Closure))
#55 D:\\ketapang\\Agro Waste\\vendor\\laravel\\framework\\src\\Illuminate\\Foundation\\Http\\Kernel.php(145): Illuminate\\Foundation\\Http\\Kernel->sendRequestThroughRouter(Object(Illuminate\\Http\\Request))
#56 D:\\ketapang\\Agro Waste\\vendor\\laravel\\framework\\src\\Illuminate\\Foundation\\Application.php(1220): Illuminate\\Foundation\\Http\\Kernel->handle(Object(Illuminate\\Http\\Request))
#57 D:\\ketapang\\Agro Waste\\public\\index.php(17): Illuminate\\Foundation\\Application->handleRequest(Object(Illuminate\\Http\\Request))
#58 D:\\ketapang\\Agro Waste\\vendor\\laravel\\framework\\src\\Illuminate\\Foundation\\resources\\server.php(23): require_once('D:\\\\ketapang\\\\Agr...')
#59 {main}

[previous exception] [object] (ErrorException(code: 0): Undefined variable $videos at D:\\ketapang\\Agro Waste\\storage\\framework\\views\\decf1ed9132158d502302d4db372073d.php:27)
[stacktrace]
#0 D:\\ketapang\\Agro Waste\\vendor\\laravel\\framework\\src\\Illuminate\\Foundation\\Bootstrap\\HandleExceptions.php(258): Illuminate\\Foundation\\Bootstrap\\HandleExceptions->handleError(2, 'Undefined varia...', 'D:\\\\ketapang\\\\Agr...', 27)
#1 D:\\ketapang\\Agro Waste\\storage\\framework\\views\\decf1ed9132158d502302d4db372073d.php(27): Illuminate\\Foundation\\Bootstrap\\HandleExceptions->Illuminate\\Foundation\\Bootstrap\\{closure}(2, 'Undefined varia...', 'D:\\\\ketapang\\\\Agr...', 27)
#2 D:\\ketapang\\Agro Waste\\vendor\\laravel\\framework\\src\\Illuminate\\Filesystem\\Filesystem.php(123): require('D:\\\\ketapang\\\\Agr...')
#3 D:\\ketapang\\Agro Waste\\vendor\\laravel\\framework\\src\\Illuminate\\Filesystem\\Filesystem.php(124): Illuminate\\Filesystem\\Filesystem::Illuminate\\Filesystem\\{closure}()
#4 D:\\ketapang\\Agro Waste\\vendor\\laravel\\framework\\src\\Illuminate\\View\\Engines\\PhpEngine.php(58): Illuminate\\Filesystem\\Filesystem->getRequire('D:\\\\ketapang\\\\Agr...', Array)
#5 D:\\ketapang\\Agro Waste\\vendor\\laravel\\framework\\src\\Illuminate\\View\\Engines\\CompilerEngine.php(75): Illuminate\\View\\Engines\\PhpEngine->evaluatePath('D:\\\\ketapang\\\\Agr...', Array)
#6 D:\\ketapang\\Agro Waste\\vendor\\laravel\\framework\\src\\Illuminate\\View\\View.php(209): Illuminate\\View\\Engines\\CompilerEngine->get('D:\\\\ketapang\\\\Agr...', Array)
#7 D:\\ketapang\\Agro Waste\\vendor\\laravel\\framework\\src\\Illuminate\\View\\View.php(192): Illuminate\\View\\View->getContents()
#8 D:\\ketapang\\Agro Waste\\vendor\\laravel\\framework\\src\\Illuminate\\View\\View.php(161): Illuminate\\View\\View->renderContents()
#9 D:\\ketapang\\Agro Waste\\vendor\\laravel\\framework\\src\\Illuminate\\Http\\Response.php(79): Illuminate\\View\\View->render()
#10 D:\\ketapang\\Agro Waste\\vendor\\laravel\\framework\\src\\Illuminate\\Http\\Response.php(35): Illuminate\\Http\\Response->setContent(Object(Illuminate\\View\\View))
#11 D:\\ketapang\\Agro Waste\\vendor\\laravel\\framework\\src\\Illuminate\\Routing\\Router.php(920): Illuminate\\Http\\Response->__construct(Object(Illuminate\\View\\View), 200, Array)
#12 D:\\ketapang\\Agro Waste\\vendor\\laravel\\framework\\src\\Illuminate\\Routing\\Router.php(887): Illuminate\\Routing\\Router::toResponse(Object(Illuminate\\Http\\Request), Object(Illuminate\\View\\View))
#13 D:\\ketapang\\Agro Waste\\vendor\\laravel\\framework\\src\\Illuminate\\Routing\\Router.php(807): Illuminate\\Routing\\Router->prepareResponse(Object(Illuminate\\Http\\Request), Object(Illuminate\\View\\View))
#14 D:\\ketapang\\Agro Waste\\vendor\\laravel\\framework\\src\\Illuminate\\Pipeline\\Pipeline.php(170): Illuminate\\Routing\\Router->Illuminate\\Routing\\{closure}(Object(Illuminate\\Http\\Request))
#15 D:\\ketapang\\Agro Waste\\app\\Http\\Middleware\\Authenticate.php(18): Illuminate\\Pipeline\\Pipeline->Illuminate\\Pipeline\\{closure}(Object(Illuminate\\Http\\Request))
#16 D:\\ketapang\\Agro Waste\\vendor\\laravel\\framework\\src\\Illuminate\\Pipeline\\Pipeline.php(209): App\\Http\\Middleware\\Authenticate->handle(Object(Illuminate\\Http\\Request), Object(Closure))
#17 D:\\ketapang\\Agro Waste\\vendor\\inertiajs\\inertia-laravel\\src\\Middleware.php(96): Illuminate\\Pipeline\\Pipeline->Illuminate\\Pipeline\\{closure}(Object(Illuminate\\Http\\Request))
#18 D:\\ketapang\\Agro Waste\\vendor\\laravel\\framework\\src\\Illuminate\\Pipeline\\Pipeline.php(209): Inertia\\Middleware->handle(Object(Illuminate\\Http\\Request), Object(Closure))
#19 D:\\ketapang\\Agro Waste\\vendor\\laravel\\framework\\src\\Illuminate\\Routing\\Middleware\\SubstituteBindings.php(51): Illuminate\\Pipeline\\Pipeline->Illuminate\\Pipeline\\{closure}(Object(Illuminate\\Http\\Request))
#20 D:\\ketapang\\Agro Waste\\vendor\\laravel\\framework\\src\\Illuminate\\Pipeline\\Pipeline.php(209): Illuminate\\Routing\\Middleware\\SubstituteBindings->handle(Object(Illuminate\\Http\\Request), Object(Closure))
#21 D:\\ketapang\\Agro Waste\\vendor\\laravel\\framework\\src\\Illuminate\\Foundation\\Http\\Middleware\\VerifyCsrfToken.php(88): Illuminate\\Pipeline\\Pipeline->Illuminate\\Pipeline\\{closure}(Object(Illuminate\\Http\\Request))
#22 D:\\ketapang\\Agro Waste\\vendor\\laravel\\framework\\src\\Illuminate\\Pipeline\\Pipeline.php(209): Illuminate\\Foundation\\Http\\Middleware\\VerifyCsrfToken->handle(Object(Illuminate\\Http\\Request), Object(Closure))
#23 D:\\ketapang\\Agro Waste\\vendor\\laravel\\framework\\src\\Illuminate\\View\\Middleware\\ShareErrorsFromSession.php(49): Illuminate\\Pipeline\\Pipeline->Illuminate\\Pipeline\\{closure}(Object(Illuminate\\Http\\Request))
#24 D:\\ketapang\\Agro Waste\\vendor\\laravel\\framework\\src\\Illuminate\\Pipeline\\Pipeline.php(209): Illuminate\\View\\Middleware\\ShareErrorsFromSession->handle(Object(Illuminate\\Http\\Request), Object(Closure))
#25 D:\\ketapang\\Agro Waste\\vendor\\laravel\\framework\\src\\Illuminate\\Session\\Middleware\\StartSession.php(121): Illuminate\\Pipeline\\Pipeline->Illuminate\\Pipeline\\{closure}(Object(Illuminate\\Http\\Request))
#26 D:\\ketapang\\Agro Waste\\vendor\\laravel\\framework\\src\\Illuminate\\Session\\Middleware\\StartSession.php(64): Illuminate\\Session\\Middleware\\StartSession->handleStatefulRequest(Object(Illuminate\\Http\\Request), Object(Illuminate\\Session\\Store), Object(Closure))
#27 D:\\ketapang\\Agro Waste\\vendor\\laravel\\framework\\src\\Illuminate\\Pipeline\\Pipeline.php(209): Illuminate\\Session\\Middleware\\StartSession->handle(Object(Illuminate\\Http\\Request), Object(Closure))
#28 D:\\ketapang\\Agro Waste\\vendor\\laravel\\framework\\src\\Illuminate\\Cookie\\Middleware\\AddQueuedCookiesToResponse.php(37): Illuminate\\Pipeline\\Pipeline->Illuminate\\Pipeline\\{closure}(Object(Illuminate\\Http\\Request))
#29 D:\\ketapang\\Agro Waste\\vendor\\laravel\\framework\\src\\Illuminate\\Pipeline\\Pipeline.php(209): Illuminate\\Cookie\\Middleware\\AddQueuedCookiesToResponse->handle(Object(Illuminate\\Http\\Request), Object(Closure))
#30 D:\\ketapang\\Agro Waste\\vendor\\laravel\\framework\\src\\Illuminate\\Cookie\\Middleware\\EncryptCookies.php(75): Illuminate\\Pipeline\\Pipeline->Illuminate\\Pipeline\\{closure}(Object(Illuminate\\Http\\Request))
#31 D:\\ketapang\\Agro Waste\\vendor\\laravel\\framework\\src\\Illuminate\\Pipeline\\Pipeline.php(209): Illuminate\\Cookie\\Middleware\\EncryptCookies->handle(Object(Illuminate\\Http\\Request), Object(Closure))
#32 D:\\ketapang\\Agro Waste\\vendor\\laravel\\framework\\src\\Illuminate\\Pipeline\\Pipeline.php(127): Illuminate\\Pipeline\\Pipeline->Illuminate\\Pipeline\\{closure}(Object(Illuminate\\Http\\Request))
#33 D:\\ketapang\\Agro Waste\\vendor\\laravel\\framework\\src\\Illuminate\\Routing\\Router.php(807): Illuminate\\Pipeline\\Pipeline->then(Object(Closure))
#34 D:\\ketapang\\Agro Waste\\vendor\\laravel\\framework\\src\\Illuminate\\Routing\\Router.php(786): Illuminate\\Routing\\Router->runRouteWithinStack(Object(Illuminate\\Routing\\Route), Object(Illuminate\\Http\\Request))
#35 D:\\ketapang\\Agro Waste\\vendor\\laravel\\framework\\src\\Illuminate\\Routing\\Router.php(750): Illuminate\\Routing\\Router->runRoute(Object(Illuminate\\Http\\Request), Object(Illuminate\\Routing\\Route))
#36 D:\\ketapang\\Agro Waste\\vendor\\laravel\\framework\\src\\Illuminate\\Routing\\Router.php(739): Illuminate\\Routing\\Router->dispatchToRoute(Object(Illuminate\\Http\\Request))
#37 D:\\ketapang\\Agro Waste\\vendor\\laravel\\framework\\src\\Illuminate\\Foundation\\Http\\Kernel.php(201): Illuminate\\Routing\\Router->dispatch(Object(Illuminate\\Http\\Request))
#38 D:\\ketapang\\Agro Waste\\vendor\\laravel\\framework\\src\\Illuminate\\Pipeline\\Pipeline.php(170): Illuminate\\Foundation\\Http\\Kernel->Illuminate\\Foundation\\Http\\{closure}(Object(Illuminate\\Http\\Request))
#39 D:\\ketapang\\Agro Waste\\vendor\\laravel\\framework\\src\\Illuminate\\Foundation\\Http\\Middleware\\TransformsRequest.php(21): Illuminate\\Pipeline\\Pipeline->Illuminate\\Pipeline\\{closure}(Object(Illuminate\\Http\\Request))
#40 D:\\ketapang\\Agro Waste\\vendor\\laravel\\framework\\src\\Illuminate\\Foundation\\Http\\Middleware\\ConvertEmptyStringsToNull.php(31): Illuminate\\Foundation\\Http\\Middleware\\TransformsRequest->handle(Object(Illuminate\\Http\\Request), Object(Closure))
#41 D:\\ketapang\\Agro Waste\\vendor\\laravel\\framework\\src\\Illuminate\\Pipeline\\Pipeline.php(209): Illuminate\\Foundation\\Http\\Middleware\\ConvertEmptyStringsToNull->handle(Object(Illuminate\\Http\\Request), Object(Closure))
#42 D:\\ketapang\\Agro Waste\\vendor\\laravel\\framework\\src\\Illuminate\\Foundation\\Http\\Middleware\\TransformsRequest.php(21): Illuminate\\Pipeline\\Pipeline->Illuminate\\Pipeline\\{closure}(Object(Illuminate\\Http\\Request))
#43 D:\\ketapang\\Agro Waste\\vendor\\laravel\\framework\\src\\Illuminate\\Foundation\\Http\\Middleware\\TrimStrings.php(51): Illuminate\\Foundation\\Http\\Middleware\\TransformsRequest->handle(Object(Illuminate\\Http\\Request), Object(Closure))
#44 D:\\ketapang\\Agro Waste\\vendor\\laravel\\framework\\src\\Illuminate\\Pipeline\\Pipeline.php(209): Illuminate\\Foundation\\Http\\Middleware\\TrimStrings->handle(Object(Illuminate\\Http\\Request), Object(Closure))
#45 D:\\ketapang\\Agro Waste\\vendor\\laravel\\framework\\src\\Illuminate\\Http\\Middleware\\ValidatePostSize.php(27): Illuminate\\Pipeline\\Pipeline->Illuminate\\Pipeline\\{closure}(Object(Illuminate\\Http\\Request))
#46 D:\\ketapang\\Agro Waste\\vendor\\laravel\\framework\\src\\Illuminate\\Pipeline\\Pipeline.php(209): Illuminate\\Http\\Middleware\\ValidatePostSize->handle(Object(Illuminate\\Http\\Request), Object(Closure))
#47 D:\\ketapang\\Agro Waste\\vendor\\laravel\\framework\\src\\Illuminate\\Foundation\\Http\\Middleware\\PreventRequestsDuringMaintenance.php(110): Illuminate\\Pipeline\\Pipeline->Illuminate\\Pipeline\\{closure}(Object(Illuminate\\Http\\Request))
#48 D:\\ketapang\\Agro Waste\\vendor\\laravel\\framework\\src\\Illuminate\\Pipeline\\Pipeline.php(209): Illuminate\\Foundation\\Http\\Middleware\\PreventRequestsDuringMaintenance->handle(Object(Illuminate\\Http\\Request), Object(Closure))
#49 D:\\ketapang\\Agro Waste\\vendor\\laravel\\framework\\src\\Illuminate\\Http\\Middleware\\HandleCors.php(49): Illuminate\\Pipeline\\Pipeline->Illuminate\\Pipeline\\{closure}(Object(Illuminate\\Http\\Request))
#50 D:\\ketapang\\Agro Waste\\vendor\\laravel\\framework\\src\\Illuminate\\Pipeline\\Pipeline.php(209): Illuminate\\Http\\Middleware\\HandleCors->handle(Object(Illuminate\\Http\\Request), Object(Closure))
#51 D:\\ketapang\\Agro Waste\\vendor\\laravel\\framework\\src\\Illuminate\\Http\\Middleware\\TrustProxies.php(58): Illuminate\\Pipeline\\Pipeline->Illuminate\\Pipeline\\{closure}(Object(Illuminate\\Http\\Request))
#52 D:\\ketapang\\Agro Waste\\vendor\\laravel\\framework\\src\\Illuminate\\Pipeline\\Pipeline.php(209): Illuminate\\Http\\Middleware\\TrustProxies->handle(Object(Illuminate\\Http\\Request), Object(Closure))
#53 D:\\ketapang\\Agro Waste\\vendor\\laravel\\framework\\src\\Illuminate\\Foundation\\Http\\Middleware\\InvokeDeferredCallbacks.php(22): Illuminate\\Pipeline\\Pipeline->Illuminate\\Pipeline\\{closure}(Object(Illuminate\\Http\\Request))
#54 D:\\ketapang\\Agro Waste\\vendor\\laravel\\framework\\src\\Illuminate\\Pipeline\\Pipeline.php(209): Illuminate\\Foundation\\Http\\Middleware\\InvokeDeferredCallbacks->handle(Object(Illuminate\\Http\\Request), Object(Closure))
#55 D:\\ketapang\\Agro Waste\\vendor\\laravel\\framework\\src\\Illuminate\\Pipeline\\Pipeline.php(127): Illuminate\\Pipeline\\Pipeline->Illuminate\\Pipeline\\{closure}(Object(Illuminate\\Http\\Request))
#56 D:\\ketapang\\Agro Waste\\vendor\\laravel\\framework\\src\\Illuminate\\Foundation\\Http\\Kernel.php(176): Illuminate\\Pipeline\\Pipeline->then(Object(Closure))
#57 D:\\ketapang\\Agro Waste\\vendor\\laravel\\framework\\src\\Illuminate\\Foundation\\Http\\Kernel.php(145): Illuminate\\Foundation\\Http\\Kernel->sendRequestThroughRouter(Object(Illuminate\\Http\\Request))
#58 D:\\ketapang\\Agro Waste\\vendor\\laravel\\framework\\src\\Illuminate\\Foundation\\Application.php(1220): Illuminate\\Foundation\\Http\\Kernel->handle(Object(Illuminate\\Http\\Request))
#59 D:\\ketapang\\Agro Waste\\public\\index.php(17): Illuminate\\Foundation\\Application->handleRequest(Object(Illuminate\\Http\\Request))
#60 D:\\ketapang\\Agro Waste\\vendor\\laravel\\framework\\src\\Illuminate\\Foundation\\resources\\server.php(23): require_once('D:\\\\ketapang\\\\Agr...')
#61 {main}
"} 
[2025-11-24 21:02:53] local.ERROR: PHP Parse error: Syntax error, unexpected T_OBJECT_OPERATOR on line 1 {"exception":"[object] (Psy\\Exception\\ParseErrorException(code: 0): PHP Parse error: Syntax error, unexpected T_OBJECT_OPERATOR on line 1 at D:\\ketapang\\Agro Waste\\vendor\\psy\\psysh\\src\\Exception\\ParseErrorException.php:44)
[stacktrace]
#0 D:\\ketapang\\Agro Waste\\vendor\\psy\\psysh\\src\\CodeCleaner.php(560): Psy\\Exception\\ParseErrorException::fromParseError(Object(PhpParser\\Error))
#1 D:\\ketapang\\Agro Waste\\vendor\\psy\\psysh\\src\\CodeCleaner.php(283): Psy\\CodeCleaner->parse('<?php echo 'Tot...', false)
#2 D:\\ketapang\\Agro Waste\\vendor\\psy\\psysh\\src\\Shell.php(934): Psy\\CodeCleaner->clean(Array, false)
#3 D:\\ketapang\\Agro Waste\\vendor\\psy\\psysh\\src\\Shell.php(968): Psy\\Shell->addCode('echo 'Total vid...', true)
#4 D:\\ketapang\\Agro Waste\\vendor\\psy\\psysh\\src\\Shell.php(1511): Psy\\Shell->setCode('echo 'Total vid...', true)
#5 D:\\ketapang\\Agro Waste\\vendor\\laravel\\tinker\\src\\Console\\TinkerCommand.php(76): Psy\\Shell->execute('echo 'Total vid...')
#6 D:\\ketapang\\Agro Waste\\vendor\\laravel\\framework\\src\\Illuminate\\Container\\BoundMethod.php(36): Laravel\\Tinker\\Console\\TinkerCommand->handle()
#7 D:\\ketapang\\Agro Waste\\vendor\\laravel\\framework\\src\\Illuminate\\Container\\Util.php(43): Illuminate\\Container\\BoundMethod::Illuminate\\Container\\{closure}()
#8 D:\\ketapang\\Agro Waste\\vendor\\laravel\\framework\\src\\Illuminate\\Container\\BoundMethod.php(95): Illuminate\\Container\\Util::unwrapIfClosure(Object(Closure))
#9 D:\\ketapang\\Agro Waste\\vendor\\laravel\\framework\\src\\Illuminate\\Container\\BoundMethod.php(35): Illuminate\\Container\\BoundMethod::callBoundMethod(Object(Illuminate\\Foundation\\Application), Array, Object(Closure))
#10 D:\\ketapang\\Agro Waste\\vendor\\laravel\\framework\\src\\Illuminate\\Container\\Container.php(696): Illuminate\\Container\\BoundMethod::call(Object(Illuminate\\Foundation\\Application), Array, Array, NULL)
#11 D:\\ketapang\\Agro Waste\\vendor\\laravel\\framework\\src\\Illuminate\\Console\\Command.php(213): Illuminate\\Container\\Container->call(Array)
#12 D:\\ketapang\\Agro Waste\\vendor\\symfony\\console\\Command\\Command.php(318): Illuminate\\Console\\Command->execute(Object(Symfony\\Component\\Console\\Input\\ArgvInput), Object(Illuminate\\Console\\OutputStyle))
#13 D:\\ketapang\\Agro Waste\\vendor\\laravel\\framework\\src\\Illuminate\\Console\\Command.php(182): Symfony\\Component\\Console\\Command\\Command->run(Object(Symfony\\Component\\Console\\Input\\ArgvInput), Object(Illuminate\\Console\\OutputStyle))
#14 D:\\ketapang\\Agro Waste\\vendor\\symfony\\console\\Application.php(1073): Illuminate\\Console\\Command->run(Object(Symfony\\Component\\Console\\Input\\ArgvInput), Object(Symfony\\Component\\Console\\Output\\ConsoleOutput))
#15 D:\\ketapang\\Agro Waste\\vendor\\symfony\\console\\Application.php(356): Symfony\\Component\\Console\\Application->doRunCommand(Object(Laravel\\Tinker\\Console\\TinkerCommand), Object(Symfony\\Component\\Console\\Input\\ArgvInput), Object(Symfony\\Component\\Console\\Output\\ConsoleOutput))
#16 D:\\ketapang\\Agro Waste\\vendor\\symfony\\console\\Application.php(195): Symfony\\Component\\Console\\Application->doRun(Object(Symfony\\Component\\Console\\Input\\ArgvInput), Object(Symfony\\Component\\Console\\Output\\ConsoleOutput))
#17 D:\\ketapang\\Agro Waste\\vendor\\laravel\\framework\\src\\Illuminate\\Foundation\\Console\\Kernel.php(198): Symfony\\Component\\Console\\Application->run(Object(Symfony\\Component\\Console\\Input\\ArgvInput), Object(Symfony\\Component\\Console\\Output\\ConsoleOutput))
#18 D:\\ketapang\\Agro Waste\\vendor\\laravel\\framework\\src\\Illuminate\\Foundation\\Application.php(1235): Illuminate\\Foundation\\Console\\Kernel->handle(Object(Symfony\\Component\\Console\\Input\\ArgvInput), Object(Symfony\\Component\\Console\\Output\\ConsoleOutput))
#19 D:\\ketapang\\Agro Waste\\artisan(13): Illuminate\\Foundation\\Application->handleCommand(Object(Symfony\\Component\\Console\\Input\\ArgvInput))
#20 {main}
"} 
[2025-11-24 21:34:37] local.ERROR: SQLSTATE[42000]: [Microsoft][ODBC Driver 17 for SQL Server][SQL Server]A column has been specified more than once in the order by list. Columns in the order by list must be unique. (Connection: sqlsrv, SQL: select * from [videos] where [videos].[module_id] in (1, 2, 3, 4, 5, 6) and [is_active] = 1 order by [order] asc, [order] asc) {"userId":5,"exception":"[object] (Illuminate\\Database\\QueryException(code: 42000): SQLSTATE[42000]: [Microsoft][ODBC Driver 17 for SQL Server][SQL Server]A column has been specified more than once in the order by list. Columns in the order by list must be unique. (Connection: sqlsrv, SQL: select * from [videos] where [videos].[module_id] in (1, 2, 3, 4, 5, 6) and [is_active] = 1 order by [order] asc, [order] asc) at D:\\ketapang\\Agro Waste\\vendor\\laravel\\framework\\src\\Illuminate\\Database\\Connection.php:825)
[stacktrace]
#0 D:\\ketapang\\Agro Waste\\vendor\\laravel\\framework\\src\\Illuminate\\Database\\Connection.php(779): Illuminate\\Database\\Connection->runQueryCallback('select * from [...', Array, Object(Closure))
#1 D:\\ketapang\\Agro Waste\\vendor\\laravel\\framework\\src\\Illuminate\\Database\\Connection.php(398): Illuminate\\Database\\Connection->run('select * from [...', Array, Object(Closure))
#2 D:\\ketapang\\Agro Waste\\vendor\\laravel\\framework\\src\\Illuminate\\Database\\Query\\Builder.php(3106): Illuminate\\Database\\Connection->select('select * from [...', Array, true)
#3 D:\\ketapang\\Agro Waste\\vendor\\laravel\\framework\\src\\Illuminate\\Database\\Query\\Builder.php(3091): Illuminate\\Database\\Query\\Builder->runSelect()
#4 D:\\ketapang\\Agro Waste\\vendor\\laravel\\framework\\src\\Illuminate\\Database\\Query\\Builder.php(3676): Illuminate\\Database\\Query\\Builder->Illuminate\\Database\\Query\\{closure}()
#5 D:\\ketapang\\Agro Waste\\vendor\\laravel\\framework\\src\\Illuminate\\Database\\Query\\Builder.php(3090): Illuminate\\Database\\Query\\Builder->onceWithColumns(Array, Object(Closure))
#6 D:\\ketapang\\Agro Waste\\vendor\\laravel\\framework\\src\\Illuminate\\Database\\Eloquent\\Builder.php(811): Illuminate\\Database\\Query\\Builder->get(Array)
#7 D:\\ketapang\\Agro Waste\\vendor\\laravel\\framework\\src\\Illuminate\\Database\\Eloquent\\Builder.php(793): Illuminate\\Database\\Eloquent\\Builder->getModels(Array)
#8 D:\\ketapang\\Agro Waste\\vendor\\laravel\\framework\\src\\Illuminate\\Database\\Eloquent\\Relations\\Relation.php(213): Illuminate\\Database\\Eloquent\\Builder->get(Array)
#9 D:\\ketapang\\Agro Waste\\vendor\\laravel\\framework\\src\\Illuminate\\Database\\Eloquent\\Relations\\Relation.php(176): Illuminate\\Database\\Eloquent\\Relations\\Relation->get()
#10 D:\\ketapang\\Agro Waste\\vendor\\laravel\\framework\\src\\Illuminate\\Database\\Eloquent\\Builder.php(859): Illuminate\\Database\\Eloquent\\Relations\\Relation->getEager()
#11 D:\\ketapang\\Agro Waste\\vendor\\laravel\\framework\\src\\Illuminate\\Database\\Eloquent\\Builder.php(828): Illuminate\\Database\\Eloquent\\Builder->eagerLoadRelation(Array, 'videos', Object(Closure))
#12 D:\\ketapang\\Agro Waste\\vendor\\laravel\\framework\\src\\Illuminate\\Database\\Eloquent\\Builder.php(794): Illuminate\\Database\\Eloquent\\Builder->eagerLoadRelations(Array)
#13 D:\\ketapang\\Agro Waste\\app\\Http\\Controllers\\VideoController.php(22): Illuminate\\Database\\Eloquent\\Builder->get()
#14 D:\\ketapang\\Agro Waste\\vendor\\laravel\\framework\\src\\Illuminate\\Routing\\ControllerDispatcher.php(47): App\\Http\\Controllers\\VideoController->index()
#15 D:\\ketapang\\Agro Waste\\vendor\\laravel\\framework\\src\\Illuminate\\Routing\\Route.php(266): Illuminate\\Routing\\ControllerDispatcher->dispatch(Object(Illuminate\\Routing\\Route), Object(App\\Http\\Controllers\\VideoController), 'index')
#16 D:\\ketapang\\Agro Waste\\vendor\\laravel\\framework\\src\\Illuminate\\Routing\\Route.php(212): Illuminate\\Routing\\Route->runController()
#17 D:\\ketapang\\Agro Waste\\vendor\\laravel\\framework\\src\\Illuminate\\Routing\\Router.php(808): Illuminate\\Routing\\Route->run()
#18 D:\\ketapang\\Agro Waste\\vendor\\laravel\\framework\\src\\Illuminate\\Pipeline\\Pipeline.php(170): Illuminate\\Routing\\Router->Illuminate\\Routing\\{closure}(Object(Illuminate\\Http\\Request))
#19 D:\\ketapang\\Agro Waste\\app\\Http\\Middleware\\Authenticate.php(18): Illuminate\\Pipeline\\Pipeline->Illuminate\\Pipeline\\{closure}(Object(Illuminate\\Http\\Request))
#20 D:\\ketapang\\Agro Waste\\vendor\\laravel\\framework\\src\\Illuminate\\Pipeline\\Pipeline.php(209): App\\Http\\Middleware\\Authenticate->handle(Object(Illuminate\\Http\\Request), Object(Closure))
#21 D:\\ketapang\\Agro Waste\\vendor\\inertiajs\\inertia-laravel\\src\\Middleware.php(96): Illuminate\\Pipeline\\Pipeline->Illuminate\\Pipeline\\{closure}(Object(Illuminate\\Http\\Request))
#22 D:\\ketapang\\Agro Waste\\vendor\\laravel\\framework\\src\\Illuminate\\Pipeline\\Pipeline.php(209): Inertia\\Middleware->handle(Object(Illuminate\\Http\\Request), Object(Closure))
#23 D:\\ketapang\\Agro Waste\\vendor\\laravel\\framework\\src\\Illuminate\\Routing\\Middleware\\SubstituteBindings.php(51): Illuminate\\Pipeline\\Pipeline->Illuminate\\Pipeline\\{closure}(Object(Illuminate\\Http\\Request))
#24 D:\\ketapang\\Agro Waste\\vendor\\laravel\\framework\\src\\Illuminate\\Pipeline\\Pipeline.php(209): Illuminate\\Routing\\Middleware\\SubstituteBindings->handle(Object(Illuminate\\Http\\Request), Object(Closure))
#25 D:\\ketapang\\Agro Waste\\vendor\\laravel\\framework\\src\\Illuminate\\Foundation\\Http\\Middleware\\VerifyCsrfToken.php(88): Illuminate\\Pipeline\\Pipeline->Illuminate\\Pipeline\\{closure}(Object(Illuminate\\Http\\Request))
#26 D:\\ketapang\\Agro Waste\\vendor\\laravel\\framework\\src\\Illuminate\\Pipeline\\Pipeline.php(209): Illuminate\\Foundation\\Http\\Middleware\\VerifyCsrfToken->handle(Object(Illuminate\\Http\\Request), Object(Closure))
#27 D:\\ketapang\\Agro Waste\\vendor\\laravel\\framework\\src\\Illuminate\\View\\Middleware\\ShareErrorsFromSession.php(49): Illuminate\\Pipeline\\Pipeline->Illuminate\\Pipeline\\{closure}(Object(Illuminate\\Http\\Request))
#28 D:\\ketapang\\Agro Waste\\vendor\\laravel\\framework\\src\\Illuminate\\Pipeline\\Pipeline.php(209): Illuminate\\View\\Middleware\\ShareErrorsFromSession->handle(Object(Illuminate\\Http\\Request), Object(Closure))
#29 D:\\ketapang\\Agro Waste\\vendor\\laravel\\framework\\src\\Illuminate\\Session\\Middleware\\StartSession.php(121): Illuminate\\Pipeline\\Pipeline->Illuminate\\Pipeline\\{closure}(Object(Illuminate\\Http\\Request))
#30 D:\\ketapang\\Agro Waste\\vendor\\laravel\\framework\\src\\Illuminate\\Session\\Middleware\\StartSession.php(64): Illuminate\\Session\\Middleware\\StartSession->handleStatefulRequest(Object(Illuminate\\Http\\Request), Object(Illuminate\\Session\\Store), Object(Closure))
#31 D:\\ketapang\\Agro Waste\\vendor\\laravel\\framework\\src\\Illuminate\\Pipeline\\Pipeline.php(209): Illuminate\\Session\\Middleware\\StartSession->handle(Object(Illuminate\\Http\\Request), Object(Closure))
#32 D:\\ketapang\\Agro Waste\\vendor\\laravel\\framework\\src\\Illuminate\\Cookie\\Middleware\\AddQueuedCookiesToResponse.php(37): Illuminate\\Pipeline\\Pipeline->Illuminate\\Pipeline\\{closure}(Object(Illuminate\\Http\\Request))
#33 D:\\ketapang\\Agro Waste\\vendor\\laravel\\framework\\src\\Illuminate\\Pipeline\\Pipeline.php(209): Illuminate\\Cookie\\Middleware\\AddQueuedCookiesToResponse->handle(Object(Illuminate\\Http\\Request), Object(Closure))
#34 D:\\ketapang\\Agro Waste\\vendor\\laravel\\framework\\src\\Illuminate\\Cookie\\Middleware\\EncryptCookies.php(75): Illuminate\\Pipeline\\Pipeline->Illuminate\\Pipeline\\{closure}(Object(Illuminate\\Http\\Request))
#35 D:\\ketapang\\Agro Waste\\vendor\\laravel\\framework\\src\\Illuminate\\Pipeline\\Pipeline.php(209): Illuminate\\Cookie\\Middleware\\EncryptCookies->handle(Object(Illuminate\\Http\\Request), Object(Closure))
#36 D:\\ketapang\\Agro Waste\\vendor\\laravel\\framework\\src\\Illuminate\\Pipeline\\Pipeline.php(127): Illuminate\\Pipeline\\Pipeline->Illuminate\\Pipeline\\{closure}(Object(Illuminate\\Http\\Request))
#37 D:\\ketapang\\Agro Waste\\vendor\\laravel\\framework\\src\\Illuminate\\Routing\\Router.php(807): Illuminate\\Pipeline\\Pipeline->then(Object(Closure))
#38 D:\\ketapang\\Agro Waste\\vendor\\laravel\\framework\\src\\Illuminate\\Routing\\Router.php(786): Illuminate\\Routing\\Router->runRouteWithinStack(Object(Illuminate\\Routing\\Route), Object(Illuminate\\Http\\Request))
#39 D:\\ketapang\\Agro Waste\\vendor\\laravel\\framework\\src\\Illuminate\\Routing\\Router.php(750): Illuminate\\Routing\\Router->runRoute(Object(Illuminate\\Http\\Request), Object(Illuminate\\Routing\\Route))
#40 D:\\ketapang\\Agro Waste\\vendor\\laravel\\framework\\src\\Illuminate\\Routing\\Router.php(739): Illuminate\\Routing\\Router->dispatchToRoute(Object(Illuminate\\Http\\Request))
#41 D:\\ketapang\\Agro Waste\\vendor\\laravel\\framework\\src\\Illuminate\\Foundation\\Http\\Kernel.php(201): Illuminate\\Routing\\Router->dispatch(Object(Illuminate\\Http\\Request))
#42 D:\\ketapang\\Agro Waste\\vendor\\laravel\\framework\\src\\Illuminate\\Pipeline\\Pipeline.php(170): Illuminate\\Foundation\\Http\\Kernel->Illuminate\\Foundation\\Http\\{closure}(Object(Illuminate\\Http\\Request))
#43 D:\\ketapang\\Agro Waste\\vendor\\laravel\\framework\\src\\Illuminate\\Foundation\\Http\\Middleware\\TransformsRequest.php(21): Illuminate\\Pipeline\\Pipeline->Illuminate\\Pipeline\\{closure}(Object(Illuminate\\Http\\Request))
#44 D:\\ketapang\\Agro Waste\\vendor\\laravel\\framework\\src\\Illuminate\\Foundation\\Http\\Middleware\\ConvertEmptyStringsToNull.php(31): Illuminate\\Foundation\\Http\\Middleware\\TransformsRequest->handle(Object(Illuminate\\Http\\Request), Object(Closure))
#45 D:\\ketapang\\Agro Waste\\vendor\\laravel\\framework\\src\\Illuminate\\Pipeline\\Pipeline.php(209): Illuminate\\Foundation\\Http\\Middleware\\ConvertEmptyStringsToNull->handle(Object(Illuminate\\Http\\Request), Object(Closure))
#46 D:\\ketapang\\Agro Waste\\vendor\\laravel\\framework\\src\\Illuminate\\Foundation\\Http\\Middleware\\TransformsRequest.php(21): Illuminate\\Pipeline\\Pipeline->Illuminate\\Pipeline\\{closure}(Object(Illuminate\\Http\\Request))
#47 D:\\ketapang\\Agro Waste\\vendor\\laravel\\framework\\src\\Illuminate\\Foundation\\Http\\Middleware\\TrimStrings.php(51): Illuminate\\Foundation\\Http\\Middleware\\TransformsRequest->handle(Object(Illuminate\\Http\\Request), Object(Closure))
#48 D:\\ketapang\\Agro Waste\\vendor\\laravel\\framework\\src\\Illuminate\\Pipeline\\Pipeline.php(209): Illuminate\\Foundation\\Http\\Middleware\\TrimStrings->handle(Object(Illuminate\\Http\\Request), Object(Closure))
#49 D:\\ketapang\\Agro Waste\\vendor\\laravel\\framework\\src\\Illuminate\\Http\\Middleware\\ValidatePostSize.php(27): Illuminate\\Pipeline\\Pipeline->Illuminate\\Pipeline\\{closure}(Object(Illuminate\\Http\\Request))
#50 D:\\ketapang\\Agro Waste\\vendor\\laravel\\framework\\src\\Illuminate\\Pipeline\\Pipeline.php(209): Illuminate\\Http\\Middleware\\ValidatePostSize->handle(Object(Illuminate\\Http\\Request), Object(Closure))
#51 D:\\ketapang\\Agro Waste\\vendor\\laravel\\framework\\src\\Illuminate\\Foundation\\Http\\Middleware\\PreventRequestsDuringMaintenance.php(110): Illuminate\\Pipeline\\Pipeline->Illuminate\\Pipeline\\{closure}(Object(Illuminate\\Http\\Request))
#52 D:\\ketapang\\Agro Waste\\vendor\\laravel\\framework\\src\\Illuminate\\Pipeline\\Pipeline.php(209): Illuminate\\Foundation\\Http\\Middleware\\PreventRequestsDuringMaintenance->handle(Object(Illuminate\\Http\\Request), Object(Closure))
#53 D:\\ketapang\\Agro Waste\\vendor\\laravel\\framework\\src\\Illuminate\\Http\\Middleware\\HandleCors.php(49): Illuminate\\Pipeline\\Pipeline->Illuminate\\Pipeline\\{closure}(Object(Illuminate\\Http\\Request))
#54 D:\\ketapang\\Agro Waste\\vendor\\laravel\\framework\\src\\Illuminate\\Pipeline\\Pipeline.php(209): Illuminate\\Http\\Middleware\\HandleCors->handle(Object(Illuminate\\Http\\Request), Object(Closure))
#55 D:\\ketapang\\Agro Waste\\vendor\\laravel\\framework\\src\\Illuminate\\Http\\Middleware\\TrustProxies.php(58): Illuminate\\Pipeline\\Pipeline->Illuminate\\Pipeline\\{closure}(Object(Illuminate\\Http\\Request))
#56 D:\\ketapang\\Agro Waste\\vendor\\laravel\\framework\\src\\Illuminate\\Pipeline\\Pipeline.php(209): Illuminate\\Http\\Middleware\\TrustProxies->handle(Object(Illuminate\\Http\\Request), Object(Closure))
#57 D:\\ketapang\\Agro Waste\\vendor\\laravel\\framework\\src\\Illuminate\\Foundation\\Http\\Middleware\\InvokeDeferredCallbacks.php(22): Illuminate\\Pipeline\\Pipeline->Illuminate\\Pipeline\\{closure}(Object(Illuminate\\Http\\Request))
#58 D:\\ketapang\\Agro Waste\\vendor\\laravel\\framework\\src\\Illuminate\\Pipeline\\Pipeline.php(209): Illuminate\\Foundation\\Http\\Middleware\\InvokeDeferredCallbacks->handle(Object(Illuminate\\Http\\Request), Object(Closure))
#59 D:\\ketapang\\Agro Waste\\vendor\\laravel\\framework\\src\\Illuminate\\Pipeline\\Pipeline.php(127): Illuminate\\Pipeline\\Pipeline->Illuminate\\Pipeline\\{closure}(Object(Illuminate\\Http\\Request))
#60 D:\\ketapang\\Agro Waste\\vendor\\laravel\\framework\\src\\Illuminate\\Foundation\\Http\\Kernel.php(176): Illuminate\\Pipeline\\Pipeline->then(Object(Closure))
#61 D:\\ketapang\\Agro Waste\\vendor\\laravel\\framework\\src\\Illuminate\\Foundation\\Http\\Kernel.php(145): Illuminate\\Foundation\\Http\\Kernel->sendRequestThroughRouter(Object(Illuminate\\Http\\Request))
#62 D:\\ketapang\\Agro Waste\\vendor\\laravel\\framework\\src\\Illuminate\\Foundation\\Application.php(1220): Illuminate\\Foundation\\Http\\Kernel->handle(Object(Illuminate\\Http\\Request))
#63 D:\\ketapang\\Agro Waste\\public\\index.php(17): Illuminate\\Foundation\\Application->handleRequest(Object(Illuminate\\Http\\Request))
#64 D:\\ketapang\\Agro Waste\\vendor\\laravel\\framework\\src\\Illuminate\\Foundation\\resources\\server.php(23): require_once('D:\\\\ketapang\\\\Agr...')
#65 {main}

[previous exception] [object] (PDOException(code: 42000): SQLSTATE[42000]: [Microsoft][ODBC Driver 17 for SQL Server][SQL Server]A column has been specified more than once in the order by list. Columns in the order by list must be unique. at D:\\ketapang\\Agro Waste\\vendor\\laravel\\framework\\src\\Illuminate\\Database\\Connection.php:412)
[stacktrace]
#0 D:\\ketapang\\Agro Waste\\vendor\\laravel\\framework\\src\\Illuminate\\Database\\Connection.php(412): PDOStatement->execute()
#1 D:\\ketapang\\Agro Waste\\vendor\\laravel\\framework\\src\\Illuminate\\Database\\Connection.php(812): Illuminate\\Database\\Connection->Illuminate\\Database\\{closure}('select * from [...', Array)
#2 D:\\ketapang\\Agro Waste\\vendor\\laravel\\framework\\src\\Illuminate\\Database\\Connection.php(779): Illuminate\\Database\\Connection->runQueryCallback('select * from [...', Array, Object(Closure))
#3 D:\\ketapang\\Agro Waste\\vendor\\laravel\\framework\\src\\Illuminate\\Database\\Connection.php(398): Illuminate\\Database\\Connection->run('select * from [...', Array, Object(Closure))
#4 D:\\ketapang\\Agro Waste\\vendor\\laravel\\framework\\src\\Illuminate\\Database\\Query\\Builder.php(3106): Illuminate\\Database\\Connection->select('select * from [...', Array, true)
#5 D:\\ketapang\\Agro Waste\\vendor\\laravel\\framework\\src\\Illuminate\\Database\\Query\\Builder.php(3091): Illuminate\\Database\\Query\\Builder->runSelect()
#6 D:\\ketapang\\Agro Waste\\vendor\\laravel\\framework\\src\\Illuminate\\Database\\Query\\Builder.php(3676): Illuminate\\Database\\Query\\Builder->Illuminate\\Database\\Query\\{closure}()
#7 D:\\ketapang\\Agro Waste\\vendor\\laravel\\framework\\src\\Illuminate\\Database\\Query\\Builder.php(3090): Illuminate\\Database\\Query\\Builder->onceWithColumns(Array, Object(Closure))
#8 D:\\ketapang\\Agro Waste\\vendor\\laravel\\framework\\src\\Illuminate\\Database\\Eloquent\\Builder.php(811): Illuminate\\Database\\Query\\Builder->get(Array)
#9 D:\\ketapang\\Agro Waste\\vendor\\laravel\\framework\\src\\Illuminate\\Database\\Eloquent\\Builder.php(793): Illuminate\\Database\\Eloquent\\Builder->getModels(Array)
#10 D:\\ketapang\\Agro Waste\\vendor\\laravel\\framework\\src\\Illuminate\\Database\\Eloquent\\Relations\\Relation.php(213): Illuminate\\Database\\Eloquent\\Builder->get(Array)
#11 D:\\ketapang\\Agro Waste\\vendor\\laravel\\framework\\src\\Illuminate\\Database\\Eloquent\\Relations\\Relation.php(176): Illuminate\\Database\\Eloquent\\Relations\\Relation->get()
#12 D:\\ketapang\\Agro Waste\\vendor\\laravel\\framework\\src\\Illuminate\\Database\\Eloquent\\Builder.php(859): Illuminate\\Database\\Eloquent\\Relations\\Relation->getEager()
#13 D:\\ketapang\\Agro Waste\\vendor\\laravel\\framework\\src\\Illuminate\\Database\\Eloquent\\Builder.php(828): Illuminate\\Database\\Eloquent\\Builder->eagerLoadRelation(Array, 'videos', Object(Closure))
#14 D:\\ketapang\\Agro Waste\\vendor\\laravel\\framework\\src\\Illuminate\\Database\\Eloquent\\Builder.php(794): Illuminate\\Database\\Eloquent\\Builder->eagerLoadRelations(Array)
#15 D:\\ketapang\\Agro Waste\\app\\Http\\Controllers\\VideoController.php(22): Illuminate\\Database\\Eloquent\\Builder->get()
#16 D:\\ketapang\\Agro Waste\\vendor\\laravel\\framework\\src\\Illuminate\\Routing\\ControllerDispatcher.php(47): App\\Http\\Controllers\\VideoController->index()
#17 D:\\ketapang\\Agro Waste\\vendor\\laravel\\framework\\src\\Illuminate\\Routing\\Route.php(266): Illuminate\\Routing\\ControllerDispatcher->dispatch(Object(Illuminate\\Routing\\Route), Object(App\\Http\\Controllers\\VideoController), 'index')
#18 D:\\ketapang\\Agro Waste\\vendor\\laravel\\framework\\src\\Illuminate\\Routing\\Route.php(212): Illuminate\\Routing\\Route->runController()
#19 D:\\ketapang\\Agro Waste\\vendor\\laravel\\framework\\src\\Illuminate\\Routing\\Router.php(808): Illuminate\\Routing\\Route->run()
#20 D:\\ketapang\\Agro Waste\\vendor\\laravel\\framework\\src\\Illuminate\\Pipeline\\Pipeline.php(170): Illuminate\\Routing\\Router->Illuminate\\Routing\\{closure}(Object(Illuminate\\Http\\Request))
#21 D:\\ketapang\\Agro Waste\\app\\Http\\Middleware\\Authenticate.php(18): Illuminate\\Pipeline\\Pipeline->Illuminate\\Pipeline\\{closure}(Object(Illuminate\\Http\\Request))
#22 D:\\ketapang\\Agro Waste\\vendor\\laravel\\framework\\src\\Illuminate\\Pipeline\\Pipeline.php(209): App\\Http\\Middleware\\Authenticate->handle(Object(Illuminate\\Http\\Request), Object(Closure))
#23 D:\\ketapang\\Agro Waste\\vendor\\inertiajs\\inertia-laravel\\src\\Middleware.php(96): Illuminate\\Pipeline\\Pipeline->Illuminate\\Pipeline\\{closure}(Object(Illuminate\\Http\\Request))
#24 D:\\ketapang\\Agro Waste\\vendor\\laravel\\framework\\src\\Illuminate\\Pipeline\\Pipeline.php(209): Inertia\\Middleware->handle(Object(Illuminate\\Http\\Request), Object(Closure))
#25 D:\\ketapang\\Agro Waste\\vendor\\laravel\\framework\\src\\Illuminate\\Routing\\Middleware\\SubstituteBindings.php(51): Illuminate\\Pipeline\\Pipeline->Illuminate\\Pipeline\\{closure}(Object(Illuminate\\Http\\Request))
#26 D:\\ketapang\\Agro Waste\\vendor\\laravel\\framework\\src\\Illuminate\\Pipeline\\Pipeline.php(209): Illuminate\\Routing\\Middleware\\SubstituteBindings->handle(Object(Illuminate\\Http\\Request), Object(Closure))
#27 D:\\ketapang\\Agro Waste\\vendor\\laravel\\framework\\src\\Illuminate\\Foundation\\Http\\Middleware\\VerifyCsrfToken.php(88): Illuminate\\Pipeline\\Pipeline->Illuminate\\Pipeline\\{closure}(Object(Illuminate\\Http\\Request))
#28 D:\\ketapang\\Agro Waste\\vendor\\laravel\\framework\\src\\Illuminate\\Pipeline\\Pipeline.php(209): Illuminate\\Foundation\\Http\\Middleware\\VerifyCsrfToken->handle(Object(Illuminate\\Http\\Request), Object(Closure))
#29 D:\\ketapang\\Agro Waste\\vendor\\laravel\\framework\\src\\Illuminate\\View\\Middleware\\ShareErrorsFromSession.php(49): Illuminate\\Pipeline\\Pipeline->Illuminate\\Pipeline\\{closure}(Object(Illuminate\\Http\\Request))
#30 D:\\ketapang\\Agro Waste\\vendor\\laravel\\framework\\src\\Illuminate\\Pipeline\\Pipeline.php(209): Illuminate\\View\\Middleware\\ShareErrorsFromSession->handle(Object(Illuminate\\Http\\Request), Object(Closure))
#31 D:\\ketapang\\Agro Waste\\vendor\\laravel\\framework\\src\\Illuminate\\Session\\Middleware\\StartSession.php(121): Illuminate\\Pipeline\\Pipeline->Illuminate\\Pipeline\\{closure}(Object(Illuminate\\Http\\Request))
#32 D:\\ketapang\\Agro Waste\\vendor\\laravel\\framework\\src\\Illuminate\\Session\\Middleware\\StartSession.php(64): Illuminate\\Session\\Middleware\\StartSession->handleStatefulRequest(Object(Illuminate\\Http\\Request), Object(Illuminate\\Session\\Store), Object(Closure))
#33 D:\\ketapang\\Agro Waste\\vendor\\laravel\\framework\\src\\Illuminate\\Pipeline\\Pipeline.php(209): Illuminate\\Session\\Middleware\\StartSession->handle(Object(Illuminate\\Http\\Request), Object(Closure))
#34 D:\\ketapang\\Agro Waste\\vendor\\laravel\\framework\\src\\Illuminate\\Cookie\\Middleware\\AddQueuedCookiesToResponse.php(37): Illuminate\\Pipeline\\Pipeline->Illuminate\\Pipeline\\{closure}(Object(Illuminate\\Http\\Request))
#35 D:\\ketapang\\Agro Waste\\vendor\\laravel\\framework\\src\\Illuminate\\Pipeline\\Pipeline.php(209): Illuminate\\Cookie\\Middleware\\AddQueuedCookiesToResponse->handle(Object(Illuminate\\Http\\Request), Object(Closure))
#36 D:\\ketapang\\Agro Waste\\vendor\\laravel\\framework\\src\\Illuminate\\Cookie\\Middleware\\EncryptCookies.php(75): Illuminate\\Pipeline\\Pipeline->Illuminate\\Pipeline\\{closure}(Object(Illuminate\\Http\\Request))
#37 D:\\ketapang\\Agro Waste\\vendor\\laravel\\framework\\src\\Illuminate\\Pipeline\\Pipeline.php(209): Illuminate\\Cookie\\Middleware\\EncryptCookies->handle(Object(Illuminate\\Http\\Request), Object(Closure))
#38 D:\\ketapang\\Agro Waste\\vendor\\laravel\\framework\\src\\Illuminate\\Pipeline\\Pipeline.php(127): Illuminate\\Pipeline\\Pipeline->Illuminate\\Pipeline\\{closure}(Object(Illuminate\\Http\\Request))
#39 D:\\ketapang\\Agro Waste\\vendor\\laravel\\framework\\src\\Illuminate\\Routing\\Router.php(807): Illuminate\\Pipeline\\Pipeline->then(Object(Closure))
#40 D:\\ketapang\\Agro Waste\\vendor\\laravel\\framework\\src\\Illuminate\\Routing\\Router.php(786): Illuminate\\Routing\\Router->runRouteWithinStack(Object(Illuminate\\Routing\\Route), Object(Illuminate\\Http\\Request))
#41 D:\\ketapang\\Agro Waste\\vendor\\laravel\\framework\\src\\Illuminate\\Routing\\Router.php(750): Illuminate\\Routing\\Router->runRoute(Object(Illuminate\\Http\\Request), Object(Illuminate\\Routing\\Route))
#42 D:\\ketapang\\Agro Waste\\vendor\\laravel\\framework\\src\\Illuminate\\Routing\\Router.php(739): Illuminate\\Routing\\Router->dispatchToRoute(Object(Illuminate\\Http\\Request))
#43 D:\\ketapang\\Agro Waste\\vendor\\laravel\\framework\\src\\Illuminate\\Foundation\\Http\\Kernel.php(201): Illuminate\\Routing\\Router->dispatch(Object(Illuminate\\Http\\Request))
#44 D:\\ketapang\\Agro Waste\\vendor\\laravel\\framework\\src\\Illuminate\\Pipeline\\Pipeline.php(170): Illuminate\\Foundation\\Http\\Kernel->Illuminate\\Foundation\\Http\\{closure}(Object(Illuminate\\Http\\Request))
#45 D:\\ketapang\\Agro Waste\\vendor\\laravel\\framework\\src\\Illuminate\\Foundation\\Http\\Middleware\\TransformsRequest.php(21): Illuminate\\Pipeline\\Pipeline->Illuminate\\Pipeline\\{closure}(Object(Illuminate\\Http\\Request))
#46 D:\\ketapang\\Agro Waste\\vendor\\laravel\\framework\\src\\Illuminate\\Foundation\\Http\\Middleware\\ConvertEmptyStringsToNull.php(31): Illuminate\\Foundation\\Http\\Middleware\\TransformsRequest->handle(Object(Illuminate\\Http\\Request), Object(Closure))
#47 D:\\ketapang\\Agro Waste\\vendor\\laravel\\framework\\src\\Illuminate\\Pipeline\\Pipeline.php(209): Illuminate\\Foundation\\Http\\Middleware\\ConvertEmptyStringsToNull->handle(Object(Illuminate\\Http\\Request), Object(Closure))
#48 D:\\ketapang\\Agro Waste\\vendor\\laravel\\framework\\src\\Illuminate\\Foundation\\Http\\Middleware\\TransformsRequest.php(21): Illuminate\\Pipeline\\Pipeline->Illuminate\\Pipeline\\{closure}(Object(Illuminate\\Http\\Request))
#49 D:\\ketapang\\Agro Waste\\vendor\\laravel\\framework\\src\\Illuminate\\Foundation\\Http\\Middleware\\TrimStrings.php(51): Illuminate\\Foundation\\Http\\Middleware\\TransformsRequest->handle(Object(Illuminate\\Http\\Request), Object(Closure))
#50 D:\\ketapang\\Agro Waste\\vendor\\laravel\\framework\\src\\Illuminate\\Pipeline\\Pipeline.php(209): Illuminate\\Foundation\\Http\\Middleware\\TrimStrings->handle(Object(Illuminate\\Http\\Request), Object(Closure))
#51 D:\\ketapang\\Agro Waste\\vendor\\laravel\\framework\\src\\Illuminate\\Http\\Middleware\\ValidatePostSize.php(27): Illuminate\\Pipeline\\Pipeline->Illuminate\\Pipeline\\{closure}(Object(Illuminate\\Http\\Request))
#52 D:\\ketapang\\Agro Waste\\vendor\\laravel\\framework\\src\\Illuminate\\Pipeline\\Pipeline.php(209): Illuminate\\Http\\Middleware\\ValidatePostSize->handle(Object(Illuminate\\Http\\Request), Object(Closure))
#53 D:\\ketapang\\Agro Waste\\vendor\\laravel\\framework\\src\\Illuminate\\Foundation\\Http\\Middleware\\PreventRequestsDuringMaintenance.php(110): Illuminate\\Pipeline\\Pipeline->Illuminate\\Pipeline\\{closure}(Object(Illuminate\\Http\\Request))
#54 D:\\ketapang\\Agro Waste\\vendor\\laravel\\framework\\src\\Illuminate\\Pipeline\\Pipeline.php(209): Illuminate\\Foundation\\Http\\Middleware\\PreventRequestsDuringMaintenance->handle(Object(Illuminate\\Http\\Request), Object(Closure))
#55 D:\\ketapang\\Agro Waste\\vendor\\laravel\\framework\\src\\Illuminate\\Http\\Middleware\\HandleCors.php(49): Illuminate\\Pipeline\\Pipeline->Illuminate\\Pipeline\\{closure}(Object(Illuminate\\Http\\Request))
#56 D:\\ketapang\\Agro Waste\\vendor\\laravel\\framework\\src\\Illuminate\\Pipeline\\Pipeline.php(209): Illuminate\\Http\\Middleware\\HandleCors->handle(Object(Illuminate\\Http\\Request), Object(Closure))
#57 D:\\ketapang\\Agro Waste\\vendor\\laravel\\framework\\src\\Illuminate\\Http\\Middleware\\TrustProxies.php(58): Illuminate\\Pipeline\\Pipeline->Illuminate\\Pipeline\\{closure}(Object(Illuminate\\Http\\Request))
#58 D:\\ketapang\\Agro Waste\\vendor\\laravel\\framework\\src\\Illuminate\\Pipeline\\Pipeline.php(209): Illuminate\\Http\\Middleware\\TrustProxies->handle(Object(Illuminate\\Http\\Request), Object(Closure))
#59 D:\\ketapang\\Agro Waste\\vendor\\laravel\\framework\\src\\Illuminate\\Foundation\\Http\\Middleware\\InvokeDeferredCallbacks.php(22): Illuminate\\Pipeline\\Pipeline->Illuminate\\Pipeline\\{closure}(Object(Illuminate\\Http\\Request))
#60 D:\\ketapang\\Agro Waste\\vendor\\laravel\\framework\\src\\Illuminate\\Pipeline\\Pipeline.php(209): Illuminate\\Foundation\\Http\\Middleware\\InvokeDeferredCallbacks->handle(Object(Illuminate\\Http\\Request), Object(Closure))
#61 D:\\ketapang\\Agro Waste\\vendor\\laravel\\framework\\src\\Illuminate\\Pipeline\\Pipeline.php(127): Illuminate\\Pipeline\\Pipeline->Illuminate\\Pipeline\\{closure}(Object(Illuminate\\Http\\Request))
#62 D:\\ketapang\\Agro Waste\\vendor\\laravel\\framework\\src\\Illuminate\\Foundation\\Http\\Kernel.php(176): Illuminate\\Pipeline\\Pipeline->then(Object(Closure))
#63 D:\\ketapang\\Agro Waste\\vendor\\laravel\\framework\\src\\Illuminate\\Foundation\\Http\\Kernel.php(145): Illuminate\\Foundation\\Http\\Kernel->sendRequestThroughRouter(Object(Illuminate\\Http\\Request))
#64 D:\\ketapang\\Agro Waste\\vendor\\laravel\\framework\\src\\Illuminate\\Foundation\\Application.php(1220): Illuminate\\Foundation\\Http\\Kernel->handle(Object(Illuminate\\Http\\Request))
#65 D:\\ketapang\\Agro Waste\\public\\index.php(17): Illuminate\\Foundation\\Application->handleRequest(Object(Illuminate\\Http\\Request))
#66 D:\\ketapang\\Agro Waste\\vendor\\laravel\\framework\\src\\Illuminate\\Foundation\\resources\\server.php(23): require_once('D:\\\\ketapang\\\\Agr...')
#67 {main}
"} 
[2025-11-24 21:34:47] local.ERROR: SQLSTATE[42000]: [Microsoft][ODBC Driver 17 for SQL Server][SQL Server]A column has been specified more than once in the order by list. Columns in the order by list must be unique. (Connection: sqlsrv, SQL: select * from [videos] where [videos].[module_id] in (1, 2, 3, 4, 5, 6) and [is_active] = 1 order by [order] asc, [order] asc) {"userId":5,"exception":"[object] (Illuminate\\Database\\QueryException(code: 42000): SQLSTATE[42000]: [Microsoft][ODBC Driver 17 for SQL Server][SQL Server]A column has been specified more than once in the order by list. Columns in the order by list must be unique. (Connection: sqlsrv, SQL: select * from [videos] where [videos].[module_id] in (1, 2, 3, 4, 5, 6) and [is_active] = 1 order by [order] asc, [order] asc) at D:\\ketapang\\Agro Waste\\vendor\\laravel\\framework\\src\\Illuminate\\Database\\Connection.php:825)
[stacktrace]
#0 D:\\ketapang\\Agro Waste\\vendor\\laravel\\framework\\src\\Illuminate\\Database\\Connection.php(779): Illuminate\\Database\\Connection->runQueryCallback('select * from [...', Array, Object(Closure))
#1 D:\\ketapang\\Agro Waste\\vendor\\laravel\\framework\\src\\Illuminate\\Database\\Connection.php(398): Illuminate\\Database\\Connection->run('select * from [...', Array, Object(Closure))
#2 D:\\ketapang\\Agro Waste\\vendor\\laravel\\framework\\src\\Illuminate\\Database\\Query\\Builder.php(3106): Illuminate\\Database\\Connection->select('select * from [...', Array, true)
#3 D:\\ketapang\\Agro Waste\\vendor\\laravel\\framework\\src\\Illuminate\\Database\\Query\\Builder.php(3091): Illuminate\\Database\\Query\\Builder->runSelect()
#4 D:\\ketapang\\Agro Waste\\vendor\\laravel\\framework\\src\\Illuminate\\Database\\Query\\Builder.php(3676): Illuminate\\Database\\Query\\Builder->Illuminate\\Database\\Query\\{closure}()
#5 D:\\ketapang\\Agro Waste\\vendor\\laravel\\framework\\src\\Illuminate\\Database\\Query\\Builder.php(3090): Illuminate\\Database\\Query\\Builder->onceWithColumns(Array, Object(Closure))
#6 D:\\ketapang\\Agro Waste\\vendor\\laravel\\framework\\src\\Illuminate\\Database\\Eloquent\\Builder.php(811): Illuminate\\Database\\Query\\Builder->get(Array)
#7 D:\\ketapang\\Agro Waste\\vendor\\laravel\\framework\\src\\Illuminate\\Database\\Eloquent\\Builder.php(793): Illuminate\\Database\\Eloquent\\Builder->getModels(Array)
#8 D:\\ketapang\\Agro Waste\\vendor\\laravel\\framework\\src\\Illuminate\\Database\\Eloquent\\Relations\\Relation.php(213): Illuminate\\Database\\Eloquent\\Builder->get(Array)
#9 D:\\ketapang\\Agro Waste\\vendor\\laravel\\framework\\src\\Illuminate\\Database\\Eloquent\\Relations\\Relation.php(176): Illuminate\\Database\\Eloquent\\Relations\\Relation->get()
#10 D:\\ketapang\\Agro Waste\\vendor\\laravel\\framework\\src\\Illuminate\\Database\\Eloquent\\Builder.php(859): Illuminate\\Database\\Eloquent\\Relations\\Relation->getEager()
#11 D:\\ketapang\\Agro Waste\\vendor\\laravel\\framework\\src\\Illuminate\\Database\\Eloquent\\Builder.php(828): Illuminate\\Database\\Eloquent\\Builder->eagerLoadRelation(Array, 'videos', Object(Closure))
#12 D:\\ketapang\\Agro Waste\\vendor\\laravel\\framework\\src\\Illuminate\\Database\\Eloquent\\Builder.php(794): Illuminate\\Database\\Eloquent\\Builder->eagerLoadRelations(Array)
#13 D:\\ketapang\\Agro Waste\\app\\Http\\Controllers\\VideoController.php(22): Illuminate\\Database\\Eloquent\\Builder->get()
#14 D:\\ketapang\\Agro Waste\\vendor\\laravel\\framework\\src\\Illuminate\\Routing\\ControllerDispatcher.php(47): App\\Http\\Controllers\\VideoController->index()
#15 D:\\ketapang\\Agro Waste\\vendor\\laravel\\framework\\src\\Illuminate\\Routing\\Route.php(266): Illuminate\\Routing\\ControllerDispatcher->dispatch(Object(Illuminate\\Routing\\Route), Object(App\\Http\\Controllers\\VideoController), 'index')
#16 D:\\ketapang\\Agro Waste\\vendor\\laravel\\framework\\src\\Illuminate\\Routing\\Route.php(212): Illuminate\\Routing\\Route->runController()
#17 D:\\ketapang\\Agro Waste\\vendor\\laravel\\framework\\src\\Illuminate\\Routing\\Router.php(808): Illuminate\\Routing\\Route->run()
#18 D:\\ketapang\\Agro Waste\\vendor\\laravel\\framework\\src\\Illuminate\\Pipeline\\Pipeline.php(170): Illuminate\\Routing\\Router->Illuminate\\Routing\\{closure}(Object(Illuminate\\Http\\Request))
#19 D:\\ketapang\\Agro Waste\\app\\Http\\Middleware\\Authenticate.php(18): Illuminate\\Pipeline\\Pipeline->Illuminate\\Pipeline\\{closure}(Object(Illuminate\\Http\\Request))
#20 D:\\ketapang\\Agro Waste\\vendor\\laravel\\framework\\src\\Illuminate\\Pipeline\\Pipeline.php(209): App\\Http\\Middleware\\Authenticate->handle(Object(Illuminate\\Http\\Request), Object(Closure))
#21 D:\\ketapang\\Agro Waste\\vendor\\inertiajs\\inertia-laravel\\src\\Middleware.php(96): Illuminate\\Pipeline\\Pipeline->Illuminate\\Pipeline\\{closure}(Object(Illuminate\\Http\\Request))
#22 D:\\ketapang\\Agro Waste\\vendor\\laravel\\framework\\src\\Illuminate\\Pipeline\\Pipeline.php(209): Inertia\\Middleware->handle(Object(Illuminate\\Http\\Request), Object(Closure))
#23 D:\\ketapang\\Agro Waste\\vendor\\laravel\\framework\\src\\Illuminate\\Routing\\Middleware\\SubstituteBindings.php(51): Illuminate\\Pipeline\\Pipeline->Illuminate\\Pipeline\\{closure}(Object(Illuminate\\Http\\Request))
#24 D:\\ketapang\\Agro Waste\\vendor\\laravel\\framework\\src\\Illuminate\\Pipeline\\Pipeline.php(209): Illuminate\\Routing\\Middleware\\SubstituteBindings->handle(Object(Illuminate\\Http\\Request), Object(Closure))
#25 D:\\ketapang\\Agro Waste\\vendor\\laravel\\framework\\src\\Illuminate\\Foundation\\Http\\Middleware\\VerifyCsrfToken.php(88): Illuminate\\Pipeline\\Pipeline->Illuminate\\Pipeline\\{closure}(Object(Illuminate\\Http\\Request))
#26 D:\\ketapang\\Agro Waste\\vendor\\laravel\\framework\\src\\Illuminate\\Pipeline\\Pipeline.php(209): Illuminate\\Foundation\\Http\\Middleware\\VerifyCsrfToken->handle(Object(Illuminate\\Http\\Request), Object(Closure))
#27 D:\\ketapang\\Agro Waste\\vendor\\laravel\\framework\\src\\Illuminate\\View\\Middleware\\ShareErrorsFromSession.php(49): Illuminate\\Pipeline\\Pipeline->Illuminate\\Pipeline\\{closure}(Object(Illuminate\\Http\\Request))
#28 D:\\ketapang\\Agro Waste\\vendor\\laravel\\framework\\src\\Illuminate\\Pipeline\\Pipeline.php(209): Illuminate\\View\\Middleware\\ShareErrorsFromSession->handle(Object(Illuminate\\Http\\Request), Object(Closure))
#29 D:\\ketapang\\Agro Waste\\vendor\\laravel\\framework\\src\\Illuminate\\Session\\Middleware\\StartSession.php(121): Illuminate\\Pipeline\\Pipeline->Illuminate\\Pipeline\\{closure}(Object(Illuminate\\Http\\Request))
#30 D:\\ketapang\\Agro Waste\\vendor\\laravel\\framework\\src\\Illuminate\\Session\\Middleware\\StartSession.php(64): Illuminate\\Session\\Middleware\\StartSession->handleStatefulRequest(Object(Illuminate\\Http\\Request), Object(Illuminate\\Session\\Store), Object(Closure))
#31 D:\\ketapang\\Agro Waste\\vendor\\laravel\\framework\\src\\Illuminate\\Pipeline\\Pipeline.php(209): Illuminate\\Session\\Middleware\\StartSession->handle(Object(Illuminate\\Http\\Request), Object(Closure))
#32 D:\\ketapang\\Agro Waste\\vendor\\laravel\\framework\\src\\Illuminate\\Cookie\\Middleware\\AddQueuedCookiesToResponse.php(37): Illuminate\\Pipeline\\Pipeline->Illuminate\\Pipeline\\{closure}(Object(Illuminate\\Http\\Request))
#33 D:\\ketapang\\Agro Waste\\vendor\\laravel\\framework\\src\\Illuminate\\Pipeline\\Pipeline.php(209): Illuminate\\Cookie\\Middleware\\AddQueuedCookiesToResponse->handle(Object(Illuminate\\Http\\Request), Object(Closure))
#34 D:\\ketapang\\Agro Waste\\vendor\\laravel\\framework\\src\\Illuminate\\Cookie\\Middleware\\EncryptCookies.php(75): Illuminate\\Pipeline\\Pipeline->Illuminate\\Pipeline\\{closure}(Object(Illuminate\\Http\\Request))
#35 D:\\ketapang\\Agro Waste\\vendor\\laravel\\framework\\src\\Illuminate\\Pipeline\\Pipeline.php(209): Illuminate\\Cookie\\Middleware\\EncryptCookies->handle(Object(Illuminate\\Http\\Request), Object(Closure))
#36 D:\\ketapang\\Agro Waste\\vendor\\laravel\\framework\\src\\Illuminate\\Pipeline\\Pipeline.php(127): Illuminate\\Pipeline\\Pipeline->Illuminate\\Pipeline\\{closure}(Object(Illuminate\\Http\\Request))
#37 D:\\ketapang\\Agro Waste\\vendor\\laravel\\framework\\src\\Illuminate\\Routing\\Router.php(807): Illuminate\\Pipeline\\Pipeline->then(Object(Closure))
#38 D:\\ketapang\\Agro Waste\\vendor\\laravel\\framework\\src\\Illuminate\\Routing\\Router.php(786): Illuminate\\Routing\\Router->runRouteWithinStack(Object(Illuminate\\Routing\\Route), Object(Illuminate\\Http\\Request))
#39 D:\\ketapang\\Agro Waste\\vendor\\laravel\\framework\\src\\Illuminate\\Routing\\Router.php(750): Illuminate\\Routing\\Router->runRoute(Object(Illuminate\\Http\\Request), Object(Illuminate\\Routing\\Route))
#40 D:\\ketapang\\Agro Waste\\vendor\\laravel\\framework\\src\\Illuminate\\Routing\\Router.php(739): Illuminate\\Routing\\Router->dispatchToRoute(Object(Illuminate\\Http\\Request))
#41 D:\\ketapang\\Agro Waste\\vendor\\laravel\\framework\\src\\Illuminate\\Foundation\\Http\\Kernel.php(201): Illuminate\\Routing\\Router->dispatch(Object(Illuminate\\Http\\Request))
#42 D:\\ketapang\\Agro Waste\\vendor\\laravel\\framework\\src\\Illuminate\\Pipeline\\Pipeline.php(170): Illuminate\\Foundation\\Http\\Kernel->Illuminate\\Foundation\\Http\\{closure}(Object(Illuminate\\Http\\Request))
#43 D:\\ketapang\\Agro Waste\\vendor\\laravel\\framework\\src\\Illuminate\\Foundation\\Http\\Middleware\\TransformsRequest.php(21): Illuminate\\Pipeline\\Pipeline->Illuminate\\Pipeline\\{closure}(Object(Illuminate\\Http\\Request))
#44 D:\\ketapang\\Agro Waste\\vendor\\laravel\\framework\\src\\Illuminate\\Foundation\\Http\\Middleware\\ConvertEmptyStringsToNull.php(31): Illuminate\\Foundation\\Http\\Middleware\\TransformsRequest->handle(Object(Illuminate\\Http\\Request), Object(Closure))
#45 D:\\ketapang\\Agro Waste\\vendor\\laravel\\framework\\src\\Illuminate\\Pipeline\\Pipeline.php(209): Illuminate\\Foundation\\Http\\Middleware\\ConvertEmptyStringsToNull->handle(Object(Illuminate\\Http\\Request), Object(Closure))
#46 D:\\ketapang\\Agro Waste\\vendor\\laravel\\framework\\src\\Illuminate\\Foundation\\Http\\Middleware\\TransformsRequest.php(21): Illuminate\\Pipeline\\Pipeline->Illuminate\\Pipeline\\{closure}(Object(Illuminate\\Http\\Request))
#47 D:\\ketapang\\Agro Waste\\vendor\\laravel\\framework\\src\\Illuminate\\Foundation\\Http\\Middleware\\TrimStrings.php(51): Illuminate\\Foundation\\Http\\Middleware\\TransformsRequest->handle(Object(Illuminate\\Http\\Request), Object(Closure))
#48 D:\\ketapang\\Agro Waste\\vendor\\laravel\\framework\\src\\Illuminate\\Pipeline\\Pipeline.php(209): Illuminate\\Foundation\\Http\\Middleware\\TrimStrings->handle(Object(Illuminate\\Http\\Request), Object(Closure))
#49 D:\\ketapang\\Agro Waste\\vendor\\laravel\\framework\\src\\Illuminate\\Http\\Middleware\\ValidatePostSize.php(27): Illuminate\\Pipeline\\Pipeline->Illuminate\\Pipeline\\{closure}(Object(Illuminate\\Http\\Request))
#50 D:\\ketapang\\Agro Waste\\vendor\\laravel\\framework\\src\\Illuminate\\Pipeline\\Pipeline.php(209): Illuminate\\Http\\Middleware\\ValidatePostSize->handle(Object(Illuminate\\Http\\Request), Object(Closure))
#51 D:\\ketapang\\Agro Waste\\vendor\\laravel\\framework\\src\\Illuminate\\Foundation\\Http\\Middleware\\PreventRequestsDuringMaintenance.php(110): Illuminate\\Pipeline\\Pipeline->Illuminate\\Pipeline\\{closure}(Object(Illuminate\\Http\\Request))
#52 D:\\ketapang\\Agro Waste\\vendor\\laravel\\framework\\src\\Illuminate\\Pipeline\\Pipeline.php(209): Illuminate\\Foundation\\Http\\Middleware\\PreventRequestsDuringMaintenance->handle(Object(Illuminate\\Http\\Request), Object(Closure))
#53 D:\\ketapang\\Agro Waste\\vendor\\laravel\\framework\\src\\Illuminate\\Http\\Middleware\\HandleCors.php(49): Illuminate\\Pipeline\\Pipeline->Illuminate\\Pipeline\\{closure}(Object(Illuminate\\Http\\Request))
#54 D:\\ketapang\\Agro Waste\\vendor\\laravel\\framework\\src\\Illuminate\\Pipeline\\Pipeline.php(209): Illuminate\\Http\\Middleware\\HandleCors->handle(Object(Illuminate\\Http\\Request), Object(Closure))
#55 D:\\ketapang\\Agro Waste\\vendor\\laravel\\framework\\src\\Illuminate\\Http\\Middleware\\TrustProxies.php(58): Illuminate\\Pipeline\\Pipeline->Illuminate\\Pipeline\\{closure}(Object(Illuminate\\Http\\Request))
#56 D:\\ketapang\\Agro Waste\\vendor\\laravel\\framework\\src\\Illuminate\\Pipeline\\Pipeline.php(209): Illuminate\\Http\\Middleware\\TrustProxies->handle(Object(Illuminate\\Http\\Request), Object(Closure))
#57 D:\\ketapang\\Agro Waste\\vendor\\laravel\\framework\\src\\Illuminate\\Foundation\\Http\\Middleware\\InvokeDeferredCallbacks.php(22): Illuminate\\Pipeline\\Pipeline->Illuminate\\Pipeline\\{closure}(Object(Illuminate\\Http\\Request))
#58 D:\\ketapang\\Agro Waste\\vendor\\laravel\\framework\\src\\Illuminate\\Pipeline\\Pipeline.php(209): Illuminate\\Foundation\\Http\\Middleware\\InvokeDeferredCallbacks->handle(Object(Illuminate\\Http\\Request), Object(Closure))
#59 D:\\ketapang\\Agro Waste\\vendor\\laravel\\framework\\src\\Illuminate\\Pipeline\\Pipeline.php(127): Illuminate\\Pipeline\\Pipeline->Illuminate\\Pipeline\\{closure}(Object(Illuminate\\Http\\Request))
#60 D:\\ketapang\\Agro Waste\\vendor\\laravel\\framework\\src\\Illuminate\\Foundation\\Http\\Kernel.php(176): Illuminate\\Pipeline\\Pipeline->then(Object(Closure))
#61 D:\\ketapang\\Agro Waste\\vendor\\laravel\\framework\\src\\Illuminate\\Foundation\\Http\\Kernel.php(145): Illuminate\\Foundation\\Http\\Kernel->sendRequestThroughRouter(Object(Illuminate\\Http\\Request))
#62 D:\\ketapang\\Agro Waste\\vendor\\laravel\\framework\\src\\Illuminate\\Foundation\\Application.php(1220): Illuminate\\Foundation\\Http\\Kernel->handle(Object(Illuminate\\Http\\Request))
#63 D:\\ketapang\\Agro Waste\\public\\index.php(17): Illuminate\\Foundation\\Application->handleRequest(Object(Illuminate\\Http\\Request))
#64 D:\\ketapang\\Agro Waste\\vendor\\laravel\\framework\\src\\Illuminate\\Foundation\\resources\\server.php(23): require_once('D:\\\\ketapang\\\\Agr...')
#65 {main}

[previous exception] [object] (PDOException(code: 42000): SQLSTATE[42000]: [Microsoft][ODBC Driver 17 for SQL Server][SQL Server]A column has been specified more than once in the order by list. Columns in the order by list must be unique. at D:\\ketapang\\Agro Waste\\vendor\\laravel\\framework\\src\\Illuminate\\Database\\Connection.php:412)
[stacktrace]
#0 D:\\ketapang\\Agro Waste\\vendor\\laravel\\framework\\src\\Illuminate\\Database\\Connection.php(412): PDOStatement->execute()
#1 D:\\ketapang\\Agro Waste\\vendor\\laravel\\framework\\src\\Illuminate\\Database\\Connection.php(812): Illuminate\\Database\\Connection->Illuminate\\Database\\{closure}('select * from [...', Array)
#2 D:\\ketapang\\Agro Waste\\vendor\\laravel\\framework\\src\\Illuminate\\Database\\Connection.php(779): Illuminate\\Database\\Connection->runQueryCallback('select * from [...', Array, Object(Closure))
#3 D:\\ketapang\\Agro Waste\\vendor\\laravel\\framework\\src\\Illuminate\\Database\\Connection.php(398): Illuminate\\Database\\Connection->run('select * from [...', Array, Object(Closure))
#4 D:\\ketapang\\Agro Waste\\vendor\\laravel\\framework\\src\\Illuminate\\Database\\Query\\Builder.php(3106): Illuminate\\Database\\Connection->select('select * from [...', Array, true)
#5 D:\\ketapang\\Agro Waste\\vendor\\laravel\\framework\\src\\Illuminate\\Database\\Query\\Builder.php(3091): Illuminate\\Database\\Query\\Builder->runSelect()
#6 D:\\ketapang\\Agro Waste\\vendor\\laravel\\framework\\src\\Illuminate\\Database\\Query\\Builder.php(3676): Illuminate\\Database\\Query\\Builder->Illuminate\\Database\\Query\\{closure}()
#7 D:\\ketapang\\Agro Waste\\vendor\\laravel\\framework\\src\\Illuminate\\Database\\Query\\Builder.php(3090): Illuminate\\Database\\Query\\Builder->onceWithColumns(Array, Object(Closure))
#8 D:\\ketapang\\Agro Waste\\vendor\\laravel\\framework\\src\\Illuminate\\Database\\Eloquent\\Builder.php(811): Illuminate\\Database\\Query\\Builder->get(Array)
#9 D:\\ketapang\\Agro Waste\\vendor\\laravel\\framework\\src\\Illuminate\\Database\\Eloquent\\Builder.php(793): Illuminate\\Database\\Eloquent\\Builder->getModels(Array)
#10 D:\\ketapang\\Agro Waste\\vendor\\laravel\\framework\\src\\Illuminate\\Database\\Eloquent\\Relations\\Relation.php(213): Illuminate\\Database\\Eloquent\\Builder->get(Array)
#11 D:\\ketapang\\Agro Waste\\vendor\\laravel\\framework\\src\\Illuminate\\Database\\Eloquent\\Relations\\Relation.php(176): Illuminate\\Database\\Eloquent\\Relations\\Relation->get()
#12 D:\\ketapang\\Agro Waste\\vendor\\laravel\\framework\\src\\Illuminate\\Database\\Eloquent\\Builder.php(859): Illuminate\\Database\\Eloquent\\Relations\\Relation->getEager()
#13 D:\\ketapang\\Agro Waste\\vendor\\laravel\\framework\\src\\Illuminate\\Database\\Eloquent\\Builder.php(828): Illuminate\\Database\\Eloquent\\Builder->eagerLoadRelation(Array, 'videos', Object(Closure))
#14 D:\\ketapang\\Agro Waste\\vendor\\laravel\\framework\\src\\Illuminate\\Database\\Eloquent\\Builder.php(794): Illuminate\\Database\\Eloquent\\Builder->eagerLoadRelations(Array)
#15 D:\\ketapang\\Agro Waste\\app\\Http\\Controllers\\VideoController.php(22): Illuminate\\Database\\Eloquent\\Builder->get()
#16 D:\\ketapang\\Agro Waste\\vendor\\laravel\\framework\\src\\Illuminate\\Routing\\ControllerDispatcher.php(47): App\\Http\\Controllers\\VideoController->index()
#17 D:\\ketapang\\Agro Waste\\vendor\\laravel\\framework\\src\\Illuminate\\Routing\\Route.php(266): Illuminate\\Routing\\ControllerDispatcher->dispatch(Object(Illuminate\\Routing\\Route), Object(App\\Http\\Controllers\\VideoController), 'index')
#18 D:\\ketapang\\Agro Waste\\vendor\\laravel\\framework\\src\\Illuminate\\Routing\\Route.php(212): Illuminate\\Routing\\Route->runController()
#19 D:\\ketapang\\Agro Waste\\vendor\\laravel\\framework\\src\\Illuminate\\Routing\\Router.php(808): Illuminate\\Routing\\Route->run()
#20 D:\\ketapang\\Agro Waste\\vendor\\laravel\\framework\\src\\Illuminate\\Pipeline\\Pipeline.php(170): Illuminate\\Routing\\Router->Illuminate\\Routing\\{closure}(Object(Illuminate\\Http\\Request))
#21 D:\\ketapang\\Agro Waste\\app\\Http\\Middleware\\Authenticate.php(18): Illuminate\\Pipeline\\Pipeline->Illuminate\\Pipeline\\{closure}(Object(Illuminate\\Http\\Request))
#22 D:\\ketapang\\Agro Waste\\vendor\\laravel\\framework\\src\\Illuminate\\Pipeline\\Pipeline.php(209): App\\Http\\Middleware\\Authenticate->handle(Object(Illuminate\\Http\\Request), Object(Closure))
#23 D:\\ketapang\\Agro Waste\\vendor\\inertiajs\\inertia-laravel\\src\\Middleware.php(96): Illuminate\\Pipeline\\Pipeline->Illuminate\\Pipeline\\{closure}(Object(Illuminate\\Http\\Request))
#24 D:\\ketapang\\Agro Waste\\vendor\\laravel\\framework\\src\\Illuminate\\Pipeline\\Pipeline.php(209): Inertia\\Middleware->handle(Object(Illuminate\\Http\\Request), Object(Closure))
#25 D:\\ketapang\\Agro Waste\\vendor\\laravel\\framework\\src\\Illuminate\\Routing\\Middleware\\SubstituteBindings.php(51): Illuminate\\Pipeline\\Pipeline->Illuminate\\Pipeline\\{closure}(Object(Illuminate\\Http\\Request))
#26 D:\\ketapang\\Agro Waste\\vendor\\laravel\\framework\\src\\Illuminate\\Pipeline\\Pipeline.php(209): Illuminate\\Routing\\Middleware\\SubstituteBindings->handle(Object(Illuminate\\Http\\Request), Object(Closure))
#27 D:\\ketapang\\Agro Waste\\vendor\\laravel\\framework\\src\\Illuminate\\Foundation\\Http\\Middleware\\VerifyCsrfToken.php(88): Illuminate\\Pipeline\\Pipeline->Illuminate\\Pipeline\\{closure}(Object(Illuminate\\Http\\Request))
#28 D:\\ketapang\\Agro Waste\\vendor\\laravel\\framework\\src\\Illuminate\\Pipeline\\Pipeline.php(209): Illuminate\\Foundation\\Http\\Middleware\\VerifyCsrfToken->handle(Object(Illuminate\\Http\\Request), Object(Closure))
#29 D:\\ketapang\\Agro Waste\\vendor\\laravel\\framework\\src\\Illuminate\\View\\Middleware\\ShareErrorsFromSession.php(49): Illuminate\\Pipeline\\Pipeline->Illuminate\\Pipeline\\{closure}(Object(Illuminate\\Http\\Request))
#30 D:\\ketapang\\Agro Waste\\vendor\\laravel\\framework\\src\\Illuminate\\Pipeline\\Pipeline.php(209): Illuminate\\View\\Middleware\\ShareErrorsFromSession->handle(Object(Illuminate\\Http\\Request), Object(Closure))
#31 D:\\ketapang\\Agro Waste\\vendor\\laravel\\framework\\src\\Illuminate\\Session\\Middleware\\StartSession.php(121): Illuminate\\Pipeline\\Pipeline->Illuminate\\Pipeline\\{closure}(Object(Illuminate\\Http\\Request))
#32 D:\\ketapang\\Agro Waste\\vendor\\laravel\\framework\\src\\Illuminate\\Session\\Middleware\\StartSession.php(64): Illuminate\\Session\\Middleware\\StartSession->handleStatefulRequest(Object(Illuminate\\Http\\Request), Object(Illuminate\\Session\\Store), Object(Closure))
#33 D:\\ketapang\\Agro Waste\\vendor\\laravel\\framework\\src\\Illuminate\\Pipeline\\Pipeline.php(209): Illuminate\\Session\\Middleware\\StartSession->handle(Object(Illuminate\\Http\\Request), Object(Closure))
#34 D:\\ketapang\\Agro Waste\\vendor\\laravel\\framework\\src\\Illuminate\\Cookie\\Middleware\\AddQueuedCookiesToResponse.php(37): Illuminate\\Pipeline\\Pipeline->Illuminate\\Pipeline\\{closure}(Object(Illuminate\\Http\\Request))
#35 D:\\ketapang\\Agro Waste\\vendor\\laravel\\framework\\src\\Illuminate\\Pipeline\\Pipeline.php(209): Illuminate\\Cookie\\Middleware\\AddQueuedCookiesToResponse->handle(Object(Illuminate\\Http\\Request), Object(Closure))
#36 D:\\ketapang\\Agro Waste\\vendor\\laravel\\framework\\src\\Illuminate\\Cookie\\Middleware\\EncryptCookies.php(75): Illuminate\\Pipeline\\Pipeline->Illuminate\\Pipeline\\{closure}(Object(Illuminate\\Http\\Request))
#37 D:\\ketapang\\Agro Waste\\vendor\\laravel\\framework\\src\\Illuminate\\Pipeline\\Pipeline.php(209): Illuminate\\Cookie\\Middleware\\EncryptCookies->handle(Object(Illuminate\\Http\\Request), Object(Closure))
#38 D:\\ketapang\\Agro Waste\\vendor\\laravel\\framework\\src\\Illuminate\\Pipeline\\Pipeline.php(127): Illuminate\\Pipeline\\Pipeline->Illuminate\\Pipeline\\{closure}(Object(Illuminate\\Http\\Request))
#39 D:\\ketapang\\Agro Waste\\vendor\\laravel\\framework\\src\\Illuminate\\Routing\\Router.php(807): Illuminate\\Pipeline\\Pipeline->then(Object(Closure))
#40 D:\\ketapang\\Agro Waste\\vendor\\laravel\\framework\\src\\Illuminate\\Routing\\Router.php(786): Illuminate\\Routing\\Router->runRouteWithinStack(Object(Illuminate\\Routing\\Route), Object(Illuminate\\Http\\Request))
#41 D:\\ketapang\\Agro Waste\\vendor\\laravel\\framework\\src\\Illuminate\\Routing\\Router.php(750): Illuminate\\Routing\\Router->runRoute(Object(Illuminate\\Http\\Request), Object(Illuminate\\Routing\\Route))
#42 D:\\ketapang\\Agro Waste\\vendor\\laravel\\framework\\src\\Illuminate\\Routing\\Router.php(739): Illuminate\\Routing\\Router->dispatchToRoute(Object(Illuminate\\Http\\Request))
#43 D:\\ketapang\\Agro Waste\\vendor\\laravel\\framework\\src\\Illuminate\\Foundation\\Http\\Kernel.php(201): Illuminate\\Routing\\Router->dispatch(Object(Illuminate\\Http\\Request))
#44 D:\\ketapang\\Agro Waste\\vendor\\laravel\\framework\\src\\Illuminate\\Pipeline\\Pipeline.php(170): Illuminate\\Foundation\\Http\\Kernel->Illuminate\\Foundation\\Http\\{closure}(Object(Illuminate\\Http\\Request))
#45 D:\\ketapang\\Agro Waste\\vendor\\laravel\\framework\\src\\Illuminate\\Foundation\\Http\\Middleware\\TransformsRequest.php(21): Illuminate\\Pipeline\\Pipeline->Illuminate\\Pipeline\\{closure}(Object(Illuminate\\Http\\Request))
#46 D:\\ketapang\\Agro Waste\\vendor\\laravel\\framework\\src\\Illuminate\\Foundation\\Http\\Middleware\\ConvertEmptyStringsToNull.php(31): Illuminate\\Foundation\\Http\\Middleware\\TransformsRequest->handle(Object(Illuminate\\Http\\Request), Object(Closure))
#47 D:\\ketapang\\Agro Waste\\vendor\\laravel\\framework\\src\\Illuminate\\Pipeline\\Pipeline.php(209): Illuminate\\Foundation\\Http\\Middleware\\ConvertEmptyStringsToNull->handle(Object(Illuminate\\Http\\Request), Object(Closure))
#48 D:\\ketapang\\Agro Waste\\vendor\\laravel\\framework\\src\\Illuminate\\Foundation\\Http\\Middleware\\TransformsRequest.php(21): Illuminate\\Pipeline\\Pipeline->Illuminate\\Pipeline\\{closure}(Object(Illuminate\\Http\\Request))
#49 D:\\ketapang\\Agro Waste\\vendor\\laravel\\framework\\src\\Illuminate\\Foundation\\Http\\Middleware\\TrimStrings.php(51): Illuminate\\Foundation\\Http\\Middleware\\TransformsRequest->handle(Object(Illuminate\\Http\\Request), Object(Closure))
#50 D:\\ketapang\\Agro Waste\\vendor\\laravel\\framework\\src\\Illuminate\\Pipeline\\Pipeline.php(209): Illuminate\\Foundation\\Http\\Middleware\\TrimStrings->handle(Object(Illuminate\\Http\\Request), Object(Closure))
#51 D:\\ketapang\\Agro Waste\\vendor\\laravel\\framework\\src\\Illuminate\\Http\\Middleware\\ValidatePostSize.php(27): Illuminate\\Pipeline\\Pipeline->Illuminate\\Pipeline\\{closure}(Object(Illuminate\\Http\\Request))
#52 D:\\ketapang\\Agro Waste\\vendor\\laravel\\framework\\src\\Illuminate\\Pipeline\\Pipeline.php(209): Illuminate\\Http\\Middleware\\ValidatePostSize->handle(Object(Illuminate\\Http\\Request), Object(Closure))
#53 D:\\ketapang\\Agro Waste\\vendor\\laravel\\framework\\src\\Illuminate\\Foundation\\Http\\Middleware\\PreventRequestsDuringMaintenance.php(110): Illuminate\\Pipeline\\Pipeline->Illuminate\\Pipeline\\{closure}(Object(Illuminate\\Http\\Request))
#54 D:\\ketapang\\Agro Waste\\vendor\\laravel\\framework\\src\\Illuminate\\Pipeline\\Pipeline.php(209): Illuminate\\Foundation\\Http\\Middleware\\PreventRequestsDuringMaintenance->handle(Object(Illuminate\\Http\\Request), Object(Closure))
#55 D:\\ketapang\\Agro Waste\\vendor\\laravel\\framework\\src\\Illuminate\\Http\\Middleware\\HandleCors.php(49): Illuminate\\Pipeline\\Pipeline->Illuminate\\Pipeline\\{closure}(Object(Illuminate\\Http\\Request))
#56 D:\\ketapang\\Agro Waste\\vendor\\laravel\\framework\\src\\Illuminate\\Pipeline\\Pipeline.php(209): Illuminate\\Http\\Middleware\\HandleCors->handle(Object(Illuminate\\Http\\Request), Object(Closure))
#57 D:\\ketapang\\Agro Waste\\vendor\\laravel\\framework\\src\\Illuminate\\Http\\Middleware\\TrustProxies.php(58): Illuminate\\Pipeline\\Pipeline->Illuminate\\Pipeline\\{closure}(Object(Illuminate\\Http\\Request))
#58 D:\\ketapang\\Agro Waste\\vendor\\laravel\\framework\\src\\Illuminate\\Pipeline\\Pipeline.php(209): Illuminate\\Http\\Middleware\\TrustProxies->handle(Object(Illuminate\\Http\\Request), Object(Closure))
#59 D:\\ketapang\\Agro Waste\\vendor\\laravel\\framework\\src\\Illuminate\\Foundation\\Http\\Middleware\\InvokeDeferredCallbacks.php(22): Illuminate\\Pipeline\\Pipeline->Illuminate\\Pipeline\\{closure}(Object(Illuminate\\Http\\Request))
#60 D:\\ketapang\\Agro Waste\\vendor\\laravel\\framework\\src\\Illuminate\\Pipeline\\Pipeline.php(209): Illuminate\\Foundation\\Http\\Middleware\\InvokeDeferredCallbacks->handle(Object(Illuminate\\Http\\Request), Object(Closure))
#61 D:\\ketapang\\Agro Waste\\vendor\\laravel\\framework\\src\\Illuminate\\Pipeline\\Pipeline.php(127): Illuminate\\Pipeline\\Pipeline->Illuminate\\Pipeline\\{closure}(Object(Illuminate\\Http\\Request))
#62 D:\\ketapang\\Agro Waste\\vendor\\laravel\\framework\\src\\Illuminate\\Foundation\\Http\\Kernel.php(176): Illuminate\\Pipeline\\Pipeline->then(Object(Closure))
#63 D:\\ketapang\\Agro Waste\\vendor\\laravel\\framework\\src\\Illuminate\\Foundation\\Http\\Kernel.php(145): Illuminate\\Foundation\\Http\\Kernel->sendRequestThroughRouter(Object(Illuminate\\Http\\Request))
#64 D:\\ketapang\\Agro Waste\\vendor\\laravel\\framework\\src\\Illuminate\\Foundation\\Application.php(1220): Illuminate\\Foundation\\Http\\Kernel->handle(Object(Illuminate\\Http\\Request))
#65 D:\\ketapang\\Agro Waste\\public\\index.php(17): Illuminate\\Foundation\\Application->handleRequest(Object(Illuminate\\Http\\Request))
#66 D:\\ketapang\\Agro Waste\\vendor\\laravel\\framework\\src\\Illuminate\\Foundation\\resources\\server.php(23): require_once('D:\\\\ketapang\\\\Agr...')
#67 {main}
"} 
[2025-11-26 21:54:35] local.ERROR: SQLSTATE[42000]: [Microsoft][ODBC Driver 17 for SQL Server][SQL Server]A column has been specified more than once in the order by list. Columns in the order by list must be unique. (Connection: sqlsrv, SQL: select * from [course_contents] where [course_contents].[course_id] = 1 and [course_contents].[course_id] is not null and [is_active] = 1 order by [order] asc, [order] asc) {"userId":5,"exception":"[object] (Illuminate\\Database\\QueryException(code: 42000): SQLSTATE[42000]: [Microsoft][ODBC Driver 17 for SQL Server][SQL Server]A column has been specified more than once in the order by list. Columns in the order by list must be unique. (Connection: sqlsrv, SQL: select * from [course_contents] where [course_contents].[course_id] = 1 and [course_contents].[course_id] is not null and [is_active] = 1 order by [order] asc, [order] asc) at D:\\ketapang\\AgroWaste-course\\vendor\\laravel\\framework\\src\\Illuminate\\Database\\Connection.php:825)
[stacktrace]
#0 D:\\ketapang\\AgroWaste-course\\vendor\\laravel\\framework\\src\\Illuminate\\Database\\Connection.php(779): Illuminate\\Database\\Connection->runQueryCallback('select * from [...', Array, Object(Closure))
#1 D:\\ketapang\\AgroWaste-course\\vendor\\laravel\\framework\\src\\Illuminate\\Database\\Connection.php(398): Illuminate\\Database\\Connection->run('select * from [...', Array, Object(Closure))
#2 D:\\ketapang\\AgroWaste-course\\vendor\\laravel\\framework\\src\\Illuminate\\Database\\Query\\Builder.php(3106): Illuminate\\Database\\Connection->select('select * from [...', Array, true)
#3 D:\\ketapang\\AgroWaste-course\\vendor\\laravel\\framework\\src\\Illuminate\\Database\\Query\\Builder.php(3091): Illuminate\\Database\\Query\\Builder->runSelect()
#4 D:\\ketapang\\AgroWaste-course\\vendor\\laravel\\framework\\src\\Illuminate\\Database\\Query\\Builder.php(3676): Illuminate\\Database\\Query\\Builder->Illuminate\\Database\\Query\\{closure}()
#5 D:\\ketapang\\AgroWaste-course\\vendor\\laravel\\framework\\src\\Illuminate\\Database\\Query\\Builder.php(3090): Illuminate\\Database\\Query\\Builder->onceWithColumns(Array, Object(Closure))
#6 D:\\ketapang\\AgroWaste-course\\vendor\\laravel\\framework\\src\\Illuminate\\Database\\Eloquent\\Builder.php(811): Illuminate\\Database\\Query\\Builder->get(Array)
#7 D:\\ketapang\\AgroWaste-course\\vendor\\laravel\\framework\\src\\Illuminate\\Database\\Eloquent\\Builder.php(793): Illuminate\\Database\\Eloquent\\Builder->getModels(Array)
#8 D:\\ketapang\\AgroWaste-course\\vendor\\laravel\\framework\\src\\Illuminate\\Database\\Eloquent\\Relations\\Relation.php(213): Illuminate\\Database\\Eloquent\\Builder->get(Array)
#9 D:\\ketapang\\AgroWaste-course\\app\\Http\\Controllers\\CourseController.php(63): Illuminate\\Database\\Eloquent\\Relations\\Relation->get()
#10 D:\\ketapang\\AgroWaste-course\\vendor\\laravel\\framework\\src\\Illuminate\\Routing\\ControllerDispatcher.php(47): App\\Http\\Controllers\\CourseController->show('1')
#11 D:\\ketapang\\AgroWaste-course\\vendor\\laravel\\framework\\src\\Illuminate\\Routing\\Route.php(266): Illuminate\\Routing\\ControllerDispatcher->dispatch(Object(Illuminate\\Routing\\Route), Object(App\\Http\\Controllers\\CourseController), 'show')
#12 D:\\ketapang\\AgroWaste-course\\vendor\\laravel\\framework\\src\\Illuminate\\Routing\\Route.php(212): Illuminate\\Routing\\Route->runController()
#13 D:\\ketapang\\AgroWaste-course\\vendor\\laravel\\framework\\src\\Illuminate\\Routing\\Router.php(808): Illuminate\\Routing\\Route->run()
#14 D:\\ketapang\\AgroWaste-course\\vendor\\laravel\\framework\\src\\Illuminate\\Pipeline\\Pipeline.php(170): Illuminate\\Routing\\Router->Illuminate\\Routing\\{closure}(Object(Illuminate\\Http\\Request))
#15 D:\\ketapang\\AgroWaste-course\\app\\Http\\Middleware\\Authenticate.php(18): Illuminate\\Pipeline\\Pipeline->Illuminate\\Pipeline\\{closure}(Object(Illuminate\\Http\\Request))
#16 D:\\ketapang\\AgroWaste-course\\vendor\\laravel\\framework\\src\\Illuminate\\Pipeline\\Pipeline.php(209): App\\Http\\Middleware\\Authenticate->handle(Object(Illuminate\\Http\\Request), Object(Closure))
#17 D:\\ketapang\\AgroWaste-course\\vendor\\inertiajs\\inertia-laravel\\src\\Middleware.php(96): Illuminate\\Pipeline\\Pipeline->Illuminate\\Pipeline\\{closure}(Object(Illuminate\\Http\\Request))
#18 D:\\ketapang\\AgroWaste-course\\vendor\\laravel\\framework\\src\\Illuminate\\Pipeline\\Pipeline.php(209): Inertia\\Middleware->handle(Object(Illuminate\\Http\\Request), Object(Closure))
#19 D:\\ketapang\\AgroWaste-course\\vendor\\laravel\\framework\\src\\Illuminate\\Routing\\Middleware\\SubstituteBindings.php(51): Illuminate\\Pipeline\\Pipeline->Illuminate\\Pipeline\\{closure}(Object(Illuminate\\Http\\Request))
#20 D:\\ketapang\\AgroWaste-course\\vendor\\laravel\\framework\\src\\Illuminate\\Pipeline\\Pipeline.php(209): Illuminate\\Routing\\Middleware\\SubstituteBindings->handle(Object(Illuminate\\Http\\Request), Object(Closure))
#21 D:\\ketapang\\AgroWaste-course\\vendor\\laravel\\framework\\src\\Illuminate\\Foundation\\Http\\Middleware\\VerifyCsrfToken.php(88): Illuminate\\Pipeline\\Pipeline->Illuminate\\Pipeline\\{closure}(Object(Illuminate\\Http\\Request))
#22 D:\\ketapang\\AgroWaste-course\\vendor\\laravel\\framework\\src\\Illuminate\\Pipeline\\Pipeline.php(209): Illuminate\\Foundation\\Http\\Middleware\\VerifyCsrfToken->handle(Object(Illuminate\\Http\\Request), Object(Closure))
#23 D:\\ketapang\\AgroWaste-course\\vendor\\laravel\\framework\\src\\Illuminate\\View\\Middleware\\ShareErrorsFromSession.php(49): Illuminate\\Pipeline\\Pipeline->Illuminate\\Pipeline\\{closure}(Object(Illuminate\\Http\\Request))
#24 D:\\ketapang\\AgroWaste-course\\vendor\\laravel\\framework\\src\\Illuminate\\Pipeline\\Pipeline.php(209): Illuminate\\View\\Middleware\\ShareErrorsFromSession->handle(Object(Illuminate\\Http\\Request), Object(Closure))
#25 D:\\ketapang\\AgroWaste-course\\vendor\\laravel\\framework\\src\\Illuminate\\Session\\Middleware\\StartSession.php(121): Illuminate\\Pipeline\\Pipeline->Illuminate\\Pipeline\\{closure}(Object(Illuminate\\Http\\Request))
#26 D:\\ketapang\\AgroWaste-course\\vendor\\laravel\\framework\\src\\Illuminate\\Session\\Middleware\\StartSession.php(64): Illuminate\\Session\\Middleware\\StartSession->handleStatefulRequest(Object(Illuminate\\Http\\Request), Object(Illuminate\\Session\\Store), Object(Closure))
#27 D:\\ketapang\\AgroWaste-course\\vendor\\laravel\\framework\\src\\Illuminate\\Pipeline\\Pipeline.php(209): Illuminate\\Session\\Middleware\\StartSession->handle(Object(Illuminate\\Http\\Request), Object(Closure))
#28 D:\\ketapang\\AgroWaste-course\\vendor\\laravel\\framework\\src\\Illuminate\\Cookie\\Middleware\\AddQueuedCookiesToResponse.php(37): Illuminate\\Pipeline\\Pipeline->Illuminate\\Pipeline\\{closure}(Object(Illuminate\\Http\\Request))
#29 D:\\ketapang\\AgroWaste-course\\vendor\\laravel\\framework\\src\\Illuminate\\Pipeline\\Pipeline.php(209): Illuminate\\Cookie\\Middleware\\AddQueuedCookiesToResponse->handle(Object(Illuminate\\Http\\Request), Object(Closure))
#30 D:\\ketapang\\AgroWaste-course\\vendor\\laravel\\framework\\src\\Illuminate\\Cookie\\Middleware\\EncryptCookies.php(75): Illuminate\\Pipeline\\Pipeline->Illuminate\\Pipeline\\{closure}(Object(Illuminate\\Http\\Request))
#31 D:\\ketapang\\AgroWaste-course\\vendor\\laravel\\framework\\src\\Illuminate\\Pipeline\\Pipeline.php(209): Illuminate\\Cookie\\Middleware\\EncryptCookies->handle(Object(Illuminate\\Http\\Request), Object(Closure))
#32 D:\\ketapang\\AgroWaste-course\\vendor\\laravel\\framework\\src\\Illuminate\\Pipeline\\Pipeline.php(127): Illuminate\\Pipeline\\Pipeline->Illuminate\\Pipeline\\{closure}(Object(Illuminate\\Http\\Request))
#33 D:\\ketapang\\AgroWaste-course\\vendor\\laravel\\framework\\src\\Illuminate\\Routing\\Router.php(807): Illuminate\\Pipeline\\Pipeline->then(Object(Closure))
#34 D:\\ketapang\\AgroWaste-course\\vendor\\laravel\\framework\\src\\Illuminate\\Routing\\Router.php(786): Illuminate\\Routing\\Router->runRouteWithinStack(Object(Illuminate\\Routing\\Route), Object(Illuminate\\Http\\Request))
#35 D:\\ketapang\\AgroWaste-course\\vendor\\laravel\\framework\\src\\Illuminate\\Routing\\Router.php(750): Illuminate\\Routing\\Router->runRoute(Object(Illuminate\\Http\\Request), Object(Illuminate\\Routing\\Route))
#36 D:\\ketapang\\AgroWaste-course\\vendor\\laravel\\framework\\src\\Illuminate\\Routing\\Router.php(739): Illuminate\\Routing\\Router->dispatchToRoute(Object(Illuminate\\Http\\Request))
#37 D:\\ketapang\\AgroWaste-course\\vendor\\laravel\\framework\\src\\Illuminate\\Foundation\\Http\\Kernel.php(201): Illuminate\\Routing\\Router->dispatch(Object(Illuminate\\Http\\Request))
#38 D:\\ketapang\\AgroWaste-course\\vendor\\laravel\\framework\\src\\Illuminate\\Pipeline\\Pipeline.php(170): Illuminate\\Foundation\\Http\\Kernel->Illuminate\\Foundation\\Http\\{closure}(Object(Illuminate\\Http\\Request))
#39 D:\\ketapang\\AgroWaste-course\\vendor\\laravel\\framework\\src\\Illuminate\\Foundation\\Http\\Middleware\\TransformsRequest.php(21): Illuminate\\Pipeline\\Pipeline->Illuminate\\Pipeline\\{closure}(Object(Illuminate\\Http\\Request))
#40 D:\\ketapang\\AgroWaste-course\\vendor\\laravel\\framework\\src\\Illuminate\\Foundation\\Http\\Middleware\\ConvertEmptyStringsToNull.php(31): Illuminate\\Foundation\\Http\\Middleware\\TransformsRequest->handle(Object(Illuminate\\Http\\Request), Object(Closure))
#41 D:\\ketapang\\AgroWaste-course\\vendor\\laravel\\framework\\src\\Illuminate\\Pipeline\\Pipeline.php(209): Illuminate\\Foundation\\Http\\Middleware\\ConvertEmptyStringsToNull->handle(Object(Illuminate\\Http\\Request), Object(Closure))
#42 D:\\ketapang\\AgroWaste-course\\vendor\\laravel\\framework\\src\\Illuminate\\Foundation\\Http\\Middleware\\TransformsRequest.php(21): Illuminate\\Pipeline\\Pipeline->Illuminate\\Pipeline\\{closure}(Object(Illuminate\\Http\\Request))
#43 D:\\ketapang\\AgroWaste-course\\vendor\\laravel\\framework\\src\\Illuminate\\Foundation\\Http\\Middleware\\TrimStrings.php(51): Illuminate\\Foundation\\Http\\Middleware\\TransformsRequest->handle(Object(Illuminate\\Http\\Request), Object(Closure))
#44 D:\\ketapang\\AgroWaste-course\\vendor\\laravel\\framework\\src\\Illuminate\\Pipeline\\Pipeline.php(209): Illuminate\\Foundation\\Http\\Middleware\\TrimStrings->handle(Object(Illuminate\\Http\\Request), Object(Closure))
#45 D:\\ketapang\\AgroWaste-course\\vendor\\laravel\\framework\\src\\Illuminate\\Http\\Middleware\\ValidatePostSize.php(27): Illuminate\\Pipeline\\Pipeline->Illuminate\\Pipeline\\{closure}(Object(Illuminate\\Http\\Request))
#46 D:\\ketapang\\AgroWaste-course\\vendor\\laravel\\framework\\src\\Illuminate\\Pipeline\\Pipeline.php(209): Illuminate\\Http\\Middleware\\ValidatePostSize->handle(Object(Illuminate\\Http\\Request), Object(Closure))
#47 D:\\ketapang\\AgroWaste-course\\vendor\\laravel\\framework\\src\\Illuminate\\Foundation\\Http\\Middleware\\PreventRequestsDuringMaintenance.php(110): Illuminate\\Pipeline\\Pipeline->Illuminate\\Pipeline\\{closure}(Object(Illuminate\\Http\\Request))
#48 D:\\ketapang\\AgroWaste-course\\vendor\\laravel\\framework\\src\\Illuminate\\Pipeline\\Pipeline.php(209): Illuminate\\Foundation\\Http\\Middleware\\PreventRequestsDuringMaintenance->handle(Object(Illuminate\\Http\\Request), Object(Closure))
#49 D:\\ketapang\\AgroWaste-course\\vendor\\laravel\\framework\\src\\Illuminate\\Http\\Middleware\\HandleCors.php(49): Illuminate\\Pipeline\\Pipeline->Illuminate\\Pipeline\\{closure}(Object(Illuminate\\Http\\Request))
#50 D:\\ketapang\\AgroWaste-course\\vendor\\laravel\\framework\\src\\Illuminate\\Pipeline\\Pipeline.php(209): Illuminate\\Http\\Middleware\\HandleCors->handle(Object(Illuminate\\Http\\Request), Object(Closure))
#51 D:\\ketapang\\AgroWaste-course\\vendor\\laravel\\framework\\src\\Illuminate\\Http\\Middleware\\TrustProxies.php(58): Illuminate\\Pipeline\\Pipeline->Illuminate\\Pipeline\\{closure}(Object(Illuminate\\Http\\Request))
#52 D:\\ketapang\\AgroWaste-course\\vendor\\laravel\\framework\\src\\Illuminate\\Pipeline\\Pipeline.php(209): Illuminate\\Http\\Middleware\\TrustProxies->handle(Object(Illuminate\\Http\\Request), Object(Closure))
#53 D:\\ketapang\\AgroWaste-course\\vendor\\laravel\\framework\\src\\Illuminate\\Foundation\\Http\\Middleware\\InvokeDeferredCallbacks.php(22): Illuminate\\Pipeline\\Pipeline->Illuminate\\Pipeline\\{closure}(Object(Illuminate\\Http\\Request))
#54 D:\\ketapang\\AgroWaste-course\\vendor\\laravel\\framework\\src\\Illuminate\\Pipeline\\Pipeline.php(209): Illuminate\\Foundation\\Http\\Middleware\\InvokeDeferredCallbacks->handle(Object(Illuminate\\Http\\Request), Object(Closure))
#55 D:\\ketapang\\AgroWaste-course\\vendor\\laravel\\framework\\src\\Illuminate\\Pipeline\\Pipeline.php(127): Illuminate\\Pipeline\\Pipeline->Illuminate\\Pipeline\\{closure}(Object(Illuminate\\Http\\Request))
#56 D:\\ketapang\\AgroWaste-course\\vendor\\laravel\\framework\\src\\Illuminate\\Foundation\\Http\\Kernel.php(176): Illuminate\\Pipeline\\Pipeline->then(Object(Closure))
#57 D:\\ketapang\\AgroWaste-course\\vendor\\laravel\\framework\\src\\Illuminate\\Foundation\\Http\\Kernel.php(145): Illuminate\\Foundation\\Http\\Kernel->sendRequestThroughRouter(Object(Illuminate\\Http\\Request))
#58 D:\\ketapang\\AgroWaste-course\\vendor\\laravel\\framework\\src\\Illuminate\\Foundation\\Application.php(1220): Illuminate\\Foundation\\Http\\Kernel->handle(Object(Illuminate\\Http\\Request))
#59 D:\\ketapang\\AgroWaste-course\\public\\index.php(17): Illuminate\\Foundation\\Application->handleRequest(Object(Illuminate\\Http\\Request))
#60 D:\\ketapang\\AgroWaste-course\\vendor\\laravel\\framework\\src\\Illuminate\\Foundation\\resources\\server.php(23): require_once('D:\\\\ketapang\\\\Agr...')
#61 {main}

[previous exception] [object] (PDOException(code: 42000): SQLSTATE[42000]: [Microsoft][ODBC Driver 17 for SQL Server][SQL Server]A column has been specified more than once in the order by list. Columns in the order by list must be unique. at D:\\ketapang\\AgroWaste-course\\vendor\\laravel\\framework\\src\\Illuminate\\Database\\Connection.php:412)
[stacktrace]
#0 D:\\ketapang\\AgroWaste-course\\vendor\\laravel\\framework\\src\\Illuminate\\Database\\Connection.php(412): PDOStatement->execute()
#1 D:\\ketapang\\AgroWaste-course\\vendor\\laravel\\framework\\src\\Illuminate\\Database\\Connection.php(812): Illuminate\\Database\\Connection->Illuminate\\Database\\{closure}('select * from [...', Array)
#2 D:\\ketapang\\AgroWaste-course\\vendor\\laravel\\framework\\src\\Illuminate\\Database\\Connection.php(779): Illuminate\\Database\\Connection->runQueryCallback('select * from [...', Array, Object(Closure))
#3 D:\\ketapang\\AgroWaste-course\\vendor\\laravel\\framework\\src\\Illuminate\\Database\\Connection.php(398): Illuminate\\Database\\Connection->run('select * from [...', Array, Object(Closure))
#4 D:\\ketapang\\AgroWaste-course\\vendor\\laravel\\framework\\src\\Illuminate\\Database\\Query\\Builder.php(3106): Illuminate\\Database\\Connection->select('select * from [...', Array, true)
#5 D:\\ketapang\\AgroWaste-course\\vendor\\laravel\\framework\\src\\Illuminate\\Database\\Query\\Builder.php(3091): Illuminate\\Database\\Query\\Builder->runSelect()
#6 D:\\ketapang\\AgroWaste-course\\vendor\\laravel\\framework\\src\\Illuminate\\Database\\Query\\Builder.php(3676): Illuminate\\Database\\Query\\Builder->Illuminate\\Database\\Query\\{closure}()
#7 D:\\ketapang\\AgroWaste-course\\vendor\\laravel\\framework\\src\\Illuminate\\Database\\Query\\Builder.php(3090): Illuminate\\Database\\Query\\Builder->onceWithColumns(Array, Object(Closure))
#8 D:\\ketapang\\AgroWaste-course\\vendor\\laravel\\framework\\src\\Illuminate\\Database\\Eloquent\\Builder.php(811): Illuminate\\Database\\Query\\Builder->get(Array)
#9 D:\\ketapang\\AgroWaste-course\\vendor\\laravel\\framework\\src\\Illuminate\\Database\\Eloquent\\Builder.php(793): Illuminate\\Database\\Eloquent\\Builder->getModels(Array)
#10 D:\\ketapang\\AgroWaste-course\\vendor\\laravel\\framework\\src\\Illuminate\\Database\\Eloquent\\Relations\\Relation.php(213): Illuminate\\Database\\Eloquent\\Builder->get(Array)
#11 D:\\ketapang\\AgroWaste-course\\app\\Http\\Controllers\\CourseController.php(63): Illuminate\\Database\\Eloquent\\Relations\\Relation->get()
#12 D:\\ketapang\\AgroWaste-course\\vendor\\laravel\\framework\\src\\Illuminate\\Routing\\ControllerDispatcher.php(47): App\\Http\\Controllers\\CourseController->show('1')
#13 D:\\ketapang\\AgroWaste-course\\vendor\\laravel\\framework\\src\\Illuminate\\Routing\\Route.php(266): Illuminate\\Routing\\ControllerDispatcher->dispatch(Object(Illuminate\\Routing\\Route), Object(App\\Http\\Controllers\\CourseController), 'show')
#14 D:\\ketapang\\AgroWaste-course\\vendor\\laravel\\framework\\src\\Illuminate\\Routing\\Route.php(212): Illuminate\\Routing\\Route->runController()
#15 D:\\ketapang\\AgroWaste-course\\vendor\\laravel\\framework\\src\\Illuminate\\Routing\\Router.php(808): Illuminate\\Routing\\Route->run()
#16 D:\\ketapang\\AgroWaste-course\\vendor\\laravel\\framework\\src\\Illuminate\\Pipeline\\Pipeline.php(170): Illuminate\\Routing\\Router->Illuminate\\Routing\\{closure}(Object(Illuminate\\Http\\Request))
#17 D:\\ketapang\\AgroWaste-course\\app\\Http\\Middleware\\Authenticate.php(18): Illuminate\\Pipeline\\Pipeline->Illuminate\\Pipeline\\{closure}(Object(Illuminate\\Http\\Request))
#18 D:\\ketapang\\AgroWaste-course\\vendor\\laravel\\framework\\src\\Illuminate\\Pipeline\\Pipeline.php(209): App\\Http\\Middleware\\Authenticate->handle(Object(Illuminate\\Http\\Request), Object(Closure))
#19 D:\\ketapang\\AgroWaste-course\\vendor\\inertiajs\\inertia-laravel\\src\\Middleware.php(96): Illuminate\\Pipeline\\Pipeline->Illuminate\\Pipeline\\{closure}(Object(Illuminate\\Http\\Request))
#20 D:\\ketapang\\AgroWaste-course\\vendor\\laravel\\framework\\src\\Illuminate\\Pipeline\\Pipeline.php(209): Inertia\\Middleware->handle(Object(Illuminate\\Http\\Request), Object(Closure))
#21 D:\\ketapang\\AgroWaste-course\\vendor\\laravel\\framework\\src\\Illuminate\\Routing\\Middleware\\SubstituteBindings.php(51): Illuminate\\Pipeline\\Pipeline->Illuminate\\Pipeline\\{closure}(Object(Illuminate\\Http\\Request))
#22 D:\\ketapang\\AgroWaste-course\\vendor\\laravel\\framework\\src\\Illuminate\\Pipeline\\Pipeline.php(209): Illuminate\\Routing\\Middleware\\SubstituteBindings->handle(Object(Illuminate\\Http\\Request), Object(Closure))
#23 D:\\ketapang\\AgroWaste-course\\vendor\\laravel\\framework\\src\\Illuminate\\Foundation\\Http\\Middleware\\VerifyCsrfToken.php(88): Illuminate\\Pipeline\\Pipeline->Illuminate\\Pipeline\\{closure}(Object(Illuminate\\Http\\Request))
#24 D:\\ketapang\\AgroWaste-course\\vendor\\laravel\\framework\\src\\Illuminate\\Pipeline\\Pipeline.php(209): Illuminate\\Foundation\\Http\\Middleware\\VerifyCsrfToken->handle(Object(Illuminate\\Http\\Request), Object(Closure))
#25 D:\\ketapang\\AgroWaste-course\\vendor\\laravel\\framework\\src\\Illuminate\\View\\Middleware\\ShareErrorsFromSession.php(49): Illuminate\\Pipeline\\Pipeline->Illuminate\\Pipeline\\{closure}(Object(Illuminate\\Http\\Request))
#26 D:\\ketapang\\AgroWaste-course\\vendor\\laravel\\framework\\src\\Illuminate\\Pipeline\\Pipeline.php(209): Illuminate\\View\\Middleware\\ShareErrorsFromSession->handle(Object(Illuminate\\Http\\Request), Object(Closure))
#27 D:\\ketapang\\AgroWaste-course\\vendor\\laravel\\framework\\src\\Illuminate\\Session\\Middleware\\StartSession.php(121): Illuminate\\Pipeline\\Pipeline->Illuminate\\Pipeline\\{closure}(Object(Illuminate\\Http\\Request))
#28 D:\\ketapang\\AgroWaste-course\\vendor\\laravel\\framework\\src\\Illuminate\\Session\\Middleware\\StartSession.php(64): Illuminate\\Session\\Middleware\\StartSession->handleStatefulRequest(Object(Illuminate\\Http\\Request), Object(Illuminate\\Session\\Store), Object(Closure))
#29 D:\\ketapang\\AgroWaste-course\\vendor\\laravel\\framework\\src\\Illuminate\\Pipeline\\Pipeline.php(209): Illuminate\\Session\\Middleware\\StartSession->handle(Object(Illuminate\\Http\\Request), Object(Closure))
#30 D:\\ketapang\\AgroWaste-course\\vendor\\laravel\\framework\\src\\Illuminate\\Cookie\\Middleware\\AddQueuedCookiesToResponse.php(37): Illuminate\\Pipeline\\Pipeline->Illuminate\\Pipeline\\{closure}(Object(Illuminate\\Http\\Request))
#31 D:\\ketapang\\AgroWaste-course\\vendor\\laravel\\framework\\src\\Illuminate\\Pipeline\\Pipeline.php(209): Illuminate\\Cookie\\Middleware\\AddQueuedCookiesToResponse->handle(Object(Illuminate\\Http\\Request), Object(Closure))
#32 D:\\ketapang\\AgroWaste-course\\vendor\\laravel\\framework\\src\\Illuminate\\Cookie\\Middleware\\EncryptCookies.php(75): Illuminate\\Pipeline\\Pipeline->Illuminate\\Pipeline\\{closure}(Object(Illuminate\\Http\\Request))
#33 D:\\ketapang\\AgroWaste-course\\vendor\\laravel\\framework\\src\\Illuminate\\Pipeline\\Pipeline.php(209): Illuminate\\Cookie\\Middleware\\EncryptCookies->handle(Object(Illuminate\\Http\\Request), Object(Closure))
#34 D:\\ketapang\\AgroWaste-course\\vendor\\laravel\\framework\\src\\Illuminate\\Pipeline\\Pipeline.php(127): Illuminate\\Pipeline\\Pipeline->Illuminate\\Pipeline\\{closure}(Object(Illuminate\\Http\\Request))
#35 D:\\ketapang\\AgroWaste-course\\vendor\\laravel\\framework\\src\\Illuminate\\Routing\\Router.php(807): Illuminate\\Pipeline\\Pipeline->then(Object(Closure))
#36 D:\\ketapang\\AgroWaste-course\\vendor\\laravel\\framework\\src\\Illuminate\\Routing\\Router.php(786): Illuminate\\Routing\\Router->runRouteWithinStack(Object(Illuminate\\Routing\\Route), Object(Illuminate\\Http\\Request))
#37 D:\\ketapang\\AgroWaste-course\\vendor\\laravel\\framework\\src\\Illuminate\\Routing\\Router.php(750): Illuminate\\Routing\\Router->runRoute(Object(Illuminate\\Http\\Request), Object(Illuminate\\Routing\\Route))
#38 D:\\ketapang\\AgroWaste-course\\vendor\\laravel\\framework\\src\\Illuminate\\Routing\\Router.php(739): Illuminate\\Routing\\Router->dispatchToRoute(Object(Illuminate\\Http\\Request))
#39 D:\\ketapang\\AgroWaste-course\\vendor\\laravel\\framework\\src\\Illuminate\\Foundation\\Http\\Kernel.php(201): Illuminate\\Routing\\Router->dispatch(Object(Illuminate\\Http\\Request))
#40 D:\\ketapang\\AgroWaste-course\\vendor\\laravel\\framework\\src\\Illuminate\\Pipeline\\Pipeline.php(170): Illuminate\\Foundation\\Http\\Kernel->Illuminate\\Foundation\\Http\\{closure}(Object(Illuminate\\Http\\Request))
#41 D:\\ketapang\\AgroWaste-course\\vendor\\laravel\\framework\\src\\Illuminate\\Foundation\\Http\\Middleware\\TransformsRequest.php(21): Illuminate\\Pipeline\\Pipeline->Illuminate\\Pipeline\\{closure}(Object(Illuminate\\Http\\Request))
#42 D:\\ketapang\\AgroWaste-course\\vendor\\laravel\\framework\\src\\Illuminate\\Foundation\\Http\\Middleware\\ConvertEmptyStringsToNull.php(31): Illuminate\\Foundation\\Http\\Middleware\\TransformsRequest->handle(Object(Illuminate\\Http\\Request), Object(Closure))
#43 D:\\ketapang\\AgroWaste-course\\vendor\\laravel\\framework\\src\\Illuminate\\Pipeline\\Pipeline.php(209): Illuminate\\Foundation\\Http\\Middleware\\ConvertEmptyStringsToNull->handle(Object(Illuminate\\Http\\Request), Object(Closure))
#44 D:\\ketapang\\AgroWaste-course\\vendor\\laravel\\framework\\src\\Illuminate\\Foundation\\Http\\Middleware\\TransformsRequest.php(21): Illuminate\\Pipeline\\Pipeline->Illuminate\\Pipeline\\{closure}(Object(Illuminate\\Http\\Request))
#45 D:\\ketapang\\AgroWaste-course\\vendor\\laravel\\framework\\src\\Illuminate\\Foundation\\Http\\Middleware\\TrimStrings.php(51): Illuminate\\Foundation\\Http\\Middleware\\TransformsRequest->handle(Object(Illuminate\\Http\\Request), Object(Closure))
#46 D:\\ketapang\\AgroWaste-course\\vendor\\laravel\\framework\\src\\Illuminate\\Pipeline\\Pipeline.php(209): Illuminate\\Foundation\\Http\\Middleware\\TrimStrings->handle(Object(Illuminate\\Http\\Request), Object(Closure))
#47 D:\\ketapang\\AgroWaste-course\\vendor\\laravel\\framework\\src\\Illuminate\\Http\\Middleware\\ValidatePostSize.php(27): Illuminate\\Pipeline\\Pipeline->Illuminate\\Pipeline\\{closure}(Object(Illuminate\\Http\\Request))
#48 D:\\ketapang\\AgroWaste-course\\vendor\\laravel\\framework\\src\\Illuminate\\Pipeline\\Pipeline.php(209): Illuminate\\Http\\Middleware\\ValidatePostSize->handle(Object(Illuminate\\Http\\Request), Object(Closure))
#49 D:\\ketapang\\AgroWaste-course\\vendor\\laravel\\framework\\src\\Illuminate\\Foundation\\Http\\Middleware\\PreventRequestsDuringMaintenance.php(110): Illuminate\\Pipeline\\Pipeline->Illuminate\\Pipeline\\{closure}(Object(Illuminate\\Http\\Request))
#50 D:\\ketapang\\AgroWaste-course\\vendor\\laravel\\framework\\src\\Illuminate\\Pipeline\\Pipeline.php(209): Illuminate\\Foundation\\Http\\Middleware\\PreventRequestsDuringMaintenance->handle(Object(Illuminate\\Http\\Request), Object(Closure))
#51 D:\\ketapang\\AgroWaste-course\\vendor\\laravel\\framework\\src\\Illuminate\\Http\\Middleware\\HandleCors.php(49): Illuminate\\Pipeline\\Pipeline->Illuminate\\Pipeline\\{closure}(Object(Illuminate\\Http\\Request))
#52 D:\\ketapang\\AgroWaste-course\\vendor\\laravel\\framework\\src\\Illuminate\\Pipeline\\Pipeline.php(209): Illuminate\\Http\\Middleware\\HandleCors->handle(Object(Illuminate\\Http\\Request), Object(Closure))
#53 D:\\ketapang\\AgroWaste-course\\vendor\\laravel\\framework\\src\\Illuminate\\Http\\Middleware\\TrustProxies.php(58): Illuminate\\Pipeline\\Pipeline->Illuminate\\Pipeline\\{closure}(Object(Illuminate\\Http\\Request))
#54 D:\\ketapang\\AgroWaste-course\\vendor\\laravel\\framework\\src\\Illuminate\\Pipeline\\Pipeline.php(209): Illuminate\\Http\\Middleware\\TrustProxies->handle(Object(Illuminate\\Http\\Request), Object(Closure))
#55 D:\\ketapang\\AgroWaste-course\\vendor\\laravel\\framework\\src\\Illuminate\\Foundation\\Http\\Middleware\\InvokeDeferredCallbacks.php(22): Illuminate\\Pipeline\\Pipeline->Illuminate\\Pipeline\\{closure}(Object(Illuminate\\Http\\Request))
#56 D:\\ketapang\\AgroWaste-course\\vendor\\laravel\\framework\\src\\Illuminate\\Pipeline\\Pipeline.php(209): Illuminate\\Foundation\\Http\\Middleware\\InvokeDeferredCallbacks->handle(Object(Illuminate\\Http\\Request), Object(Closure))
#57 D:\\ketapang\\AgroWaste-course\\vendor\\laravel\\framework\\src\\Illuminate\\Pipeline\\Pipeline.php(127): Illuminate\\Pipeline\\Pipeline->Illuminate\\Pipeline\\{closure}(Object(Illuminate\\Http\\Request))
#58 D:\\ketapang\\AgroWaste-course\\vendor\\laravel\\framework\\src\\Illuminate\\Foundation\\Http\\Kernel.php(176): Illuminate\\Pipeline\\Pipeline->then(Object(Closure))
#59 D:\\ketapang\\AgroWaste-course\\vendor\\laravel\\framework\\src\\Illuminate\\Foundation\\Http\\Kernel.php(145): Illuminate\\Foundation\\Http\\Kernel->sendRequestThroughRouter(Object(Illuminate\\Http\\Request))
#60 D:\\ketapang\\AgroWaste-course\\vendor\\laravel\\framework\\src\\Illuminate\\Foundation\\Application.php(1220): Illuminate\\Foundation\\Http\\Kernel->handle(Object(Illuminate\\Http\\Request))
#61 D:\\ketapang\\AgroWaste-course\\public\\index.php(17): Illuminate\\Foundation\\Application->handleRequest(Object(Illuminate\\Http\\Request))
#62 D:\\ketapang\\AgroWaste-course\\vendor\\laravel\\framework\\src\\Illuminate\\Foundation\\resources\\server.php(23): require_once('D:\\\\ketapang\\\\Agr...')
#63 {main}
"} 
[2025-11-26 22:05:34] local.ERROR: Call to undefined method App\Models\CourseContentProgress::courseContent() {"userId":5,"exception":"[object] (BadMethodCallException(code: 0): Call to undefined method App\\Models\\CourseContentProgress::courseContent() at D:\\ketapang\\AgroWaste-course\\vendor\\laravel\\framework\\src\\Illuminate\\Support\\Traits\\ForwardsCalls.php:67)
[stacktrace]
#0 D:\\ketapang\\AgroWaste-course\\vendor\\laravel\\framework\\src\\Illuminate\\Support\\Traits\\ForwardsCalls.php(36): Illuminate\\Database\\Eloquent\\Model::throwBadMethodCallException('courseContent')
#1 D:\\ketapang\\AgroWaste-course\\vendor\\laravel\\framework\\src\\Illuminate\\Database\\Eloquent\\Model.php(2372): Illuminate\\Database\\Eloquent\\Model->forwardCallTo(Object(Illuminate\\Database\\Eloquent\\Builder), 'courseContent', Array)
#2 D:\\ketapang\\AgroWaste-course\\vendor\\laravel\\framework\\src\\Illuminate\\Database\\Eloquent\\Concerns\\QueriesRelationships.php(1046): Illuminate\\Database\\Eloquent\\Model->__call('courseContent', Array)
#3 D:\\ketapang\\AgroWaste-course\\vendor\\laravel\\framework\\src\\Illuminate\\Database\\Eloquent\\Relations\\Relation.php(120): Illuminate\\Database\\Eloquent\\Builder->Illuminate\\Database\\Eloquent\\Concerns\\{closure}()
#4 D:\\ketapang\\AgroWaste-course\\vendor\\laravel\\framework\\src\\Illuminate\\Database\\Eloquent\\Concerns\\QueriesRelationships.php(1045): Illuminate\\Database\\Eloquent\\Relations\\Relation::noConstraints(Object(Closure))
#5 D:\\ketapang\\AgroWaste-course\\vendor\\laravel\\framework\\src\\Illuminate\\Database\\Eloquent\\Concerns\\QueriesRelationships.php(45): Illuminate\\Database\\Eloquent\\Builder->getRelationWithoutConstraints('courseContent')
#6 D:\\ketapang\\AgroWaste-course\\vendor\\laravel\\framework\\src\\Illuminate\\Database\\Eloquent\\Concerns\\QueriesRelationships.php(162): Illuminate\\Database\\Eloquent\\Builder->has('courseContent', '>=', 1, 'and', Object(Closure))
#7 D:\\ketapang\\AgroWaste-course\\app\\Http\\Controllers\\CourseController.php(183): Illuminate\\Database\\Eloquent\\Builder->whereHas('courseContent', Object(Closure))
#8 D:\\ketapang\\AgroWaste-course\\vendor\\laravel\\framework\\src\\Illuminate\\Routing\\ControllerDispatcher.php(47): App\\Http\\Controllers\\CourseController->onProgress()
#9 D:\\ketapang\\AgroWaste-course\\vendor\\laravel\\framework\\src\\Illuminate\\Routing\\Route.php(266): Illuminate\\Routing\\ControllerDispatcher->dispatch(Object(Illuminate\\Routing\\Route), Object(App\\Http\\Controllers\\CourseController), 'onProgress')
#10 D:\\ketapang\\AgroWaste-course\\vendor\\laravel\\framework\\src\\Illuminate\\Routing\\Route.php(212): Illuminate\\Routing\\Route->runController()
#11 D:\\ketapang\\AgroWaste-course\\vendor\\laravel\\framework\\src\\Illuminate\\Routing\\Router.php(808): Illuminate\\Routing\\Route->run()
#12 D:\\ketapang\\AgroWaste-course\\vendor\\laravel\\framework\\src\\Illuminate\\Pipeline\\Pipeline.php(170): Illuminate\\Routing\\Router->Illuminate\\Routing\\{closure}(Object(Illuminate\\Http\\Request))
#13 D:\\ketapang\\AgroWaste-course\\app\\Http\\Middleware\\Authenticate.php(18): Illuminate\\Pipeline\\Pipeline->Illuminate\\Pipeline\\{closure}(Object(Illuminate\\Http\\Request))
#14 D:\\ketapang\\AgroWaste-course\\vendor\\laravel\\framework\\src\\Illuminate\\Pipeline\\Pipeline.php(209): App\\Http\\Middleware\\Authenticate->handle(Object(Illuminate\\Http\\Request), Object(Closure))
#15 D:\\ketapang\\AgroWaste-course\\vendor\\inertiajs\\inertia-laravel\\src\\Middleware.php(96): Illuminate\\Pipeline\\Pipeline->Illuminate\\Pipeline\\{closure}(Object(Illuminate\\Http\\Request))
#16 D:\\ketapang\\AgroWaste-course\\vendor\\laravel\\framework\\src\\Illuminate\\Pipeline\\Pipeline.php(209): Inertia\\Middleware->handle(Object(Illuminate\\Http\\Request), Object(Closure))
#17 D:\\ketapang\\AgroWaste-course\\vendor\\laravel\\framework\\src\\Illuminate\\Routing\\Middleware\\SubstituteBindings.php(51): Illuminate\\Pipeline\\Pipeline->Illuminate\\Pipeline\\{closure}(Object(Illuminate\\Http\\Request))
#18 D:\\ketapang\\AgroWaste-course\\vendor\\laravel\\framework\\src\\Illuminate\\Pipeline\\Pipeline.php(209): Illuminate\\Routing\\Middleware\\SubstituteBindings->handle(Object(Illuminate\\Http\\Request), Object(Closure))
#19 D:\\ketapang\\AgroWaste-course\\vendor\\laravel\\framework\\src\\Illuminate\\Foundation\\Http\\Middleware\\VerifyCsrfToken.php(88): Illuminate\\Pipeline\\Pipeline->Illuminate\\Pipeline\\{closure}(Object(Illuminate\\Http\\Request))
#20 D:\\ketapang\\AgroWaste-course\\vendor\\laravel\\framework\\src\\Illuminate\\Pipeline\\Pipeline.php(209): Illuminate\\Foundation\\Http\\Middleware\\VerifyCsrfToken->handle(Object(Illuminate\\Http\\Request), Object(Closure))
#21 D:\\ketapang\\AgroWaste-course\\vendor\\laravel\\framework\\src\\Illuminate\\View\\Middleware\\ShareErrorsFromSession.php(49): Illuminate\\Pipeline\\Pipeline->Illuminate\\Pipeline\\{closure}(Object(Illuminate\\Http\\Request))
#22 D:\\ketapang\\AgroWaste-course\\vendor\\laravel\\framework\\src\\Illuminate\\Pipeline\\Pipeline.php(209): Illuminate\\View\\Middleware\\ShareErrorsFromSession->handle(Object(Illuminate\\Http\\Request), Object(Closure))
#23 D:\\ketapang\\AgroWaste-course\\vendor\\laravel\\framework\\src\\Illuminate\\Session\\Middleware\\StartSession.php(121): Illuminate\\Pipeline\\Pipeline->Illuminate\\Pipeline\\{closure}(Object(Illuminate\\Http\\Request))
#24 D:\\ketapang\\AgroWaste-course\\vendor\\laravel\\framework\\src\\Illuminate\\Session\\Middleware\\StartSession.php(64): Illuminate\\Session\\Middleware\\StartSession->handleStatefulRequest(Object(Illuminate\\Http\\Request), Object(Illuminate\\Session\\Store), Object(Closure))
#25 D:\\ketapang\\AgroWaste-course\\vendor\\laravel\\framework\\src\\Illuminate\\Pipeline\\Pipeline.php(209): Illuminate\\Session\\Middleware\\StartSession->handle(Object(Illuminate\\Http\\Request), Object(Closure))
#26 D:\\ketapang\\AgroWaste-course\\vendor\\laravel\\framework\\src\\Illuminate\\Cookie\\Middleware\\AddQueuedCookiesToResponse.php(37): Illuminate\\Pipeline\\Pipeline->Illuminate\\Pipeline\\{closure}(Object(Illuminate\\Http\\Request))
#27 D:\\ketapang\\AgroWaste-course\\vendor\\laravel\\framework\\src\\Illuminate\\Pipeline\\Pipeline.php(209): Illuminate\\Cookie\\Middleware\\AddQueuedCookiesToResponse->handle(Object(Illuminate\\Http\\Request), Object(Closure))
#28 D:\\ketapang\\AgroWaste-course\\vendor\\laravel\\framework\\src\\Illuminate\\Cookie\\Middleware\\EncryptCookies.php(75): Illuminate\\Pipeline\\Pipeline->Illuminate\\Pipeline\\{closure}(Object(Illuminate\\Http\\Request))
#29 D:\\ketapang\\AgroWaste-course\\vendor\\laravel\\framework\\src\\Illuminate\\Pipeline\\Pipeline.php(209): Illuminate\\Cookie\\Middleware\\EncryptCookies->handle(Object(Illuminate\\Http\\Request), Object(Closure))
#30 D:\\ketapang\\AgroWaste-course\\vendor\\laravel\\framework\\src\\Illuminate\\Pipeline\\Pipeline.php(127): Illuminate\\Pipeline\\Pipeline->Illuminate\\Pipeline\\{closure}(Object(Illuminate\\Http\\Request))
#31 D:\\ketapang\\AgroWaste-course\\vendor\\laravel\\framework\\src\\Illuminate\\Routing\\Router.php(807): Illuminate\\Pipeline\\Pipeline->then(Object(Closure))
#32 D:\\ketapang\\AgroWaste-course\\vendor\\laravel\\framework\\src\\Illuminate\\Routing\\Router.php(786): Illuminate\\Routing\\Router->runRouteWithinStack(Object(Illuminate\\Routing\\Route), Object(Illuminate\\Http\\Request))
#33 D:\\ketapang\\AgroWaste-course\\vendor\\laravel\\framework\\src\\Illuminate\\Routing\\Router.php(750): Illuminate\\Routing\\Router->runRoute(Object(Illuminate\\Http\\Request), Object(Illuminate\\Routing\\Route))
#34 D:\\ketapang\\AgroWaste-course\\vendor\\laravel\\framework\\src\\Illuminate\\Routing\\Router.php(739): Illuminate\\Routing\\Router->dispatchToRoute(Object(Illuminate\\Http\\Request))
#35 D:\\ketapang\\AgroWaste-course\\vendor\\laravel\\framework\\src\\Illuminate\\Foundation\\Http\\Kernel.php(201): Illuminate\\Routing\\Router->dispatch(Object(Illuminate\\Http\\Request))
#36 D:\\ketapang\\AgroWaste-course\\vendor\\laravel\\framework\\src\\Illuminate\\Pipeline\\Pipeline.php(170): Illuminate\\Foundation\\Http\\Kernel->Illuminate\\Foundation\\Http\\{closure}(Object(Illuminate\\Http\\Request))
#37 D:\\ketapang\\AgroWaste-course\\vendor\\laravel\\framework\\src\\Illuminate\\Foundation\\Http\\Middleware\\TransformsRequest.php(21): Illuminate\\Pipeline\\Pipeline->Illuminate\\Pipeline\\{closure}(Object(Illuminate\\Http\\Request))
#38 D:\\ketapang\\AgroWaste-course\\vendor\\laravel\\framework\\src\\Illuminate\\Foundation\\Http\\Middleware\\ConvertEmptyStringsToNull.php(31): Illuminate\\Foundation\\Http\\Middleware\\TransformsRequest->handle(Object(Illuminate\\Http\\Request), Object(Closure))
#39 D:\\ketapang\\AgroWaste-course\\vendor\\laravel\\framework\\src\\Illuminate\\Pipeline\\Pipeline.php(209): Illuminate\\Foundation\\Http\\Middleware\\ConvertEmptyStringsToNull->handle(Object(Illuminate\\Http\\Request), Object(Closure))
#40 D:\\ketapang\\AgroWaste-course\\vendor\\laravel\\framework\\src\\Illuminate\\Foundation\\Http\\Middleware\\TransformsRequest.php(21): Illuminate\\Pipeline\\Pipeline->Illuminate\\Pipeline\\{closure}(Object(Illuminate\\Http\\Request))
#41 D:\\ketapang\\AgroWaste-course\\vendor\\laravel\\framework\\src\\Illuminate\\Foundation\\Http\\Middleware\\TrimStrings.php(51): Illuminate\\Foundation\\Http\\Middleware\\TransformsRequest->handle(Object(Illuminate\\Http\\Request), Object(Closure))
#42 D:\\ketapang\\AgroWaste-course\\vendor\\laravel\\framework\\src\\Illuminate\\Pipeline\\Pipeline.php(209): Illuminate\\Foundation\\Http\\Middleware\\TrimStrings->handle(Object(Illuminate\\Http\\Request), Object(Closure))
#43 D:\\ketapang\\AgroWaste-course\\vendor\\laravel\\framework\\src\\Illuminate\\Http\\Middleware\\ValidatePostSize.php(27): Illuminate\\Pipeline\\Pipeline->Illuminate\\Pipeline\\{closure}(Object(Illuminate\\Http\\Request))
#44 D:\\ketapang\\AgroWaste-course\\vendor\\laravel\\framework\\src\\Illuminate\\Pipeline\\Pipeline.php(209): Illuminate\\Http\\Middleware\\ValidatePostSize->handle(Object(Illuminate\\Http\\Request), Object(Closure))
#45 D:\\ketapang\\AgroWaste-course\\vendor\\laravel\\framework\\src\\Illuminate\\Foundation\\Http\\Middleware\\PreventRequestsDuringMaintenance.php(110): Illuminate\\Pipeline\\Pipeline->Illuminate\\Pipeline\\{closure}(Object(Illuminate\\Http\\Request))
#46 D:\\ketapang\\AgroWaste-course\\vendor\\laravel\\framework\\src\\Illuminate\\Pipeline\\Pipeline.php(209): Illuminate\\Foundation\\Http\\Middleware\\PreventRequestsDuringMaintenance->handle(Object(Illuminate\\Http\\Request), Object(Closure))
#47 D:\\ketapang\\AgroWaste-course\\vendor\\laravel\\framework\\src\\Illuminate\\Http\\Middleware\\HandleCors.php(49): Illuminate\\Pipeline\\Pipeline->Illuminate\\Pipeline\\{closure}(Object(Illuminate\\Http\\Request))
#48 D:\\ketapang\\AgroWaste-course\\vendor\\laravel\\framework\\src\\Illuminate\\Pipeline\\Pipeline.php(209): Illuminate\\Http\\Middleware\\HandleCors->handle(Object(Illuminate\\Http\\Request), Object(Closure))
#49 D:\\ketapang\\AgroWaste-course\\vendor\\laravel\\framework\\src\\Illuminate\\Http\\Middleware\\TrustProxies.php(58): Illuminate\\Pipeline\\Pipeline->Illuminate\\Pipeline\\{closure}(Object(Illuminate\\Http\\Request))
#50 D:\\ketapang\\AgroWaste-course\\vendor\\laravel\\framework\\src\\Illuminate\\Pipeline\\Pipeline.php(209): Illuminate\\Http\\Middleware\\TrustProxies->handle(Object(Illuminate\\Http\\Request), Object(Closure))
#51 D:\\ketapang\\AgroWaste-course\\vendor\\laravel\\framework\\src\\Illuminate\\Foundation\\Http\\Middleware\\InvokeDeferredCallbacks.php(22): Illuminate\\Pipeline\\Pipeline->Illuminate\\Pipeline\\{closure}(Object(Illuminate\\Http\\Request))
#52 D:\\ketapang\\AgroWaste-course\\vendor\\laravel\\framework\\src\\Illuminate\\Pipeline\\Pipeline.php(209): Illuminate\\Foundation\\Http\\Middleware\\InvokeDeferredCallbacks->handle(Object(Illuminate\\Http\\Request), Object(Closure))
#53 D:\\ketapang\\AgroWaste-course\\vendor\\laravel\\framework\\src\\Illuminate\\Pipeline\\Pipeline.php(127): Illuminate\\Pipeline\\Pipeline->Illuminate\\Pipeline\\{closure}(Object(Illuminate\\Http\\Request))
#54 D:\\ketapang\\AgroWaste-course\\vendor\\laravel\\framework\\src\\Illuminate\\Foundation\\Http\\Kernel.php(176): Illuminate\\Pipeline\\Pipeline->then(Object(Closure))
#55 D:\\ketapang\\AgroWaste-course\\vendor\\laravel\\framework\\src\\Illuminate\\Foundation\\Http\\Kernel.php(145): Illuminate\\Foundation\\Http\\Kernel->sendRequestThroughRouter(Object(Illuminate\\Http\\Request))
#56 D:\\ketapang\\AgroWaste-course\\vendor\\laravel\\framework\\src\\Illuminate\\Foundation\\Application.php(1220): Illuminate\\Foundation\\Http\\Kernel->handle(Object(Illuminate\\Http\\Request))
#57 D:\\ketapang\\AgroWaste-course\\public\\index.php(17): Illuminate\\Foundation\\Application->handleRequest(Object(Illuminate\\Http\\Request))
#58 D:\\ketapang\\AgroWaste-course\\vendor\\laravel\\framework\\src\\Illuminate\\Foundation\\resources\\server.php(23): require_once('D:\\\\ketapang\\\\Agr...')
#59 {main}
"} 
[2025-11-26 22:05:39] local.ERROR: Call to undefined method App\Models\CourseContentProgress::courseContent() {"userId":5,"exception":"[object] (BadMethodCallException(code: 0): Call to undefined method App\\Models\\CourseContentProgress::courseContent() at D:\\ketapang\\AgroWaste-course\\vendor\\laravel\\framework\\src\\Illuminate\\Support\\Traits\\ForwardsCalls.php:67)
[stacktrace]
#0 D:\\ketapang\\AgroWaste-course\\vendor\\laravel\\framework\\src\\Illuminate\\Support\\Traits\\ForwardsCalls.php(36): Illuminate\\Database\\Eloquent\\Model::throwBadMethodCallException('courseContent')
#1 D:\\ketapang\\AgroWaste-course\\vendor\\laravel\\framework\\src\\Illuminate\\Database\\Eloquent\\Model.php(2372): Illuminate\\Database\\Eloquent\\Model->forwardCallTo(Object(Illuminate\\Database\\Eloquent\\Builder), 'courseContent', Array)
#2 D:\\ketapang\\AgroWaste-course\\vendor\\laravel\\framework\\src\\Illuminate\\Database\\Eloquent\\Concerns\\QueriesRelationships.php(1046): Illuminate\\Database\\Eloquent\\Model->__call('courseContent', Array)
#3 D:\\ketapang\\AgroWaste-course\\vendor\\laravel\\framework\\src\\Illuminate\\Database\\Eloquent\\Relations\\Relation.php(120): Illuminate\\Database\\Eloquent\\Builder->Illuminate\\Database\\Eloquent\\Concerns\\{closure}()
#4 D:\\ketapang\\AgroWaste-course\\vendor\\laravel\\framework\\src\\Illuminate\\Database\\Eloquent\\Concerns\\QueriesRelationships.php(1045): Illuminate\\Database\\Eloquent\\Relations\\Relation::noConstraints(Object(Closure))
#5 D:\\ketapang\\AgroWaste-course\\vendor\\laravel\\framework\\src\\Illuminate\\Database\\Eloquent\\Concerns\\QueriesRelationships.php(45): Illuminate\\Database\\Eloquent\\Builder->getRelationWithoutConstraints('courseContent')
#6 D:\\ketapang\\AgroWaste-course\\vendor\\laravel\\framework\\src\\Illuminate\\Database\\Eloquent\\Concerns\\QueriesRelationships.php(162): Illuminate\\Database\\Eloquent\\Builder->has('courseContent', '>=', 1, 'and', Object(Closure))
#7 D:\\ketapang\\AgroWaste-course\\app\\Http\\Controllers\\CourseController.php(183): Illuminate\\Database\\Eloquent\\Builder->whereHas('courseContent', Object(Closure))
#8 D:\\ketapang\\AgroWaste-course\\vendor\\laravel\\framework\\src\\Illuminate\\Routing\\ControllerDispatcher.php(47): App\\Http\\Controllers\\CourseController->onProgress()
#9 D:\\ketapang\\AgroWaste-course\\vendor\\laravel\\framework\\src\\Illuminate\\Routing\\Route.php(266): Illuminate\\Routing\\ControllerDispatcher->dispatch(Object(Illuminate\\Routing\\Route), Object(App\\Http\\Controllers\\CourseController), 'onProgress')
#10 D:\\ketapang\\AgroWaste-course\\vendor\\laravel\\framework\\src\\Illuminate\\Routing\\Route.php(212): Illuminate\\Routing\\Route->runController()
#11 D:\\ketapang\\AgroWaste-course\\vendor\\laravel\\framework\\src\\Illuminate\\Routing\\Router.php(808): Illuminate\\Routing\\Route->run()
#12 D:\\ketapang\\AgroWaste-course\\vendor\\laravel\\framework\\src\\Illuminate\\Pipeline\\Pipeline.php(170): Illuminate\\Routing\\Router->Illuminate\\Routing\\{closure}(Object(Illuminate\\Http\\Request))
#13 D:\\ketapang\\AgroWaste-course\\app\\Http\\Middleware\\Authenticate.php(18): Illuminate\\Pipeline\\Pipeline->Illuminate\\Pipeline\\{closure}(Object(Illuminate\\Http\\Request))
#14 D:\\ketapang\\AgroWaste-course\\vendor\\laravel\\framework\\src\\Illuminate\\Pipeline\\Pipeline.php(209): App\\Http\\Middleware\\Authenticate->handle(Object(Illuminate\\Http\\Request), Object(Closure))
#15 D:\\ketapang\\AgroWaste-course\\vendor\\inertiajs\\inertia-laravel\\src\\Middleware.php(96): Illuminate\\Pipeline\\Pipeline->Illuminate\\Pipeline\\{closure}(Object(Illuminate\\Http\\Request))
#16 D:\\ketapang\\AgroWaste-course\\vendor\\laravel\\framework\\src\\Illuminate\\Pipeline\\Pipeline.php(209): Inertia\\Middleware->handle(Object(Illuminate\\Http\\Request), Object(Closure))
#17 D:\\ketapang\\AgroWaste-course\\vendor\\laravel\\framework\\src\\Illuminate\\Routing\\Middleware\\SubstituteBindings.php(51): Illuminate\\Pipeline\\Pipeline->Illuminate\\Pipeline\\{closure}(Object(Illuminate\\Http\\Request))
#18 D:\\ketapang\\AgroWaste-course\\vendor\\laravel\\framework\\src\\Illuminate\\Pipeline\\Pipeline.php(209): Illuminate\\Routing\\Middleware\\SubstituteBindings->handle(Object(Illuminate\\Http\\Request), Object(Closure))
#19 D:\\ketapang\\AgroWaste-course\\vendor\\laravel\\framework\\src\\Illuminate\\Foundation\\Http\\Middleware\\VerifyCsrfToken.php(88): Illuminate\\Pipeline\\Pipeline->Illuminate\\Pipeline\\{closure}(Object(Illuminate\\Http\\Request))
#20 D:\\ketapang\\AgroWaste-course\\vendor\\laravel\\framework\\src\\Illuminate\\Pipeline\\Pipeline.php(209): Illuminate\\Foundation\\Http\\Middleware\\VerifyCsrfToken->handle(Object(Illuminate\\Http\\Request), Object(Closure))
#21 D:\\ketapang\\AgroWaste-course\\vendor\\laravel\\framework\\src\\Illuminate\\View\\Middleware\\ShareErrorsFromSession.php(49): Illuminate\\Pipeline\\Pipeline->Illuminate\\Pipeline\\{closure}(Object(Illuminate\\Http\\Request))
#22 D:\\ketapang\\AgroWaste-course\\vendor\\laravel\\framework\\src\\Illuminate\\Pipeline\\Pipeline.php(209): Illuminate\\View\\Middleware\\ShareErrorsFromSession->handle(Object(Illuminate\\Http\\Request), Object(Closure))
#23 D:\\ketapang\\AgroWaste-course\\vendor\\laravel\\framework\\src\\Illuminate\\Session\\Middleware\\StartSession.php(121): Illuminate\\Pipeline\\Pipeline->Illuminate\\Pipeline\\{closure}(Object(Illuminate\\Http\\Request))
#24 D:\\ketapang\\AgroWaste-course\\vendor\\laravel\\framework\\src\\Illuminate\\Session\\Middleware\\StartSession.php(64): Illuminate\\Session\\Middleware\\StartSession->handleStatefulRequest(Object(Illuminate\\Http\\Request), Object(Illuminate\\Session\\Store), Object(Closure))
#25 D:\\ketapang\\AgroWaste-course\\vendor\\laravel\\framework\\src\\Illuminate\\Pipeline\\Pipeline.php(209): Illuminate\\Session\\Middleware\\StartSession->handle(Object(Illuminate\\Http\\Request), Object(Closure))
#26 D:\\ketapang\\AgroWaste-course\\vendor\\laravel\\framework\\src\\Illuminate\\Cookie\\Middleware\\AddQueuedCookiesToResponse.php(37): Illuminate\\Pipeline\\Pipeline->Illuminate\\Pipeline\\{closure}(Object(Illuminate\\Http\\Request))
#27 D:\\ketapang\\AgroWaste-course\\vendor\\laravel\\framework\\src\\Illuminate\\Pipeline\\Pipeline.php(209): Illuminate\\Cookie\\Middleware\\AddQueuedCookiesToResponse->handle(Object(Illuminate\\Http\\Request), Object(Closure))
#28 D:\\ketapang\\AgroWaste-course\\vendor\\laravel\\framework\\src\\Illuminate\\Cookie\\Middleware\\EncryptCookies.php(75): Illuminate\\Pipeline\\Pipeline->Illuminate\\Pipeline\\{closure}(Object(Illuminate\\Http\\Request))
#29 D:\\ketapang\\AgroWaste-course\\vendor\\laravel\\framework\\src\\Illuminate\\Pipeline\\Pipeline.php(209): Illuminate\\Cookie\\Middleware\\EncryptCookies->handle(Object(Illuminate\\Http\\Request), Object(Closure))
#30 D:\\ketapang\\AgroWaste-course\\vendor\\laravel\\framework\\src\\Illuminate\\Pipeline\\Pipeline.php(127): Illuminate\\Pipeline\\Pipeline->Illuminate\\Pipeline\\{closure}(Object(Illuminate\\Http\\Request))
#31 D:\\ketapang\\AgroWaste-course\\vendor\\laravel\\framework\\src\\Illuminate\\Routing\\Router.php(807): Illuminate\\Pipeline\\Pipeline->then(Object(Closure))
#32 D:\\ketapang\\AgroWaste-course\\vendor\\laravel\\framework\\src\\Illuminate\\Routing\\Router.php(786): Illuminate\\Routing\\Router->runRouteWithinStack(Object(Illuminate\\Routing\\Route), Object(Illuminate\\Http\\Request))
#33 D:\\ketapang\\AgroWaste-course\\vendor\\laravel\\framework\\src\\Illuminate\\Routing\\Router.php(750): Illuminate\\Routing\\Router->runRoute(Object(Illuminate\\Http\\Request), Object(Illuminate\\Routing\\Route))
#34 D:\\ketapang\\AgroWaste-course\\vendor\\laravel\\framework\\src\\Illuminate\\Routing\\Router.php(739): Illuminate\\Routing\\Router->dispatchToRoute(Object(Illuminate\\Http\\Request))
#35 D:\\ketapang\\AgroWaste-course\\vendor\\laravel\\framework\\src\\Illuminate\\Foundation\\Http\\Kernel.php(201): Illuminate\\Routing\\Router->dispatch(Object(Illuminate\\Http\\Request))
#36 D:\\ketapang\\AgroWaste-course\\vendor\\laravel\\framework\\src\\Illuminate\\Pipeline\\Pipeline.php(170): Illuminate\\Foundation\\Http\\Kernel->Illuminate\\Foundation\\Http\\{closure}(Object(Illuminate\\Http\\Request))
#37 D:\\ketapang\\AgroWaste-course\\vendor\\laravel\\framework\\src\\Illuminate\\Foundation\\Http\\Middleware\\TransformsRequest.php(21): Illuminate\\Pipeline\\Pipeline->Illuminate\\Pipeline\\{closure}(Object(Illuminate\\Http\\Request))
#38 D:\\ketapang\\AgroWaste-course\\vendor\\laravel\\framework\\src\\Illuminate\\Foundation\\Http\\Middleware\\ConvertEmptyStringsToNull.php(31): Illuminate\\Foundation\\Http\\Middleware\\TransformsRequest->handle(Object(Illuminate\\Http\\Request), Object(Closure))
#39 D:\\ketapang\\AgroWaste-course\\vendor\\laravel\\framework\\src\\Illuminate\\Pipeline\\Pipeline.php(209): Illuminate\\Foundation\\Http\\Middleware\\ConvertEmptyStringsToNull->handle(Object(Illuminate\\Http\\Request), Object(Closure))
#40 D:\\ketapang\\AgroWaste-course\\vendor\\laravel\\framework\\src\\Illuminate\\Foundation\\Http\\Middleware\\TransformsRequest.php(21): Illuminate\\Pipeline\\Pipeline->Illuminate\\Pipeline\\{closure}(Object(Illuminate\\Http\\Request))
#41 D:\\ketapang\\AgroWaste-course\\vendor\\laravel\\framework\\src\\Illuminate\\Foundation\\Http\\Middleware\\TrimStrings.php(51): Illuminate\\Foundation\\Http\\Middleware\\TransformsRequest->handle(Object(Illuminate\\Http\\Request), Object(Closure))
#42 D:\\ketapang\\AgroWaste-course\\vendor\\laravel\\framework\\src\\Illuminate\\Pipeline\\Pipeline.php(209): Illuminate\\Foundation\\Http\\Middleware\\TrimStrings->handle(Object(Illuminate\\Http\\Request), Object(Closure))
#43 D:\\ketapang\\AgroWaste-course\\vendor\\laravel\\framework\\src\\Illuminate\\Http\\Middleware\\ValidatePostSize.php(27): Illuminate\\Pipeline\\Pipeline->Illuminate\\Pipeline\\{closure}(Object(Illuminate\\Http\\Request))
#44 D:\\ketapang\\AgroWaste-course\\vendor\\laravel\\framework\\src\\Illuminate\\Pipeline\\Pipeline.php(209): Illuminate\\Http\\Middleware\\ValidatePostSize->handle(Object(Illuminate\\Http\\Request), Object(Closure))
#45 D:\\ketapang\\AgroWaste-course\\vendor\\laravel\\framework\\src\\Illuminate\\Foundation\\Http\\Middleware\\PreventRequestsDuringMaintenance.php(110): Illuminate\\Pipeline\\Pipeline->Illuminate\\Pipeline\\{closure}(Object(Illuminate\\Http\\Request))
#46 D:\\ketapang\\AgroWaste-course\\vendor\\laravel\\framework\\src\\Illuminate\\Pipeline\\Pipeline.php(209): Illuminate\\Foundation\\Http\\Middleware\\PreventRequestsDuringMaintenance->handle(Object(Illuminate\\Http\\Request), Object(Closure))
#47 D:\\ketapang\\AgroWaste-course\\vendor\\laravel\\framework\\src\\Illuminate\\Http\\Middleware\\HandleCors.php(49): Illuminate\\Pipeline\\Pipeline->Illuminate\\Pipeline\\{closure}(Object(Illuminate\\Http\\Request))
#48 D:\\ketapang\\AgroWaste-course\\vendor\\laravel\\framework\\src\\Illuminate\\Pipeline\\Pipeline.php(209): Illuminate\\Http\\Middleware\\HandleCors->handle(Object(Illuminate\\Http\\Request), Object(Closure))
#49 D:\\ketapang\\AgroWaste-course\\vendor\\laravel\\framework\\src\\Illuminate\\Http\\Middleware\\TrustProxies.php(58): Illuminate\\Pipeline\\Pipeline->Illuminate\\Pipeline\\{closure}(Object(Illuminate\\Http\\Request))
#50 D:\\ketapang\\AgroWaste-course\\vendor\\laravel\\framework\\src\\Illuminate\\Pipeline\\Pipeline.php(209): Illuminate\\Http\\Middleware\\TrustProxies->handle(Object(Illuminate\\Http\\Request), Object(Closure))
#51 D:\\ketapang\\AgroWaste-course\\vendor\\laravel\\framework\\src\\Illuminate\\Foundation\\Http\\Middleware\\InvokeDeferredCallbacks.php(22): Illuminate\\Pipeline\\Pipeline->Illuminate\\Pipeline\\{closure}(Object(Illuminate\\Http\\Request))
#52 D:\\ketapang\\AgroWaste-course\\vendor\\laravel\\framework\\src\\Illuminate\\Pipeline\\Pipeline.php(209): Illuminate\\Foundation\\Http\\Middleware\\InvokeDeferredCallbacks->handle(Object(Illuminate\\Http\\Request), Object(Closure))
#53 D:\\ketapang\\AgroWaste-course\\vendor\\laravel\\framework\\src\\Illuminate\\Pipeline\\Pipeline.php(127): Illuminate\\Pipeline\\Pipeline->Illuminate\\Pipeline\\{closure}(Object(Illuminate\\Http\\Request))
#54 D:\\ketapang\\AgroWaste-course\\vendor\\laravel\\framework\\src\\Illuminate\\Foundation\\Http\\Kernel.php(176): Illuminate\\Pipeline\\Pipeline->then(Object(Closure))
#55 D:\\ketapang\\AgroWaste-course\\vendor\\laravel\\framework\\src\\Illuminate\\Foundation\\Http\\Kernel.php(145): Illuminate\\Foundation\\Http\\Kernel->sendRequestThroughRouter(Object(Illuminate\\Http\\Request))
#56 D:\\ketapang\\AgroWaste-course\\vendor\\laravel\\framework\\src\\Illuminate\\Foundation\\Application.php(1220): Illuminate\\Foundation\\Http\\Kernel->handle(Object(Illuminate\\Http\\Request))
#57 D:\\ketapang\\AgroWaste-course\\public\\index.php(17): Illuminate\\Foundation\\Application->handleRequest(Object(Illuminate\\Http\\Request))
#58 D:\\ketapang\\AgroWaste-course\\vendor\\laravel\\framework\\src\\Illuminate\\Foundation\\resources\\server.php(23): require_once('D:\\\\ketapang\\\\Agr...')
#59 {main}
"} 
[2025-11-26 22:05:47] local.ERROR: SQLSTATE[42000]: [Microsoft][ODBC Driver 17 for SQL Server][SQL Server]A column has been specified more than once in the order by list. Columns in the order by list must be unique. (Connection: sqlsrv, SQL: select * from [course_contents] where [course_contents].[course_id] = 2 and [course_contents].[course_id] is not null and [is_active] = 1 order by [order] asc, [order] asc) {"userId":5,"exception":"[object] (Illuminate\\Database\\QueryException(code: 42000): SQLSTATE[42000]: [Microsoft][ODBC Driver 17 for SQL Server][SQL Server]A column has been specified more than once in the order by list. Columns in the order by list must be unique. (Connection: sqlsrv, SQL: select * from [course_contents] where [course_contents].[course_id] = 2 and [course_contents].[course_id] is not null and [is_active] = 1 order by [order] asc, [order] asc) at D:\\ketapang\\AgroWaste-course\\vendor\\laravel\\framework\\src\\Illuminate\\Database\\Connection.php:825)
[stacktrace]
#0 D:\\ketapang\\AgroWaste-course\\vendor\\laravel\\framework\\src\\Illuminate\\Database\\Connection.php(779): Illuminate\\Database\\Connection->runQueryCallback('select * from [...', Array, Object(Closure))
#1 D:\\ketapang\\AgroWaste-course\\vendor\\laravel\\framework\\src\\Illuminate\\Database\\Connection.php(398): Illuminate\\Database\\Connection->run('select * from [...', Array, Object(Closure))
#2 D:\\ketapang\\AgroWaste-course\\vendor\\laravel\\framework\\src\\Illuminate\\Database\\Query\\Builder.php(3106): Illuminate\\Database\\Connection->select('select * from [...', Array, true)
#3 D:\\ketapang\\AgroWaste-course\\vendor\\laravel\\framework\\src\\Illuminate\\Database\\Query\\Builder.php(3091): Illuminate\\Database\\Query\\Builder->runSelect()
#4 D:\\ketapang\\AgroWaste-course\\vendor\\laravel\\framework\\src\\Illuminate\\Database\\Query\\Builder.php(3676): Illuminate\\Database\\Query\\Builder->Illuminate\\Database\\Query\\{closure}()
#5 D:\\ketapang\\AgroWaste-course\\vendor\\laravel\\framework\\src\\Illuminate\\Database\\Query\\Builder.php(3090): Illuminate\\Database\\Query\\Builder->onceWithColumns(Array, Object(Closure))
#6 D:\\ketapang\\AgroWaste-course\\vendor\\laravel\\framework\\src\\Illuminate\\Database\\Eloquent\\Builder.php(811): Illuminate\\Database\\Query\\Builder->get(Array)
#7 D:\\ketapang\\AgroWaste-course\\vendor\\laravel\\framework\\src\\Illuminate\\Database\\Eloquent\\Builder.php(793): Illuminate\\Database\\Eloquent\\Builder->getModels(Array)
#8 D:\\ketapang\\AgroWaste-course\\vendor\\laravel\\framework\\src\\Illuminate\\Database\\Eloquent\\Relations\\Relation.php(213): Illuminate\\Database\\Eloquent\\Builder->get(Array)
#9 D:\\ketapang\\AgroWaste-course\\app\\Http\\Controllers\\CourseController.php(63): Illuminate\\Database\\Eloquent\\Relations\\Relation->get()
#10 D:\\ketapang\\AgroWaste-course\\vendor\\laravel\\framework\\src\\Illuminate\\Routing\\ControllerDispatcher.php(47): App\\Http\\Controllers\\CourseController->show('2')
#11 D:\\ketapang\\AgroWaste-course\\vendor\\laravel\\framework\\src\\Illuminate\\Routing\\Route.php(266): Illuminate\\Routing\\ControllerDispatcher->dispatch(Object(Illuminate\\Routing\\Route), Object(App\\Http\\Controllers\\CourseController), 'show')
#12 D:\\ketapang\\AgroWaste-course\\vendor\\laravel\\framework\\src\\Illuminate\\Routing\\Route.php(212): Illuminate\\Routing\\Route->runController()
#13 D:\\ketapang\\AgroWaste-course\\vendor\\laravel\\framework\\src\\Illuminate\\Routing\\Router.php(808): Illuminate\\Routing\\Route->run()
#14 D:\\ketapang\\AgroWaste-course\\vendor\\laravel\\framework\\src\\Illuminate\\Pipeline\\Pipeline.php(170): Illuminate\\Routing\\Router->Illuminate\\Routing\\{closure}(Object(Illuminate\\Http\\Request))
#15 D:\\ketapang\\AgroWaste-course\\app\\Http\\Middleware\\Authenticate.php(18): Illuminate\\Pipeline\\Pipeline->Illuminate\\Pipeline\\{closure}(Object(Illuminate\\Http\\Request))
#16 D:\\ketapang\\AgroWaste-course\\vendor\\laravel\\framework\\src\\Illuminate\\Pipeline\\Pipeline.php(209): App\\Http\\Middleware\\Authenticate->handle(Object(Illuminate\\Http\\Request), Object(Closure))
#17 D:\\ketapang\\AgroWaste-course\\vendor\\inertiajs\\inertia-laravel\\src\\Middleware.php(96): Illuminate\\Pipeline\\Pipeline->Illuminate\\Pipeline\\{closure}(Object(Illuminate\\Http\\Request))
#18 D:\\ketapang\\AgroWaste-course\\vendor\\laravel\\framework\\src\\Illuminate\\Pipeline\\Pipeline.php(209): Inertia\\Middleware->handle(Object(Illuminate\\Http\\Request), Object(Closure))
#19 D:\\ketapang\\AgroWaste-course\\vendor\\laravel\\framework\\src\\Illuminate\\Routing\\Middleware\\SubstituteBindings.php(51): Illuminate\\Pipeline\\Pipeline->Illuminate\\Pipeline\\{closure}(Object(Illuminate\\Http\\Request))
#20 D:\\ketapang\\AgroWaste-course\\vendor\\laravel\\framework\\src\\Illuminate\\Pipeline\\Pipeline.php(209): Illuminate\\Routing\\Middleware\\SubstituteBindings->handle(Object(Illuminate\\Http\\Request), Object(Closure))
#21 D:\\ketapang\\AgroWaste-course\\vendor\\laravel\\framework\\src\\Illuminate\\Foundation\\Http\\Middleware\\VerifyCsrfToken.php(88): Illuminate\\Pipeline\\Pipeline->Illuminate\\Pipeline\\{closure}(Object(Illuminate\\Http\\Request))
#22 D:\\ketapang\\AgroWaste-course\\vendor\\laravel\\framework\\src\\Illuminate\\Pipeline\\Pipeline.php(209): Illuminate\\Foundation\\Http\\Middleware\\VerifyCsrfToken->handle(Object(Illuminate\\Http\\Request), Object(Closure))
#23 D:\\ketapang\\AgroWaste-course\\vendor\\laravel\\framework\\src\\Illuminate\\View\\Middleware\\ShareErrorsFromSession.php(49): Illuminate\\Pipeline\\Pipeline->Illuminate\\Pipeline\\{closure}(Object(Illuminate\\Http\\Request))
#24 D:\\ketapang\\AgroWaste-course\\vendor\\laravel\\framework\\src\\Illuminate\\Pipeline\\Pipeline.php(209): Illuminate\\View\\Middleware\\ShareErrorsFromSession->handle(Object(Illuminate\\Http\\Request), Object(Closure))
#25 D:\\ketapang\\AgroWaste-course\\vendor\\laravel\\framework\\src\\Illuminate\\Session\\Middleware\\StartSession.php(121): Illuminate\\Pipeline\\Pipeline->Illuminate\\Pipeline\\{closure}(Object(Illuminate\\Http\\Request))
#26 D:\\ketapang\\AgroWaste-course\\vendor\\laravel\\framework\\src\\Illuminate\\Session\\Middleware\\StartSession.php(64): Illuminate\\Session\\Middleware\\StartSession->handleStatefulRequest(Object(Illuminate\\Http\\Request), Object(Illuminate\\Session\\Store), Object(Closure))
#27 D:\\ketapang\\AgroWaste-course\\vendor\\laravel\\framework\\src\\Illuminate\\Pipeline\\Pipeline.php(209): Illuminate\\Session\\Middleware\\StartSession->handle(Object(Illuminate\\Http\\Request), Object(Closure))
#28 D:\\ketapang\\AgroWaste-course\\vendor\\laravel\\framework\\src\\Illuminate\\Cookie\\Middleware\\AddQueuedCookiesToResponse.php(37): Illuminate\\Pipeline\\Pipeline->Illuminate\\Pipeline\\{closure}(Object(Illuminate\\Http\\Request))
#29 D:\\ketapang\\AgroWaste-course\\vendor\\laravel\\framework\\src\\Illuminate\\Pipeline\\Pipeline.php(209): Illuminate\\Cookie\\Middleware\\AddQueuedCookiesToResponse->handle(Object(Illuminate\\Http\\Request), Object(Closure))
#30 D:\\ketapang\\AgroWaste-course\\vendor\\laravel\\framework\\src\\Illuminate\\Cookie\\Middleware\\EncryptCookies.php(75): Illuminate\\Pipeline\\Pipeline->Illuminate\\Pipeline\\{closure}(Object(Illuminate\\Http\\Request))
#31 D:\\ketapang\\AgroWaste-course\\vendor\\laravel\\framework\\src\\Illuminate\\Pipeline\\Pipeline.php(209): Illuminate\\Cookie\\Middleware\\EncryptCookies->handle(Object(Illuminate\\Http\\Request), Object(Closure))
#32 D:\\ketapang\\AgroWaste-course\\vendor\\laravel\\framework\\src\\Illuminate\\Pipeline\\Pipeline.php(127): Illuminate\\Pipeline\\Pipeline->Illuminate\\Pipeline\\{closure}(Object(Illuminate\\Http\\Request))
#33 D:\\ketapang\\AgroWaste-course\\vendor\\laravel\\framework\\src\\Illuminate\\Routing\\Router.php(807): Illuminate\\Pipeline\\Pipeline->then(Object(Closure))
#34 D:\\ketapang\\AgroWaste-course\\vendor\\laravel\\framework\\src\\Illuminate\\Routing\\Router.php(786): Illuminate\\Routing\\Router->runRouteWithinStack(Object(Illuminate\\Routing\\Route), Object(Illuminate\\Http\\Request))
#35 D:\\ketapang\\AgroWaste-course\\vendor\\laravel\\framework\\src\\Illuminate\\Routing\\Router.php(750): Illuminate\\Routing\\Router->runRoute(Object(Illuminate\\Http\\Request), Object(Illuminate\\Routing\\Route))
#36 D:\\ketapang\\AgroWaste-course\\vendor\\laravel\\framework\\src\\Illuminate\\Routing\\Router.php(739): Illuminate\\Routing\\Router->dispatchToRoute(Object(Illuminate\\Http\\Request))
#37 D:\\ketapang\\AgroWaste-course\\vendor\\laravel\\framework\\src\\Illuminate\\Foundation\\Http\\Kernel.php(201): Illuminate\\Routing\\Router->dispatch(Object(Illuminate\\Http\\Request))
#38 D:\\ketapang\\AgroWaste-course\\vendor\\laravel\\framework\\src\\Illuminate\\Pipeline\\Pipeline.php(170): Illuminate\\Foundation\\Http\\Kernel->Illuminate\\Foundation\\Http\\{closure}(Object(Illuminate\\Http\\Request))
#39 D:\\ketapang\\AgroWaste-course\\vendor\\laravel\\framework\\src\\Illuminate\\Foundation\\Http\\Middleware\\TransformsRequest.php(21): Illuminate\\Pipeline\\Pipeline->Illuminate\\Pipeline\\{closure}(Object(Illuminate\\Http\\Request))
#40 D:\\ketapang\\AgroWaste-course\\vendor\\laravel\\framework\\src\\Illuminate\\Foundation\\Http\\Middleware\\ConvertEmptyStringsToNull.php(31): Illuminate\\Foundation\\Http\\Middleware\\TransformsRequest->handle(Object(Illuminate\\Http\\Request), Object(Closure))
#41 D:\\ketapang\\AgroWaste-course\\vendor\\laravel\\framework\\src\\Illuminate\\Pipeline\\Pipeline.php(209): Illuminate\\Foundation\\Http\\Middleware\\ConvertEmptyStringsToNull->handle(Object(Illuminate\\Http\\Request), Object(Closure))
#42 D:\\ketapang\\AgroWaste-course\\vendor\\laravel\\framework\\src\\Illuminate\\Foundation\\Http\\Middleware\\TransformsRequest.php(21): Illuminate\\Pipeline\\Pipeline->Illuminate\\Pipeline\\{closure}(Object(Illuminate\\Http\\Request))
#43 D:\\ketapang\\AgroWaste-course\\vendor\\laravel\\framework\\src\\Illuminate\\Foundation\\Http\\Middleware\\TrimStrings.php(51): Illuminate\\Foundation\\Http\\Middleware\\TransformsRequest->handle(Object(Illuminate\\Http\\Request), Object(Closure))
#44 D:\\ketapang\\AgroWaste-course\\vendor\\laravel\\framework\\src\\Illuminate\\Pipeline\\Pipeline.php(209): Illuminate\\Foundation\\Http\\Middleware\\TrimStrings->handle(Object(Illuminate\\Http\\Request), Object(Closure))
#45 D:\\ketapang\\AgroWaste-course\\vendor\\laravel\\framework\\src\\Illuminate\\Http\\Middleware\\ValidatePostSize.php(27): Illuminate\\Pipeline\\Pipeline->Illuminate\\Pipeline\\{closure}(Object(Illuminate\\Http\\Request))
#46 D:\\ketapang\\AgroWaste-course\\vendor\\laravel\\framework\\src\\Illuminate\\Pipeline\\Pipeline.php(209): Illuminate\\Http\\Middleware\\ValidatePostSize->handle(Object(Illuminate\\Http\\Request), Object(Closure))
#47 D:\\ketapang\\AgroWaste-course\\vendor\\laravel\\framework\\src\\Illuminate\\Foundation\\Http\\Middleware\\PreventRequestsDuringMaintenance.php(110): Illuminate\\Pipeline\\Pipeline->Illuminate\\Pipeline\\{closure}(Object(Illuminate\\Http\\Request))
#48 D:\\ketapang\\AgroWaste-course\\vendor\\laravel\\framework\\src\\Illuminate\\Pipeline\\Pipeline.php(209): Illuminate\\Foundation\\Http\\Middleware\\PreventRequestsDuringMaintenance->handle(Object(Illuminate\\Http\\Request), Object(Closure))
#49 D:\\ketapang\\AgroWaste-course\\vendor\\laravel\\framework\\src\\Illuminate\\Http\\Middleware\\HandleCors.php(49): Illuminate\\Pipeline\\Pipeline->Illuminate\\Pipeline\\{closure}(Object(Illuminate\\Http\\Request))
#50 D:\\ketapang\\AgroWaste-course\\vendor\\laravel\\framework\\src\\Illuminate\\Pipeline\\Pipeline.php(209): Illuminate\\Http\\Middleware\\HandleCors->handle(Object(Illuminate\\Http\\Request), Object(Closure))
#51 D:\\ketapang\\AgroWaste-course\\vendor\\laravel\\framework\\src\\Illuminate\\Http\\Middleware\\TrustProxies.php(58): Illuminate\\Pipeline\\Pipeline->Illuminate\\Pipeline\\{closure}(Object(Illuminate\\Http\\Request))
#52 D:\\ketapang\\AgroWaste-course\\vendor\\laravel\\framework\\src\\Illuminate\\Pipeline\\Pipeline.php(209): Illuminate\\Http\\Middleware\\TrustProxies->handle(Object(Illuminate\\Http\\Request), Object(Closure))
#53 D:\\ketapang\\AgroWaste-course\\vendor\\laravel\\framework\\src\\Illuminate\\Foundation\\Http\\Middleware\\InvokeDeferredCallbacks.php(22): Illuminate\\Pipeline\\Pipeline->Illuminate\\Pipeline\\{closure}(Object(Illuminate\\Http\\Request))
#54 D:\\ketapang\\AgroWaste-course\\vendor\\laravel\\framework\\src\\Illuminate\\Pipeline\\Pipeline.php(209): Illuminate\\Foundation\\Http\\Middleware\\InvokeDeferredCallbacks->handle(Object(Illuminate\\Http\\Request), Object(Closure))
#55 D:\\ketapang\\AgroWaste-course\\vendor\\laravel\\framework\\src\\Illuminate\\Pipeline\\Pipeline.php(127): Illuminate\\Pipeline\\Pipeline->Illuminate\\Pipeline\\{closure}(Object(Illuminate\\Http\\Request))
#56 D:\\ketapang\\AgroWaste-course\\vendor\\laravel\\framework\\src\\Illuminate\\Foundation\\Http\\Kernel.php(176): Illuminate\\Pipeline\\Pipeline->then(Object(Closure))
#57 D:\\ketapang\\AgroWaste-course\\vendor\\laravel\\framework\\src\\Illuminate\\Foundation\\Http\\Kernel.php(145): Illuminate\\Foundation\\Http\\Kernel->sendRequestThroughRouter(Object(Illuminate\\Http\\Request))
#58 D:\\ketapang\\AgroWaste-course\\vendor\\laravel\\framework\\src\\Illuminate\\Foundation\\Application.php(1220): Illuminate\\Foundation\\Http\\Kernel->handle(Object(Illuminate\\Http\\Request))
#59 D:\\ketapang\\AgroWaste-course\\public\\index.php(17): Illuminate\\Foundation\\Application->handleRequest(Object(Illuminate\\Http\\Request))
#60 D:\\ketapang\\AgroWaste-course\\vendor\\laravel\\framework\\src\\Illuminate\\Foundation\\resources\\server.php(23): require_once('D:\\\\ketapang\\\\Agr...')
#61 {main}

[previous exception] [object] (PDOException(code: 42000): SQLSTATE[42000]: [Microsoft][ODBC Driver 17 for SQL Server][SQL Server]A column has been specified more than once in the order by list. Columns in the order by list must be unique. at D:\\ketapang\\AgroWaste-course\\vendor\\laravel\\framework\\src\\Illuminate\\Database\\Connection.php:412)
[stacktrace]
#0 D:\\ketapang\\AgroWaste-course\\vendor\\laravel\\framework\\src\\Illuminate\\Database\\Connection.php(412): PDOStatement->execute()
#1 D:\\ketapang\\AgroWaste-course\\vendor\\laravel\\framework\\src\\Illuminate\\Database\\Connection.php(812): Illuminate\\Database\\Connection->Illuminate\\Database\\{closure}('select * from [...', Array)
#2 D:\\ketapang\\AgroWaste-course\\vendor\\laravel\\framework\\src\\Illuminate\\Database\\Connection.php(779): Illuminate\\Database\\Connection->runQueryCallback('select * from [...', Array, Object(Closure))
#3 D:\\ketapang\\AgroWaste-course\\vendor\\laravel\\framework\\src\\Illuminate\\Database\\Connection.php(398): Illuminate\\Database\\Connection->run('select * from [...', Array, Object(Closure))
#4 D:\\ketapang\\AgroWaste-course\\vendor\\laravel\\framework\\src\\Illuminate\\Database\\Query\\Builder.php(3106): Illuminate\\Database\\Connection->select('select * from [...', Array, true)
#5 D:\\ketapang\\AgroWaste-course\\vendor\\laravel\\framework\\src\\Illuminate\\Database\\Query\\Builder.php(3091): Illuminate\\Database\\Query\\Builder->runSelect()
#6 D:\\ketapang\\AgroWaste-course\\vendor\\laravel\\framework\\src\\Illuminate\\Database\\Query\\Builder.php(3676): Illuminate\\Database\\Query\\Builder->Illuminate\\Database\\Query\\{closure}()
#7 D:\\ketapang\\AgroWaste-course\\vendor\\laravel\\framework\\src\\Illuminate\\Database\\Query\\Builder.php(3090): Illuminate\\Database\\Query\\Builder->onceWithColumns(Array, Object(Closure))
#8 D:\\ketapang\\AgroWaste-course\\vendor\\laravel\\framework\\src\\Illuminate\\Database\\Eloquent\\Builder.php(811): Illuminate\\Database\\Query\\Builder->get(Array)
#9 D:\\ketapang\\AgroWaste-course\\vendor\\laravel\\framework\\src\\Illuminate\\Database\\Eloquent\\Builder.php(793): Illuminate\\Database\\Eloquent\\Builder->getModels(Array)
#10 D:\\ketapang\\AgroWaste-course\\vendor\\laravel\\framework\\src\\Illuminate\\Database\\Eloquent\\Relations\\Relation.php(213): Illuminate\\Database\\Eloquent\\Builder->get(Array)
#11 D:\\ketapang\\AgroWaste-course\\app\\Http\\Controllers\\CourseController.php(63): Illuminate\\Database\\Eloquent\\Relations\\Relation->get()
#12 D:\\ketapang\\AgroWaste-course\\vendor\\laravel\\framework\\src\\Illuminate\\Routing\\ControllerDispatcher.php(47): App\\Http\\Controllers\\CourseController->show('2')
#13 D:\\ketapang\\AgroWaste-course\\vendor\\laravel\\framework\\src\\Illuminate\\Routing\\Route.php(266): Illuminate\\Routing\\ControllerDispatcher->dispatch(Object(Illuminate\\Routing\\Route), Object(App\\Http\\Controllers\\CourseController), 'show')
#14 D:\\ketapang\\AgroWaste-course\\vendor\\laravel\\framework\\src\\Illuminate\\Routing\\Route.php(212): Illuminate\\Routing\\Route->runController()
#15 D:\\ketapang\\AgroWaste-course\\vendor\\laravel\\framework\\src\\Illuminate\\Routing\\Router.php(808): Illuminate\\Routing\\Route->run()
#16 D:\\ketapang\\AgroWaste-course\\vendor\\laravel\\framework\\src\\Illuminate\\Pipeline\\Pipeline.php(170): Illuminate\\Routing\\Router->Illuminate\\Routing\\{closure}(Object(Illuminate\\Http\\Request))
#17 D:\\ketapang\\AgroWaste-course\\app\\Http\\Middleware\\Authenticate.php(18): Illuminate\\Pipeline\\Pipeline->Illuminate\\Pipeline\\{closure}(Object(Illuminate\\Http\\Request))
#18 D:\\ketapang\\AgroWaste-course\\vendor\\laravel\\framework\\src\\Illuminate\\Pipeline\\Pipeline.php(209): App\\Http\\Middleware\\Authenticate->handle(Object(Illuminate\\Http\\Request), Object(Closure))
#19 D:\\ketapang\\AgroWaste-course\\vendor\\inertiajs\\inertia-laravel\\src\\Middleware.php(96): Illuminate\\Pipeline\\Pipeline->Illuminate\\Pipeline\\{closure}(Object(Illuminate\\Http\\Request))
#20 D:\\ketapang\\AgroWaste-course\\vendor\\laravel\\framework\\src\\Illuminate\\Pipeline\\Pipeline.php(209): Inertia\\Middleware->handle(Object(Illuminate\\Http\\Request), Object(Closure))
#21 D:\\ketapang\\AgroWaste-course\\vendor\\laravel\\framework\\src\\Illuminate\\Routing\\Middleware\\SubstituteBindings.php(51): Illuminate\\Pipeline\\Pipeline->Illuminate\\Pipeline\\{closure}(Object(Illuminate\\Http\\Request))
#22 D:\\ketapang\\AgroWaste-course\\vendor\\laravel\\framework\\src\\Illuminate\\Pipeline\\Pipeline.php(209): Illuminate\\Routing\\Middleware\\SubstituteBindings->handle(Object(Illuminate\\Http\\Request), Object(Closure))
#23 D:\\ketapang\\AgroWaste-course\\vendor\\laravel\\framework\\src\\Illuminate\\Foundation\\Http\\Middleware\\VerifyCsrfToken.php(88): Illuminate\\Pipeline\\Pipeline->Illuminate\\Pipeline\\{closure}(Object(Illuminate\\Http\\Request))
#24 D:\\ketapang\\AgroWaste-course\\vendor\\laravel\\framework\\src\\Illuminate\\Pipeline\\Pipeline.php(209): Illuminate\\Foundation\\Http\\Middleware\\VerifyCsrfToken->handle(Object(Illuminate\\Http\\Request), Object(Closure))
#25 D:\\ketapang\\AgroWaste-course\\vendor\\laravel\\framework\\src\\Illuminate\\View\\Middleware\\ShareErrorsFromSession.php(49): Illuminate\\Pipeline\\Pipeline->Illuminate\\Pipeline\\{closure}(Object(Illuminate\\Http\\Request))
#26 D:\\ketapang\\AgroWaste-course\\vendor\\laravel\\framework\\src\\Illuminate\\Pipeline\\Pipeline.php(209): Illuminate\\View\\Middleware\\ShareErrorsFromSession->handle(Object(Illuminate\\Http\\Request), Object(Closure))
#27 D:\\ketapang\\AgroWaste-course\\vendor\\laravel\\framework\\src\\Illuminate\\Session\\Middleware\\StartSession.php(121): Illuminate\\Pipeline\\Pipeline->Illuminate\\Pipeline\\{closure}(Object(Illuminate\\Http\\Request))
#28 D:\\ketapang\\AgroWaste-course\\vendor\\laravel\\framework\\src\\Illuminate\\Session\\Middleware\\StartSession.php(64): Illuminate\\Session\\Middleware\\StartSession->handleStatefulRequest(Object(Illuminate\\Http\\Request), Object(Illuminate\\Session\\Store), Object(Closure))
#29 D:\\ketapang\\AgroWaste-course\\vendor\\laravel\\framework\\src\\Illuminate\\Pipeline\\Pipeline.php(209): Illuminate\\Session\\Middleware\\StartSession->handle(Object(Illuminate\\Http\\Request), Object(Closure))
#30 D:\\ketapang\\AgroWaste-course\\vendor\\laravel\\framework\\src\\Illuminate\\Cookie\\Middleware\\AddQueuedCookiesToResponse.php(37): Illuminate\\Pipeline\\Pipeline->Illuminate\\Pipeline\\{closure}(Object(Illuminate\\Http\\Request))
#31 D:\\ketapang\\AgroWaste-course\\vendor\\laravel\\framework\\src\\Illuminate\\Pipeline\\Pipeline.php(209): Illuminate\\Cookie\\Middleware\\AddQueuedCookiesToResponse->handle(Object(Illuminate\\Http\\Request), Object(Closure))
#32 D:\\ketapang\\AgroWaste-course\\vendor\\laravel\\framework\\src\\Illuminate\\Cookie\\Middleware\\EncryptCookies.php(75): Illuminate\\Pipeline\\Pipeline->Illuminate\\Pipeline\\{closure}(Object(Illuminate\\Http\\Request))
#33 D:\\ketapang\\AgroWaste-course\\vendor\\laravel\\framework\\src\\Illuminate\\Pipeline\\Pipeline.php(209): Illuminate\\Cookie\\Middleware\\EncryptCookies->handle(Object(Illuminate\\Http\\Request), Object(Closure))
#34 D:\\ketapang\\AgroWaste-course\\vendor\\laravel\\framework\\src\\Illuminate\\Pipeline\\Pipeline.php(127): Illuminate\\Pipeline\\Pipeline->Illuminate\\Pipeline\\{closure}(Object(Illuminate\\Http\\Request))
#35 D:\\ketapang\\AgroWaste-course\\vendor\\laravel\\framework\\src\\Illuminate\\Routing\\Router.php(807): Illuminate\\Pipeline\\Pipeline->then(Object(Closure))
#36 D:\\ketapang\\AgroWaste-course\\vendor\\laravel\\framework\\src\\Illuminate\\Routing\\Router.php(786): Illuminate\\Routing\\Router->runRouteWithinStack(Object(Illuminate\\Routing\\Route), Object(Illuminate\\Http\\Request))
#37 D:\\ketapang\\AgroWaste-course\\vendor\\laravel\\framework\\src\\Illuminate\\Routing\\Router.php(750): Illuminate\\Routing\\Router->runRoute(Object(Illuminate\\Http\\Request), Object(Illuminate\\Routing\\Route))
#38 D:\\ketapang\\AgroWaste-course\\vendor\\laravel\\framework\\src\\Illuminate\\Routing\\Router.php(739): Illuminate\\Routing\\Router->dispatchToRoute(Object(Illuminate\\Http\\Request))
#39 D:\\ketapang\\AgroWaste-course\\vendor\\laravel\\framework\\src\\Illuminate\\Foundation\\Http\\Kernel.php(201): Illuminate\\Routing\\Router->dispatch(Object(Illuminate\\Http\\Request))
#40 D:\\ketapang\\AgroWaste-course\\vendor\\laravel\\framework\\src\\Illuminate\\Pipeline\\Pipeline.php(170): Illuminate\\Foundation\\Http\\Kernel->Illuminate\\Foundation\\Http\\{closure}(Object(Illuminate\\Http\\Request))
#41 D:\\ketapang\\AgroWaste-course\\vendor\\laravel\\framework\\src\\Illuminate\\Foundation\\Http\\Middleware\\TransformsRequest.php(21): Illuminate\\Pipeline\\Pipeline->Illuminate\\Pipeline\\{closure}(Object(Illuminate\\Http\\Request))
#42 D:\\ketapang\\AgroWaste-course\\vendor\\laravel\\framework\\src\\Illuminate\\Foundation\\Http\\Middleware\\ConvertEmptyStringsToNull.php(31): Illuminate\\Foundation\\Http\\Middleware\\TransformsRequest->handle(Object(Illuminate\\Http\\Request), Object(Closure))
#43 D:\\ketapang\\AgroWaste-course\\vendor\\laravel\\framework\\src\\Illuminate\\Pipeline\\Pipeline.php(209): Illuminate\\Foundation\\Http\\Middleware\\ConvertEmptyStringsToNull->handle(Object(Illuminate\\Http\\Request), Object(Closure))
#44 D:\\ketapang\\AgroWaste-course\\vendor\\laravel\\framework\\src\\Illuminate\\Foundation\\Http\\Middleware\\TransformsRequest.php(21): Illuminate\\Pipeline\\Pipeline->Illuminate\\Pipeline\\{closure}(Object(Illuminate\\Http\\Request))
#45 D:\\ketapang\\AgroWaste-course\\vendor\\laravel\\framework\\src\\Illuminate\\Foundation\\Http\\Middleware\\TrimStrings.php(51): Illuminate\\Foundation\\Http\\Middleware\\TransformsRequest->handle(Object(Illuminate\\Http\\Request), Object(Closure))
#46 D:\\ketapang\\AgroWaste-course\\vendor\\laravel\\framework\\src\\Illuminate\\Pipeline\\Pipeline.php(209): Illuminate\\Foundation\\Http\\Middleware\\TrimStrings->handle(Object(Illuminate\\Http\\Request), Object(Closure))
#47 D:\\ketapang\\AgroWaste-course\\vendor\\laravel\\framework\\src\\Illuminate\\Http\\Middleware\\ValidatePostSize.php(27): Illuminate\\Pipeline\\Pipeline->Illuminate\\Pipeline\\{closure}(Object(Illuminate\\Http\\Request))
#48 D:\\ketapang\\AgroWaste-course\\vendor\\laravel\\framework\\src\\Illuminate\\Pipeline\\Pipeline.php(209): Illuminate\\Http\\Middleware\\ValidatePostSize->handle(Object(Illuminate\\Http\\Request), Object(Closure))
#49 D:\\ketapang\\AgroWaste-course\\vendor\\laravel\\framework\\src\\Illuminate\\Foundation\\Http\\Middleware\\PreventRequestsDuringMaintenance.php(110): Illuminate\\Pipeline\\Pipeline->Illuminate\\Pipeline\\{closure}(Object(Illuminate\\Http\\Request))
#50 D:\\ketapang\\AgroWaste-course\\vendor\\laravel\\framework\\src\\Illuminate\\Pipeline\\Pipeline.php(209): Illuminate\\Foundation\\Http\\Middleware\\PreventRequestsDuringMaintenance->handle(Object(Illuminate\\Http\\Request), Object(Closure))
#51 D:\\ketapang\\AgroWaste-course\\vendor\\laravel\\framework\\src\\Illuminate\\Http\\Middleware\\HandleCors.php(49): Illuminate\\Pipeline\\Pipeline->Illuminate\\Pipeline\\{closure}(Object(Illuminate\\Http\\Request))
#52 D:\\ketapang\\AgroWaste-course\\vendor\\laravel\\framework\\src\\Illuminate\\Pipeline\\Pipeline.php(209): Illuminate\\Http\\Middleware\\HandleCors->handle(Object(Illuminate\\Http\\Request), Object(Closure))
#53 D:\\ketapang\\AgroWaste-course\\vendor\\laravel\\framework\\src\\Illuminate\\Http\\Middleware\\TrustProxies.php(58): Illuminate\\Pipeline\\Pipeline->Illuminate\\Pipeline\\{closure}(Object(Illuminate\\Http\\Request))
#54 D:\\ketapang\\AgroWaste-course\\vendor\\laravel\\framework\\src\\Illuminate\\Pipeline\\Pipeline.php(209): Illuminate\\Http\\Middleware\\TrustProxies->handle(Object(Illuminate\\Http\\Request), Object(Closure))
#55 D:\\ketapang\\AgroWaste-course\\vendor\\laravel\\framework\\src\\Illuminate\\Foundation\\Http\\Middleware\\InvokeDeferredCallbacks.php(22): Illuminate\\Pipeline\\Pipeline->Illuminate\\Pipeline\\{closure}(Object(Illuminate\\Http\\Request))
#56 D:\\ketapang\\AgroWaste-course\\vendor\\laravel\\framework\\src\\Illuminate\\Pipeline\\Pipeline.php(209): Illuminate\\Foundation\\Http\\Middleware\\InvokeDeferredCallbacks->handle(Object(Illuminate\\Http\\Request), Object(Closure))
#57 D:\\ketapang\\AgroWaste-course\\vendor\\laravel\\framework\\src\\Illuminate\\Pipeline\\Pipeline.php(127): Illuminate\\Pipeline\\Pipeline->Illuminate\\Pipeline\\{closure}(Object(Illuminate\\Http\\Request))
#58 D:\\ketapang\\AgroWaste-course\\vendor\\laravel\\framework\\src\\Illuminate\\Foundation\\Http\\Kernel.php(176): Illuminate\\Pipeline\\Pipeline->then(Object(Closure))
#59 D:\\ketapang\\AgroWaste-course\\vendor\\laravel\\framework\\src\\Illuminate\\Foundation\\Http\\Kernel.php(145): Illuminate\\Foundation\\Http\\Kernel->sendRequestThroughRouter(Object(Illuminate\\Http\\Request))
#60 D:\\ketapang\\AgroWaste-course\\vendor\\laravel\\framework\\src\\Illuminate\\Foundation\\Application.php(1220): Illuminate\\Foundation\\Http\\Kernel->handle(Object(Illuminate\\Http\\Request))
#61 D:\\ketapang\\AgroWaste-course\\public\\index.php(17): Illuminate\\Foundation\\Application->handleRequest(Object(Illuminate\\Http\\Request))
#62 D:\\ketapang\\AgroWaste-course\\vendor\\laravel\\framework\\src\\Illuminate\\Foundation\\resources\\server.php(23): require_once('D:\\\\ketapang\\\\Agr...')
#63 {main}
"} 
[2025-11-26 22:05:51] local.ERROR: SQLSTATE[42000]: [Microsoft][ODBC Driver 17 for SQL Server][SQL Server]A column has been specified more than once in the order by list. Columns in the order by list must be unique. (Connection: sqlsrv, SQL: select * from [course_contents] where [course_contents].[course_id] = 1 and [course_contents].[course_id] is not null and [is_active] = 1 order by [order] asc, [order] asc) {"userId":5,"exception":"[object] (Illuminate\\Database\\QueryException(code: 42000): SQLSTATE[42000]: [Microsoft][ODBC Driver 17 for SQL Server][SQL Server]A column has been specified more than once in the order by list. Columns in the order by list must be unique. (Connection: sqlsrv, SQL: select * from [course_contents] where [course_contents].[course_id] = 1 and [course_contents].[course_id] is not null and [is_active] = 1 order by [order] asc, [order] asc) at D:\\ketapang\\AgroWaste-course\\vendor\\laravel\\framework\\src\\Illuminate\\Database\\Connection.php:825)
[stacktrace]
#0 D:\\ketapang\\AgroWaste-course\\vendor\\laravel\\framework\\src\\Illuminate\\Database\\Connection.php(779): Illuminate\\Database\\Connection->runQueryCallback('select * from [...', Array, Object(Closure))
#1 D:\\ketapang\\AgroWaste-course\\vendor\\laravel\\framework\\src\\Illuminate\\Database\\Connection.php(398): Illuminate\\Database\\Connection->run('select * from [...', Array, Object(Closure))
#2 D:\\ketapang\\AgroWaste-course\\vendor\\laravel\\framework\\src\\Illuminate\\Database\\Query\\Builder.php(3106): Illuminate\\Database\\Connection->select('select * from [...', Array, true)
#3 D:\\ketapang\\AgroWaste-course\\vendor\\laravel\\framework\\src\\Illuminate\\Database\\Query\\Builder.php(3091): Illuminate\\Database\\Query\\Builder->runSelect()
#4 D:\\ketapang\\AgroWaste-course\\vendor\\laravel\\framework\\src\\Illuminate\\Database\\Query\\Builder.php(3676): Illuminate\\Database\\Query\\Builder->Illuminate\\Database\\Query\\{closure}()
#5 D:\\ketapang\\AgroWaste-course\\vendor\\laravel\\framework\\src\\Illuminate\\Database\\Query\\Builder.php(3090): Illuminate\\Database\\Query\\Builder->onceWithColumns(Array, Object(Closure))
#6 D:\\ketapang\\AgroWaste-course\\vendor\\laravel\\framework\\src\\Illuminate\\Database\\Eloquent\\Builder.php(811): Illuminate\\Database\\Query\\Builder->get(Array)
#7 D:\\ketapang\\AgroWaste-course\\vendor\\laravel\\framework\\src\\Illuminate\\Database\\Eloquent\\Builder.php(793): Illuminate\\Database\\Eloquent\\Builder->getModels(Array)
#8 D:\\ketapang\\AgroWaste-course\\vendor\\laravel\\framework\\src\\Illuminate\\Database\\Eloquent\\Relations\\Relation.php(213): Illuminate\\Database\\Eloquent\\Builder->get(Array)
#9 D:\\ketapang\\AgroWaste-course\\app\\Http\\Controllers\\CourseController.php(63): Illuminate\\Database\\Eloquent\\Relations\\Relation->get()
#10 D:\\ketapang\\AgroWaste-course\\vendor\\laravel\\framework\\src\\Illuminate\\Routing\\ControllerDispatcher.php(47): App\\Http\\Controllers\\CourseController->show('1')
#11 D:\\ketapang\\AgroWaste-course\\vendor\\laravel\\framework\\src\\Illuminate\\Routing\\Route.php(266): Illuminate\\Routing\\ControllerDispatcher->dispatch(Object(Illuminate\\Routing\\Route), Object(App\\Http\\Controllers\\CourseController), 'show')
#12 D:\\ketapang\\AgroWaste-course\\vendor\\laravel\\framework\\src\\Illuminate\\Routing\\Route.php(212): Illuminate\\Routing\\Route->runController()
#13 D:\\ketapang\\AgroWaste-course\\vendor\\laravel\\framework\\src\\Illuminate\\Routing\\Router.php(808): Illuminate\\Routing\\Route->run()
#14 D:\\ketapang\\AgroWaste-course\\vendor\\laravel\\framework\\src\\Illuminate\\Pipeline\\Pipeline.php(170): Illuminate\\Routing\\Router->Illuminate\\Routing\\{closure}(Object(Illuminate\\Http\\Request))
#15 D:\\ketapang\\AgroWaste-course\\app\\Http\\Middleware\\Authenticate.php(18): Illuminate\\Pipeline\\Pipeline->Illuminate\\Pipeline\\{closure}(Object(Illuminate\\Http\\Request))
#16 D:\\ketapang\\AgroWaste-course\\vendor\\laravel\\framework\\src\\Illuminate\\Pipeline\\Pipeline.php(209): App\\Http\\Middleware\\Authenticate->handle(Object(Illuminate\\Http\\Request), Object(Closure))
#17 D:\\ketapang\\AgroWaste-course\\vendor\\inertiajs\\inertia-laravel\\src\\Middleware.php(96): Illuminate\\Pipeline\\Pipeline->Illuminate\\Pipeline\\{closure}(Object(Illuminate\\Http\\Request))
#18 D:\\ketapang\\AgroWaste-course\\vendor\\laravel\\framework\\src\\Illuminate\\Pipeline\\Pipeline.php(209): Inertia\\Middleware->handle(Object(Illuminate\\Http\\Request), Object(Closure))
#19 D:\\ketapang\\AgroWaste-course\\vendor\\laravel\\framework\\src\\Illuminate\\Routing\\Middleware\\SubstituteBindings.php(51): Illuminate\\Pipeline\\Pipeline->Illuminate\\Pipeline\\{closure}(Object(Illuminate\\Http\\Request))
#20 D:\\ketapang\\AgroWaste-course\\vendor\\laravel\\framework\\src\\Illuminate\\Pipeline\\Pipeline.php(209): Illuminate\\Routing\\Middleware\\SubstituteBindings->handle(Object(Illuminate\\Http\\Request), Object(Closure))
#21 D:\\ketapang\\AgroWaste-course\\vendor\\laravel\\framework\\src\\Illuminate\\Foundation\\Http\\Middleware\\VerifyCsrfToken.php(88): Illuminate\\Pipeline\\Pipeline->Illuminate\\Pipeline\\{closure}(Object(Illuminate\\Http\\Request))
#22 D:\\ketapang\\AgroWaste-course\\vendor\\laravel\\framework\\src\\Illuminate\\Pipeline\\Pipeline.php(209): Illuminate\\Foundation\\Http\\Middleware\\VerifyCsrfToken->handle(Object(Illuminate\\Http\\Request), Object(Closure))
#23 D:\\ketapang\\AgroWaste-course\\vendor\\laravel\\framework\\src\\Illuminate\\View\\Middleware\\ShareErrorsFromSession.php(49): Illuminate\\Pipeline\\Pipeline->Illuminate\\Pipeline\\{closure}(Object(Illuminate\\Http\\Request))
#24 D:\\ketapang\\AgroWaste-course\\vendor\\laravel\\framework\\src\\Illuminate\\Pipeline\\Pipeline.php(209): Illuminate\\View\\Middleware\\ShareErrorsFromSession->handle(Object(Illuminate\\Http\\Request), Object(Closure))
#25 D:\\ketapang\\AgroWaste-course\\vendor\\laravel\\framework\\src\\Illuminate\\Session\\Middleware\\StartSession.php(121): Illuminate\\Pipeline\\Pipeline->Illuminate\\Pipeline\\{closure}(Object(Illuminate\\Http\\Request))
#26 D:\\ketapang\\AgroWaste-course\\vendor\\laravel\\framework\\src\\Illuminate\\Session\\Middleware\\StartSession.php(64): Illuminate\\Session\\Middleware\\StartSession->handleStatefulRequest(Object(Illuminate\\Http\\Request), Object(Illuminate\\Session\\Store), Object(Closure))
#27 D:\\ketapang\\AgroWaste-course\\vendor\\laravel\\framework\\src\\Illuminate\\Pipeline\\Pipeline.php(209): Illuminate\\Session\\Middleware\\StartSession->handle(Object(Illuminate\\Http\\Request), Object(Closure))
#28 D:\\ketapang\\AgroWaste-course\\vendor\\laravel\\framework\\src\\Illuminate\\Cookie\\Middleware\\AddQueuedCookiesToResponse.php(37): Illuminate\\Pipeline\\Pipeline->Illuminate\\Pipeline\\{closure}(Object(Illuminate\\Http\\Request))
#29 D:\\ketapang\\AgroWaste-course\\vendor\\laravel\\framework\\src\\Illuminate\\Pipeline\\Pipeline.php(209): Illuminate\\Cookie\\Middleware\\AddQueuedCookiesToResponse->handle(Object(Illuminate\\Http\\Request), Object(Closure))
#30 D:\\ketapang\\AgroWaste-course\\vendor\\laravel\\framework\\src\\Illuminate\\Cookie\\Middleware\\EncryptCookies.php(75): Illuminate\\Pipeline\\Pipeline->Illuminate\\Pipeline\\{closure}(Object(Illuminate\\Http\\Request))
#31 D:\\ketapang\\AgroWaste-course\\vendor\\laravel\\framework\\src\\Illuminate\\Pipeline\\Pipeline.php(209): Illuminate\\Cookie\\Middleware\\EncryptCookies->handle(Object(Illuminate\\Http\\Request), Object(Closure))
#32 D:\\ketapang\\AgroWaste-course\\vendor\\laravel\\framework\\src\\Illuminate\\Pipeline\\Pipeline.php(127): Illuminate\\Pipeline\\Pipeline->Illuminate\\Pipeline\\{closure}(Object(Illuminate\\Http\\Request))
#33 D:\\ketapang\\AgroWaste-course\\vendor\\laravel\\framework\\src\\Illuminate\\Routing\\Router.php(807): Illuminate\\Pipeline\\Pipeline->then(Object(Closure))
#34 D:\\ketapang\\AgroWaste-course\\vendor\\laravel\\framework\\src\\Illuminate\\Routing\\Router.php(786): Illuminate\\Routing\\Router->runRouteWithinStack(Object(Illuminate\\Routing\\Route), Object(Illuminate\\Http\\Request))
#35 D:\\ketapang\\AgroWaste-course\\vendor\\laravel\\framework\\src\\Illuminate\\Routing\\Router.php(750): Illuminate\\Routing\\Router->runRoute(Object(Illuminate\\Http\\Request), Object(Illuminate\\Routing\\Route))
#36 D:\\ketapang\\AgroWaste-course\\vendor\\laravel\\framework\\src\\Illuminate\\Routing\\Router.php(739): Illuminate\\Routing\\Router->dispatchToRoute(Object(Illuminate\\Http\\Request))
#37 D:\\ketapang\\AgroWaste-course\\vendor\\laravel\\framework\\src\\Illuminate\\Foundation\\Http\\Kernel.php(201): Illuminate\\Routing\\Router->dispatch(Object(Illuminate\\Http\\Request))
#38 D:\\ketapang\\AgroWaste-course\\vendor\\laravel\\framework\\src\\Illuminate\\Pipeline\\Pipeline.php(170): Illuminate\\Foundation\\Http\\Kernel->Illuminate\\Foundation\\Http\\{closure}(Object(Illuminate\\Http\\Request))
#39 D:\\ketapang\\AgroWaste-course\\vendor\\laravel\\framework\\src\\Illuminate\\Foundation\\Http\\Middleware\\TransformsRequest.php(21): Illuminate\\Pipeline\\Pipeline->Illuminate\\Pipeline\\{closure}(Object(Illuminate\\Http\\Request))
#40 D:\\ketapang\\AgroWaste-course\\vendor\\laravel\\framework\\src\\Illuminate\\Foundation\\Http\\Middleware\\ConvertEmptyStringsToNull.php(31): Illuminate\\Foundation\\Http\\Middleware\\TransformsRequest->handle(Object(Illuminate\\Http\\Request), Object(Closure))
#41 D:\\ketapang\\AgroWaste-course\\vendor\\laravel\\framework\\src\\Illuminate\\Pipeline\\Pipeline.php(209): Illuminate\\Foundation\\Http\\Middleware\\ConvertEmptyStringsToNull->handle(Object(Illuminate\\Http\\Request), Object(Closure))
#42 D:\\ketapang\\AgroWaste-course\\vendor\\laravel\\framework\\src\\Illuminate\\Foundation\\Http\\Middleware\\TransformsRequest.php(21): Illuminate\\Pipeline\\Pipeline->Illuminate\\Pipeline\\{closure}(Object(Illuminate\\Http\\Request))
#43 D:\\ketapang\\AgroWaste-course\\vendor\\laravel\\framework\\src\\Illuminate\\Foundation\\Http\\Middleware\\TrimStrings.php(51): Illuminate\\Foundation\\Http\\Middleware\\TransformsRequest->handle(Object(Illuminate\\Http\\Request), Object(Closure))
#44 D:\\ketapang\\AgroWaste-course\\vendor\\laravel\\framework\\src\\Illuminate\\Pipeline\\Pipeline.php(209): Illuminate\\Foundation\\Http\\Middleware\\TrimStrings->handle(Object(Illuminate\\Http\\Request), Object(Closure))
#45 D:\\ketapang\\AgroWaste-course\\vendor\\laravel\\framework\\src\\Illuminate\\Http\\Middleware\\ValidatePostSize.php(27): Illuminate\\Pipeline\\Pipeline->Illuminate\\Pipeline\\{closure}(Object(Illuminate\\Http\\Request))
#46 D:\\ketapang\\AgroWaste-course\\vendor\\laravel\\framework\\src\\Illuminate\\Pipeline\\Pipeline.php(209): Illuminate\\Http\\Middleware\\ValidatePostSize->handle(Object(Illuminate\\Http\\Request), Object(Closure))
#47 D:\\ketapang\\AgroWaste-course\\vendor\\laravel\\framework\\src\\Illuminate\\Foundation\\Http\\Middleware\\PreventRequestsDuringMaintenance.php(110): Illuminate\\Pipeline\\Pipeline->Illuminate\\Pipeline\\{closure}(Object(Illuminate\\Http\\Request))
#48 D:\\ketapang\\AgroWaste-course\\vendor\\laravel\\framework\\src\\Illuminate\\Pipeline\\Pipeline.php(209): Illuminate\\Foundation\\Http\\Middleware\\PreventRequestsDuringMaintenance->handle(Object(Illuminate\\Http\\Request), Object(Closure))
#49 D:\\ketapang\\AgroWaste-course\\vendor\\laravel\\framework\\src\\Illuminate\\Http\\Middleware\\HandleCors.php(49): Illuminate\\Pipeline\\Pipeline->Illuminate\\Pipeline\\{closure}(Object(Illuminate\\Http\\Request))
#50 D:\\ketapang\\AgroWaste-course\\vendor\\laravel\\framework\\src\\Illuminate\\Pipeline\\Pipeline.php(209): Illuminate\\Http\\Middleware\\HandleCors->handle(Object(Illuminate\\Http\\Request), Object(Closure))
#51 D:\\ketapang\\AgroWaste-course\\vendor\\laravel\\framework\\src\\Illuminate\\Http\\Middleware\\TrustProxies.php(58): Illuminate\\Pipeline\\Pipeline->Illuminate\\Pipeline\\{closure}(Object(Illuminate\\Http\\Request))
#52 D:\\ketapang\\AgroWaste-course\\vendor\\laravel\\framework\\src\\Illuminate\\Pipeline\\Pipeline.php(209): Illuminate\\Http\\Middleware\\TrustProxies->handle(Object(Illuminate\\Http\\Request), Object(Closure))
#53 D:\\ketapang\\AgroWaste-course\\vendor\\laravel\\framework\\src\\Illuminate\\Foundation\\Http\\Middleware\\InvokeDeferredCallbacks.php(22): Illuminate\\Pipeline\\Pipeline->Illuminate\\Pipeline\\{closure}(Object(Illuminate\\Http\\Request))
#54 D:\\ketapang\\AgroWaste-course\\vendor\\laravel\\framework\\src\\Illuminate\\Pipeline\\Pipeline.php(209): Illuminate\\Foundation\\Http\\Middleware\\InvokeDeferredCallbacks->handle(Object(Illuminate\\Http\\Request), Object(Closure))
#55 D:\\ketapang\\AgroWaste-course\\vendor\\laravel\\framework\\src\\Illuminate\\Pipeline\\Pipeline.php(127): Illuminate\\Pipeline\\Pipeline->Illuminate\\Pipeline\\{closure}(Object(Illuminate\\Http\\Request))
#56 D:\\ketapang\\AgroWaste-course\\vendor\\laravel\\framework\\src\\Illuminate\\Foundation\\Http\\Kernel.php(176): Illuminate\\Pipeline\\Pipeline->then(Object(Closure))
#57 D:\\ketapang\\AgroWaste-course\\vendor\\laravel\\framework\\src\\Illuminate\\Foundation\\Http\\Kernel.php(145): Illuminate\\Foundation\\Http\\Kernel->sendRequestThroughRouter(Object(Illuminate\\Http\\Request))
#58 D:\\ketapang\\AgroWaste-course\\vendor\\laravel\\framework\\src\\Illuminate\\Foundation\\Application.php(1220): Illuminate\\Foundation\\Http\\Kernel->handle(Object(Illuminate\\Http\\Request))
#59 D:\\ketapang\\AgroWaste-course\\public\\index.php(17): Illuminate\\Foundation\\Application->handleRequest(Object(Illuminate\\Http\\Request))
#60 D:\\ketapang\\AgroWaste-course\\vendor\\laravel\\framework\\src\\Illuminate\\Foundation\\resources\\server.php(23): require_once('D:\\\\ketapang\\\\Agr...')
#61 {main}

[previous exception] [object] (PDOException(code: 42000): SQLSTATE[42000]: [Microsoft][ODBC Driver 17 for SQL Server][SQL Server]A column has been specified more than once in the order by list. Columns in the order by list must be unique. at D:\\ketapang\\AgroWaste-course\\vendor\\laravel\\framework\\src\\Illuminate\\Database\\Connection.php:412)
[stacktrace]
#0 D:\\ketapang\\AgroWaste-course\\vendor\\laravel\\framework\\src\\Illuminate\\Database\\Connection.php(412): PDOStatement->execute()
#1 D:\\ketapang\\AgroWaste-course\\vendor\\laravel\\framework\\src\\Illuminate\\Database\\Connection.php(812): Illuminate\\Database\\Connection->Illuminate\\Database\\{closure}('select * from [...', Array)
#2 D:\\ketapang\\AgroWaste-course\\vendor\\laravel\\framework\\src\\Illuminate\\Database\\Connection.php(779): Illuminate\\Database\\Connection->runQueryCallback('select * from [...', Array, Object(Closure))
#3 D:\\ketapang\\AgroWaste-course\\vendor\\laravel\\framework\\src\\Illuminate\\Database\\Connection.php(398): Illuminate\\Database\\Connection->run('select * from [...', Array, Object(Closure))
#4 D:\\ketapang\\AgroWaste-course\\vendor\\laravel\\framework\\src\\Illuminate\\Database\\Query\\Builder.php(3106): Illuminate\\Database\\Connection->select('select * from [...', Array, true)
#5 D:\\ketapang\\AgroWaste-course\\vendor\\laravel\\framework\\src\\Illuminate\\Database\\Query\\Builder.php(3091): Illuminate\\Database\\Query\\Builder->runSelect()
#6 D:\\ketapang\\AgroWaste-course\\vendor\\laravel\\framework\\src\\Illuminate\\Database\\Query\\Builder.php(3676): Illuminate\\Database\\Query\\Builder->Illuminate\\Database\\Query\\{closure}()
#7 D:\\ketapang\\AgroWaste-course\\vendor\\laravel\\framework\\src\\Illuminate\\Database\\Query\\Builder.php(3090): Illuminate\\Database\\Query\\Builder->onceWithColumns(Array, Object(Closure))
#8 D:\\ketapang\\AgroWaste-course\\vendor\\laravel\\framework\\src\\Illuminate\\Database\\Eloquent\\Builder.php(811): Illuminate\\Database\\Query\\Builder->get(Array)
#9 D:\\ketapang\\AgroWaste-course\\vendor\\laravel\\framework\\src\\Illuminate\\Database\\Eloquent\\Builder.php(793): Illuminate\\Database\\Eloquent\\Builder->getModels(Array)
#10 D:\\ketapang\\AgroWaste-course\\vendor\\laravel\\framework\\src\\Illuminate\\Database\\Eloquent\\Relations\\Relation.php(213): Illuminate\\Database\\Eloquent\\Builder->get(Array)
#11 D:\\ketapang\\AgroWaste-course\\app\\Http\\Controllers\\CourseController.php(63): Illuminate\\Database\\Eloquent\\Relations\\Relation->get()
#12 D:\\ketapang\\AgroWaste-course\\vendor\\laravel\\framework\\src\\Illuminate\\Routing\\ControllerDispatcher.php(47): App\\Http\\Controllers\\CourseController->show('1')
#13 D:\\ketapang\\AgroWaste-course\\vendor\\laravel\\framework\\src\\Illuminate\\Routing\\Route.php(266): Illuminate\\Routing\\ControllerDispatcher->dispatch(Object(Illuminate\\Routing\\Route), Object(App\\Http\\Controllers\\CourseController), 'show')
#14 D:\\ketapang\\AgroWaste-course\\vendor\\laravel\\framework\\src\\Illuminate\\Routing\\Route.php(212): Illuminate\\Routing\\Route->runController()
#15 D:\\ketapang\\AgroWaste-course\\vendor\\laravel\\framework\\src\\Illuminate\\Routing\\Router.php(808): Illuminate\\Routing\\Route->run()
#16 D:\\ketapang\\AgroWaste-course\\vendor\\laravel\\framework\\src\\Illuminate\\Pipeline\\Pipeline.php(170): Illuminate\\Routing\\Router->Illuminate\\Routing\\{closure}(Object(Illuminate\\Http\\Request))
#17 D:\\ketapang\\AgroWaste-course\\app\\Http\\Middleware\\Authenticate.php(18): Illuminate\\Pipeline\\Pipeline->Illuminate\\Pipeline\\{closure}(Object(Illuminate\\Http\\Request))
#18 D:\\ketapang\\AgroWaste-course\\vendor\\laravel\\framework\\src\\Illuminate\\Pipeline\\Pipeline.php(209): App\\Http\\Middleware\\Authenticate->handle(Object(Illuminate\\Http\\Request), Object(Closure))
#19 D:\\ketapang\\AgroWaste-course\\vendor\\inertiajs\\inertia-laravel\\src\\Middleware.php(96): Illuminate\\Pipeline\\Pipeline->Illuminate\\Pipeline\\{closure}(Object(Illuminate\\Http\\Request))
#20 D:\\ketapang\\AgroWaste-course\\vendor\\laravel\\framework\\src\\Illuminate\\Pipeline\\Pipeline.php(209): Inertia\\Middleware->handle(Object(Illuminate\\Http\\Request), Object(Closure))
#21 D:\\ketapang\\AgroWaste-course\\vendor\\laravel\\framework\\src\\Illuminate\\Routing\\Middleware\\SubstituteBindings.php(51): Illuminate\\Pipeline\\Pipeline->Illuminate\\Pipeline\\{closure}(Object(Illuminate\\Http\\Request))
#22 D:\\ketapang\\AgroWaste-course\\vendor\\laravel\\framework\\src\\Illuminate\\Pipeline\\Pipeline.php(209): Illuminate\\Routing\\Middleware\\SubstituteBindings->handle(Object(Illuminate\\Http\\Request), Object(Closure))
#23 D:\\ketapang\\AgroWaste-course\\vendor\\laravel\\framework\\src\\Illuminate\\Foundation\\Http\\Middleware\\VerifyCsrfToken.php(88): Illuminate\\Pipeline\\Pipeline->Illuminate\\Pipeline\\{closure}(Object(Illuminate\\Http\\Request))
#24 D:\\ketapang\\AgroWaste-course\\vendor\\laravel\\framework\\src\\Illuminate\\Pipeline\\Pipeline.php(209): Illuminate\\Foundation\\Http\\Middleware\\VerifyCsrfToken->handle(Object(Illuminate\\Http\\Request), Object(Closure))
#25 D:\\ketapang\\AgroWaste-course\\vendor\\laravel\\framework\\src\\Illuminate\\View\\Middleware\\ShareErrorsFromSession.php(49): Illuminate\\Pipeline\\Pipeline->Illuminate\\Pipeline\\{closure}(Object(Illuminate\\Http\\Request))
#26 D:\\ketapang\\AgroWaste-course\\vendor\\laravel\\framework\\src\\Illuminate\\Pipeline\\Pipeline.php(209): Illuminate\\View\\Middleware\\ShareErrorsFromSession->handle(Object(Illuminate\\Http\\Request), Object(Closure))
#27 D:\\ketapang\\AgroWaste-course\\vendor\\laravel\\framework\\src\\Illuminate\\Session\\Middleware\\StartSession.php(121): Illuminate\\Pipeline\\Pipeline->Illuminate\\Pipeline\\{closure}(Object(Illuminate\\Http\\Request))
#28 D:\\ketapang\\AgroWaste-course\\vendor\\laravel\\framework\\src\\Illuminate\\Session\\Middleware\\StartSession.php(64): Illuminate\\Session\\Middleware\\StartSession->handleStatefulRequest(Object(Illuminate\\Http\\Request), Object(Illuminate\\Session\\Store), Object(Closure))
#29 D:\\ketapang\\AgroWaste-course\\vendor\\laravel\\framework\\src\\Illuminate\\Pipeline\\Pipeline.php(209): Illuminate\\Session\\Middleware\\StartSession->handle(Object(Illuminate\\Http\\Request), Object(Closure))
#30 D:\\ketapang\\AgroWaste-course\\vendor\\laravel\\framework\\src\\Illuminate\\Cookie\\Middleware\\AddQueuedCookiesToResponse.php(37): Illuminate\\Pipeline\\Pipeline->Illuminate\\Pipeline\\{closure}(Object(Illuminate\\Http\\Request))
#31 D:\\ketapang\\AgroWaste-course\\vendor\\laravel\\framework\\src\\Illuminate\\Pipeline\\Pipeline.php(209): Illuminate\\Cookie\\Middleware\\AddQueuedCookiesToResponse->handle(Object(Illuminate\\Http\\Request), Object(Closure))
#32 D:\\ketapang\\AgroWaste-course\\vendor\\laravel\\framework\\src\\Illuminate\\Cookie\\Middleware\\EncryptCookies.php(75): Illuminate\\Pipeline\\Pipeline->Illuminate\\Pipeline\\{closure}(Object(Illuminate\\Http\\Request))
#33 D:\\ketapang\\AgroWaste-course\\vendor\\laravel\\framework\\src\\Illuminate\\Pipeline\\Pipeline.php(209): Illuminate\\Cookie\\Middleware\\EncryptCookies->handle(Object(Illuminate\\Http\\Request), Object(Closure))
#34 D:\\ketapang\\AgroWaste-course\\vendor\\laravel\\framework\\src\\Illuminate\\Pipeline\\Pipeline.php(127): Illuminate\\Pipeline\\Pipeline->Illuminate\\Pipeline\\{closure}(Object(Illuminate\\Http\\Request))
#35 D:\\ketapang\\AgroWaste-course\\vendor\\laravel\\framework\\src\\Illuminate\\Routing\\Router.php(807): Illuminate\\Pipeline\\Pipeline->then(Object(Closure))
#36 D:\\ketapang\\AgroWaste-course\\vendor\\laravel\\framework\\src\\Illuminate\\Routing\\Router.php(786): Illuminate\\Routing\\Router->runRouteWithinStack(Object(Illuminate\\Routing\\Route), Object(Illuminate\\Http\\Request))
#37 D:\\ketapang\\AgroWaste-course\\vendor\\laravel\\framework\\src\\Illuminate\\Routing\\Router.php(750): Illuminate\\Routing\\Router->runRoute(Object(Illuminate\\Http\\Request), Object(Illuminate\\Routing\\Route))
#38 D:\\ketapang\\AgroWaste-course\\vendor\\laravel\\framework\\src\\Illuminate\\Routing\\Router.php(739): Illuminate\\Routing\\Router->dispatchToRoute(Object(Illuminate\\Http\\Request))
#39 D:\\ketapang\\AgroWaste-course\\vendor\\laravel\\framework\\src\\Illuminate\\Foundation\\Http\\Kernel.php(201): Illuminate\\Routing\\Router->dispatch(Object(Illuminate\\Http\\Request))
#40 D:\\ketapang\\AgroWaste-course\\vendor\\laravel\\framework\\src\\Illuminate\\Pipeline\\Pipeline.php(170): Illuminate\\Foundation\\Http\\Kernel->Illuminate\\Foundation\\Http\\{closure}(Object(Illuminate\\Http\\Request))
#41 D:\\ketapang\\AgroWaste-course\\vendor\\laravel\\framework\\src\\Illuminate\\Foundation\\Http\\Middleware\\TransformsRequest.php(21): Illuminate\\Pipeline\\Pipeline->Illuminate\\Pipeline\\{closure}(Object(Illuminate\\Http\\Request))
#42 D:\\ketapang\\AgroWaste-course\\vendor\\laravel\\framework\\src\\Illuminate\\Foundation\\Http\\Middleware\\ConvertEmptyStringsToNull.php(31): Illuminate\\Foundation\\Http\\Middleware\\TransformsRequest->handle(Object(Illuminate\\Http\\Request), Object(Closure))
#43 D:\\ketapang\\AgroWaste-course\\vendor\\laravel\\framework\\src\\Illuminate\\Pipeline\\Pipeline.php(209): Illuminate\\Foundation\\Http\\Middleware\\ConvertEmptyStringsToNull->handle(Object(Illuminate\\Http\\Request), Object(Closure))
#44 D:\\ketapang\\AgroWaste-course\\vendor\\laravel\\framework\\src\\Illuminate\\Foundation\\Http\\Middleware\\TransformsRequest.php(21): Illuminate\\Pipeline\\Pipeline->Illuminate\\Pipeline\\{closure}(Object(Illuminate\\Http\\Request))
#45 D:\\ketapang\\AgroWaste-course\\vendor\\laravel\\framework\\src\\Illuminate\\Foundation\\Http\\Middleware\\TrimStrings.php(51): Illuminate\\Foundation\\Http\\Middleware\\TransformsRequest->handle(Object(Illuminate\\Http\\Request), Object(Closure))
#46 D:\\ketapang\\AgroWaste-course\\vendor\\laravel\\framework\\src\\Illuminate\\Pipeline\\Pipeline.php(209): Illuminate\\Foundation\\Http\\Middleware\\TrimStrings->handle(Object(Illuminate\\Http\\Request), Object(Closure))
#47 D:\\ketapang\\AgroWaste-course\\vendor\\laravel\\framework\\src\\Illuminate\\Http\\Middleware\\ValidatePostSize.php(27): Illuminate\\Pipeline\\Pipeline->Illuminate\\Pipeline\\{closure}(Object(Illuminate\\Http\\Request))
#48 D:\\ketapang\\AgroWaste-course\\vendor\\laravel\\framework\\src\\Illuminate\\Pipeline\\Pipeline.php(209): Illuminate\\Http\\Middleware\\ValidatePostSize->handle(Object(Illuminate\\Http\\Request), Object(Closure))
#49 D:\\ketapang\\AgroWaste-course\\vendor\\laravel\\framework\\src\\Illuminate\\Foundation\\Http\\Middleware\\PreventRequestsDuringMaintenance.php(110): Illuminate\\Pipeline\\Pipeline->Illuminate\\Pipeline\\{closure}(Object(Illuminate\\Http\\Request))
#50 D:\\ketapang\\AgroWaste-course\\vendor\\laravel\\framework\\src\\Illuminate\\Pipeline\\Pipeline.php(209): Illuminate\\Foundation\\Http\\Middleware\\PreventRequestsDuringMaintenance->handle(Object(Illuminate\\Http\\Request), Object(Closure))
#51 D:\\ketapang\\AgroWaste-course\\vendor\\laravel\\framework\\src\\Illuminate\\Http\\Middleware\\HandleCors.php(49): Illuminate\\Pipeline\\Pipeline->Illuminate\\Pipeline\\{closure}(Object(Illuminate\\Http\\Request))
#52 D:\\ketapang\\AgroWaste-course\\vendor\\laravel\\framework\\src\\Illuminate\\Pipeline\\Pipeline.php(209): Illuminate\\Http\\Middleware\\HandleCors->handle(Object(Illuminate\\Http\\Request), Object(Closure))
#53 D:\\ketapang\\AgroWaste-course\\vendor\\laravel\\framework\\src\\Illuminate\\Http\\Middleware\\TrustProxies.php(58): Illuminate\\Pipeline\\Pipeline->Illuminate\\Pipeline\\{closure}(Object(Illuminate\\Http\\Request))
#54 D:\\ketapang\\AgroWaste-course\\vendor\\laravel\\framework\\src\\Illuminate\\Pipeline\\Pipeline.php(209): Illuminate\\Http\\Middleware\\TrustProxies->handle(Object(Illuminate\\Http\\Request), Object(Closure))
#55 D:\\ketapang\\AgroWaste-course\\vendor\\laravel\\framework\\src\\Illuminate\\Foundation\\Http\\Middleware\\InvokeDeferredCallbacks.php(22): Illuminate\\Pipeline\\Pipeline->Illuminate\\Pipeline\\{closure}(Object(Illuminate\\Http\\Request))
#56 D:\\ketapang\\AgroWaste-course\\vendor\\laravel\\framework\\src\\Illuminate\\Pipeline\\Pipeline.php(209): Illuminate\\Foundation\\Http\\Middleware\\InvokeDeferredCallbacks->handle(Object(Illuminate\\Http\\Request), Object(Closure))
#57 D:\\ketapang\\AgroWaste-course\\vendor\\laravel\\framework\\src\\Illuminate\\Pipeline\\Pipeline.php(127): Illuminate\\Pipeline\\Pipeline->Illuminate\\Pipeline\\{closure}(Object(Illuminate\\Http\\Request))
#58 D:\\ketapang\\AgroWaste-course\\vendor\\laravel\\framework\\src\\Illuminate\\Foundation\\Http\\Kernel.php(176): Illuminate\\Pipeline\\Pipeline->then(Object(Closure))
#59 D:\\ketapang\\AgroWaste-course\\vendor\\laravel\\framework\\src\\Illuminate\\Foundation\\Http\\Kernel.php(145): Illuminate\\Foundation\\Http\\Kernel->sendRequestThroughRouter(Object(Illuminate\\Http\\Request))
#60 D:\\ketapang\\AgroWaste-course\\vendor\\laravel\\framework\\src\\Illuminate\\Foundation\\Application.php(1220): Illuminate\\Foundation\\Http\\Kernel->handle(Object(Illuminate\\Http\\Request))
#61 D:\\ketapang\\AgroWaste-course\\public\\index.php(17): Illuminate\\Foundation\\Application->handleRequest(Object(Illuminate\\Http\\Request))
#62 D:\\ketapang\\AgroWaste-course\\vendor\\laravel\\framework\\src\\Illuminate\\Foundation\\resources\\server.php(23): require_once('D:\\\\ketapang\\\\Agr...')
#63 {main}
"} 
[2025-11-26 22:13:17] local.ERROR: Call to undefined method App\Models\CourseContentProgress::courseContent() {"userId":5,"exception":"[object] (BadMethodCallException(code: 0): Call to undefined method App\\Models\\CourseContentProgress::courseContent() at D:\\ketapang\\AgroWaste-course\\vendor\\laravel\\framework\\src\\Illuminate\\Support\\Traits\\ForwardsCalls.php:67)
[stacktrace]
#0 D:\\ketapang\\AgroWaste-course\\vendor\\laravel\\framework\\src\\Illuminate\\Support\\Traits\\ForwardsCalls.php(36): Illuminate\\Database\\Eloquent\\Model::throwBadMethodCallException('courseContent')
#1 D:\\ketapang\\AgroWaste-course\\vendor\\laravel\\framework\\src\\Illuminate\\Database\\Eloquent\\Model.php(2372): Illuminate\\Database\\Eloquent\\Model->forwardCallTo(Object(Illuminate\\Database\\Eloquent\\Builder), 'courseContent', Array)
#2 D:\\ketapang\\AgroWaste-course\\vendor\\laravel\\framework\\src\\Illuminate\\Database\\Eloquent\\Concerns\\QueriesRelationships.php(1046): Illuminate\\Database\\Eloquent\\Model->__call('courseContent', Array)
#3 D:\\ketapang\\AgroWaste-course\\vendor\\laravel\\framework\\src\\Illuminate\\Database\\Eloquent\\Relations\\Relation.php(120): Illuminate\\Database\\Eloquent\\Builder->Illuminate\\Database\\Eloquent\\Concerns\\{closure}()
#4 D:\\ketapang\\AgroWaste-course\\vendor\\laravel\\framework\\src\\Illuminate\\Database\\Eloquent\\Concerns\\QueriesRelationships.php(1045): Illuminate\\Database\\Eloquent\\Relations\\Relation::noConstraints(Object(Closure))
#5 D:\\ketapang\\AgroWaste-course\\vendor\\laravel\\framework\\src\\Illuminate\\Database\\Eloquent\\Concerns\\QueriesRelationships.php(45): Illuminate\\Database\\Eloquent\\Builder->getRelationWithoutConstraints('courseContent')
#6 D:\\ketapang\\AgroWaste-course\\vendor\\laravel\\framework\\src\\Illuminate\\Database\\Eloquent\\Concerns\\QueriesRelationships.php(162): Illuminate\\Database\\Eloquent\\Builder->has('courseContent', '>=', 1, 'and', Object(Closure))
#7 D:\\ketapang\\AgroWaste-course\\app\\Http\\Controllers\\CourseController.php(185): Illuminate\\Database\\Eloquent\\Builder->whereHas('courseContent', Object(Closure))
#8 D:\\ketapang\\AgroWaste-course\\vendor\\laravel\\framework\\src\\Illuminate\\Routing\\ControllerDispatcher.php(47): App\\Http\\Controllers\\CourseController->onProgress()
#9 D:\\ketapang\\AgroWaste-course\\vendor\\laravel\\framework\\src\\Illuminate\\Routing\\Route.php(266): Illuminate\\Routing\\ControllerDispatcher->dispatch(Object(Illuminate\\Routing\\Route), Object(App\\Http\\Controllers\\CourseController), 'onProgress')
#10 D:\\ketapang\\AgroWaste-course\\vendor\\laravel\\framework\\src\\Illuminate\\Routing\\Route.php(212): Illuminate\\Routing\\Route->runController()
#11 D:\\ketapang\\AgroWaste-course\\vendor\\laravel\\framework\\src\\Illuminate\\Routing\\Router.php(808): Illuminate\\Routing\\Route->run()
#12 D:\\ketapang\\AgroWaste-course\\vendor\\laravel\\framework\\src\\Illuminate\\Pipeline\\Pipeline.php(170): Illuminate\\Routing\\Router->Illuminate\\Routing\\{closure}(Object(Illuminate\\Http\\Request))
#13 D:\\ketapang\\AgroWaste-course\\app\\Http\\Middleware\\Authenticate.php(18): Illuminate\\Pipeline\\Pipeline->Illuminate\\Pipeline\\{closure}(Object(Illuminate\\Http\\Request))
#14 D:\\ketapang\\AgroWaste-course\\vendor\\laravel\\framework\\src\\Illuminate\\Pipeline\\Pipeline.php(209): App\\Http\\Middleware\\Authenticate->handle(Object(Illuminate\\Http\\Request), Object(Closure))
#15 D:\\ketapang\\AgroWaste-course\\vendor\\inertiajs\\inertia-laravel\\src\\Middleware.php(96): Illuminate\\Pipeline\\Pipeline->Illuminate\\Pipeline\\{closure}(Object(Illuminate\\Http\\Request))
#16 D:\\ketapang\\AgroWaste-course\\vendor\\laravel\\framework\\src\\Illuminate\\Pipeline\\Pipeline.php(209): Inertia\\Middleware->handle(Object(Illuminate\\Http\\Request), Object(Closure))
#17 D:\\ketapang\\AgroWaste-course\\vendor\\laravel\\framework\\src\\Illuminate\\Routing\\Middleware\\SubstituteBindings.php(51): Illuminate\\Pipeline\\Pipeline->Illuminate\\Pipeline\\{closure}(Object(Illuminate\\Http\\Request))
#18 D:\\ketapang\\AgroWaste-course\\vendor\\laravel\\framework\\src\\Illuminate\\Pipeline\\Pipeline.php(209): Illuminate\\Routing\\Middleware\\SubstituteBindings->handle(Object(Illuminate\\Http\\Request), Object(Closure))
#19 D:\\ketapang\\AgroWaste-course\\vendor\\laravel\\framework\\src\\Illuminate\\Foundation\\Http\\Middleware\\VerifyCsrfToken.php(88): Illuminate\\Pipeline\\Pipeline->Illuminate\\Pipeline\\{closure}(Object(Illuminate\\Http\\Request))
#20 D:\\ketapang\\AgroWaste-course\\vendor\\laravel\\framework\\src\\Illuminate\\Pipeline\\Pipeline.php(209): Illuminate\\Foundation\\Http\\Middleware\\VerifyCsrfToken->handle(Object(Illuminate\\Http\\Request), Object(Closure))
#21 D:\\ketapang\\AgroWaste-course\\vendor\\laravel\\framework\\src\\Illuminate\\View\\Middleware\\ShareErrorsFromSession.php(49): Illuminate\\Pipeline\\Pipeline->Illuminate\\Pipeline\\{closure}(Object(Illuminate\\Http\\Request))
#22 D:\\ketapang\\AgroWaste-course\\vendor\\laravel\\framework\\src\\Illuminate\\Pipeline\\Pipeline.php(209): Illuminate\\View\\Middleware\\ShareErrorsFromSession->handle(Object(Illuminate\\Http\\Request), Object(Closure))
#23 D:\\ketapang\\AgroWaste-course\\vendor\\laravel\\framework\\src\\Illuminate\\Session\\Middleware\\StartSession.php(121): Illuminate\\Pipeline\\Pipeline->Illuminate\\Pipeline\\{closure}(Object(Illuminate\\Http\\Request))
#24 D:\\ketapang\\AgroWaste-course\\vendor\\laravel\\framework\\src\\Illuminate\\Session\\Middleware\\StartSession.php(64): Illuminate\\Session\\Middleware\\StartSession->handleStatefulRequest(Object(Illuminate\\Http\\Request), Object(Illuminate\\Session\\Store), Object(Closure))
#25 D:\\ketapang\\AgroWaste-course\\vendor\\laravel\\framework\\src\\Illuminate\\Pipeline\\Pipeline.php(209): Illuminate\\Session\\Middleware\\StartSession->handle(Object(Illuminate\\Http\\Request), Object(Closure))
#26 D:\\ketapang\\AgroWaste-course\\vendor\\laravel\\framework\\src\\Illuminate\\Cookie\\Middleware\\AddQueuedCookiesToResponse.php(37): Illuminate\\Pipeline\\Pipeline->Illuminate\\Pipeline\\{closure}(Object(Illuminate\\Http\\Request))
#27 D:\\ketapang\\AgroWaste-course\\vendor\\laravel\\framework\\src\\Illuminate\\Pipeline\\Pipeline.php(209): Illuminate\\Cookie\\Middleware\\AddQueuedCookiesToResponse->handle(Object(Illuminate\\Http\\Request), Object(Closure))
#28 D:\\ketapang\\AgroWaste-course\\vendor\\laravel\\framework\\src\\Illuminate\\Cookie\\Middleware\\EncryptCookies.php(75): Illuminate\\Pipeline\\Pipeline->Illuminate\\Pipeline\\{closure}(Object(Illuminate\\Http\\Request))
#29 D:\\ketapang\\AgroWaste-course\\vendor\\laravel\\framework\\src\\Illuminate\\Pipeline\\Pipeline.php(209): Illuminate\\Cookie\\Middleware\\EncryptCookies->handle(Object(Illuminate\\Http\\Request), Object(Closure))
#30 D:\\ketapang\\AgroWaste-course\\vendor\\laravel\\framework\\src\\Illuminate\\Pipeline\\Pipeline.php(127): Illuminate\\Pipeline\\Pipeline->Illuminate\\Pipeline\\{closure}(Object(Illuminate\\Http\\Request))
#31 D:\\ketapang\\AgroWaste-course\\vendor\\laravel\\framework\\src\\Illuminate\\Routing\\Router.php(807): Illuminate\\Pipeline\\Pipeline->then(Object(Closure))
#32 D:\\ketapang\\AgroWaste-course\\vendor\\laravel\\framework\\src\\Illuminate\\Routing\\Router.php(786): Illuminate\\Routing\\Router->runRouteWithinStack(Object(Illuminate\\Routing\\Route), Object(Illuminate\\Http\\Request))
#33 D:\\ketapang\\AgroWaste-course\\vendor\\laravel\\framework\\src\\Illuminate\\Routing\\Router.php(750): Illuminate\\Routing\\Router->runRoute(Object(Illuminate\\Http\\Request), Object(Illuminate\\Routing\\Route))
#34 D:\\ketapang\\AgroWaste-course\\vendor\\laravel\\framework\\src\\Illuminate\\Routing\\Router.php(739): Illuminate\\Routing\\Router->dispatchToRoute(Object(Illuminate\\Http\\Request))
#35 D:\\ketapang\\AgroWaste-course\\vendor\\laravel\\framework\\src\\Illuminate\\Foundation\\Http\\Kernel.php(201): Illuminate\\Routing\\Router->dispatch(Object(Illuminate\\Http\\Request))
#36 D:\\ketapang\\AgroWaste-course\\vendor\\laravel\\framework\\src\\Illuminate\\Pipeline\\Pipeline.php(170): Illuminate\\Foundation\\Http\\Kernel->Illuminate\\Foundation\\Http\\{closure}(Object(Illuminate\\Http\\Request))
#37 D:\\ketapang\\AgroWaste-course\\vendor\\laravel\\framework\\src\\Illuminate\\Foundation\\Http\\Middleware\\TransformsRequest.php(21): Illuminate\\Pipeline\\Pipeline->Illuminate\\Pipeline\\{closure}(Object(Illuminate\\Http\\Request))
#38 D:\\ketapang\\AgroWaste-course\\vendor\\laravel\\framework\\src\\Illuminate\\Foundation\\Http\\Middleware\\ConvertEmptyStringsToNull.php(31): Illuminate\\Foundation\\Http\\Middleware\\TransformsRequest->handle(Object(Illuminate\\Http\\Request), Object(Closure))
#39 D:\\ketapang\\AgroWaste-course\\vendor\\laravel\\framework\\src\\Illuminate\\Pipeline\\Pipeline.php(209): Illuminate\\Foundation\\Http\\Middleware\\ConvertEmptyStringsToNull->handle(Object(Illuminate\\Http\\Request), Object(Closure))
#40 D:\\ketapang\\AgroWaste-course\\vendor\\laravel\\framework\\src\\Illuminate\\Foundation\\Http\\Middleware\\TransformsRequest.php(21): Illuminate\\Pipeline\\Pipeline->Illuminate\\Pipeline\\{closure}(Object(Illuminate\\Http\\Request))
#41 D:\\ketapang\\AgroWaste-course\\vendor\\laravel\\framework\\src\\Illuminate\\Foundation\\Http\\Middleware\\TrimStrings.php(51): Illuminate\\Foundation\\Http\\Middleware\\TransformsRequest->handle(Object(Illuminate\\Http\\Request), Object(Closure))
#42 D:\\ketapang\\AgroWaste-course\\vendor\\laravel\\framework\\src\\Illuminate\\Pipeline\\Pipeline.php(209): Illuminate\\Foundation\\Http\\Middleware\\TrimStrings->handle(Object(Illuminate\\Http\\Request), Object(Closure))
#43 D:\\ketapang\\AgroWaste-course\\vendor\\laravel\\framework\\src\\Illuminate\\Http\\Middleware\\ValidatePostSize.php(27): Illuminate\\Pipeline\\Pipeline->Illuminate\\Pipeline\\{closure}(Object(Illuminate\\Http\\Request))
#44 D:\\ketapang\\AgroWaste-course\\vendor\\laravel\\framework\\src\\Illuminate\\Pipeline\\Pipeline.php(209): Illuminate\\Http\\Middleware\\ValidatePostSize->handle(Object(Illuminate\\Http\\Request), Object(Closure))
#45 D:\\ketapang\\AgroWaste-course\\vendor\\laravel\\framework\\src\\Illuminate\\Foundation\\Http\\Middleware\\PreventRequestsDuringMaintenance.php(110): Illuminate\\Pipeline\\Pipeline->Illuminate\\Pipeline\\{closure}(Object(Illuminate\\Http\\Request))
#46 D:\\ketapang\\AgroWaste-course\\vendor\\laravel\\framework\\src\\Illuminate\\Pipeline\\Pipeline.php(209): Illuminate\\Foundation\\Http\\Middleware\\PreventRequestsDuringMaintenance->handle(Object(Illuminate\\Http\\Request), Object(Closure))
#47 D:\\ketapang\\AgroWaste-course\\vendor\\laravel\\framework\\src\\Illuminate\\Http\\Middleware\\HandleCors.php(49): Illuminate\\Pipeline\\Pipeline->Illuminate\\Pipeline\\{closure}(Object(Illuminate\\Http\\Request))
#48 D:\\ketapang\\AgroWaste-course\\vendor\\laravel\\framework\\src\\Illuminate\\Pipeline\\Pipeline.php(209): Illuminate\\Http\\Middleware\\HandleCors->handle(Object(Illuminate\\Http\\Request), Object(Closure))
#49 D:\\ketapang\\AgroWaste-course\\vendor\\laravel\\framework\\src\\Illuminate\\Http\\Middleware\\TrustProxies.php(58): Illuminate\\Pipeline\\Pipeline->Illuminate\\Pipeline\\{closure}(Object(Illuminate\\Http\\Request))
#50 D:\\ketapang\\AgroWaste-course\\vendor\\laravel\\framework\\src\\Illuminate\\Pipeline\\Pipeline.php(209): Illuminate\\Http\\Middleware\\TrustProxies->handle(Object(Illuminate\\Http\\Request), Object(Closure))
#51 D:\\ketapang\\AgroWaste-course\\vendor\\laravel\\framework\\src\\Illuminate\\Foundation\\Http\\Middleware\\InvokeDeferredCallbacks.php(22): Illuminate\\Pipeline\\Pipeline->Illuminate\\Pipeline\\{closure}(Object(Illuminate\\Http\\Request))
#52 D:\\ketapang\\AgroWaste-course\\vendor\\laravel\\framework\\src\\Illuminate\\Pipeline\\Pipeline.php(209): Illuminate\\Foundation\\Http\\Middleware\\InvokeDeferredCallbacks->handle(Object(Illuminate\\Http\\Request), Object(Closure))
#53 D:\\ketapang\\AgroWaste-course\\vendor\\laravel\\framework\\src\\Illuminate\\Pipeline\\Pipeline.php(127): Illuminate\\Pipeline\\Pipeline->Illuminate\\Pipeline\\{closure}(Object(Illuminate\\Http\\Request))
#54 D:\\ketapang\\AgroWaste-course\\vendor\\laravel\\framework\\src\\Illuminate\\Foundation\\Http\\Kernel.php(176): Illuminate\\Pipeline\\Pipeline->then(Object(Closure))
#55 D:\\ketapang\\AgroWaste-course\\vendor\\laravel\\framework\\src\\Illuminate\\Foundation\\Http\\Kernel.php(145): Illuminate\\Foundation\\Http\\Kernel->sendRequestThroughRouter(Object(Illuminate\\Http\\Request))
#56 D:\\ketapang\\AgroWaste-course\\vendor\\laravel\\framework\\src\\Illuminate\\Foundation\\Application.php(1220): Illuminate\\Foundation\\Http\\Kernel->handle(Object(Illuminate\\Http\\Request))
#57 D:\\ketapang\\AgroWaste-course\\public\\index.php(17): Illuminate\\Foundation\\Application->handleRequest(Object(Illuminate\\Http\\Request))
#58 D:\\ketapang\\AgroWaste-course\\vendor\\laravel\\framework\\src\\Illuminate\\Foundation\\resources\\server.php(23): require_once('D:\\\\ketapang\\\\Agr...')
#59 {main}
"} 
[2025-11-26 22:14:50] local.ERROR: Call to undefined method App\Models\CourseContentProgress::courseContent() {"userId":5,"exception":"[object] (BadMethodCallException(code: 0): Call to undefined method App\\Models\\CourseContentProgress::courseContent() at D:\\ketapang\\AgroWaste-course\\vendor\\laravel\\framework\\src\\Illuminate\\Support\\Traits\\ForwardsCalls.php:67)
[stacktrace]
#0 D:\\ketapang\\AgroWaste-course\\vendor\\laravel\\framework\\src\\Illuminate\\Support\\Traits\\ForwardsCalls.php(36): Illuminate\\Database\\Eloquent\\Model::throwBadMethodCallException('courseContent')
#1 D:\\ketapang\\AgroWaste-course\\vendor\\laravel\\framework\\src\\Illuminate\\Database\\Eloquent\\Model.php(2372): Illuminate\\Database\\Eloquent\\Model->forwardCallTo(Object(Illuminate\\Database\\Eloquent\\Builder), 'courseContent', Array)
#2 D:\\ketapang\\AgroWaste-course\\vendor\\laravel\\framework\\src\\Illuminate\\Database\\Eloquent\\Concerns\\QueriesRelationships.php(1046): Illuminate\\Database\\Eloquent\\Model->__call('courseContent', Array)
#3 D:\\ketapang\\AgroWaste-course\\vendor\\laravel\\framework\\src\\Illuminate\\Database\\Eloquent\\Relations\\Relation.php(120): Illuminate\\Database\\Eloquent\\Builder->Illuminate\\Database\\Eloquent\\Concerns\\{closure}()
#4 D:\\ketapang\\AgroWaste-course\\vendor\\laravel\\framework\\src\\Illuminate\\Database\\Eloquent\\Concerns\\QueriesRelationships.php(1045): Illuminate\\Database\\Eloquent\\Relations\\Relation::noConstraints(Object(Closure))
#5 D:\\ketapang\\AgroWaste-course\\vendor\\laravel\\framework\\src\\Illuminate\\Database\\Eloquent\\Concerns\\QueriesRelationships.php(45): Illuminate\\Database\\Eloquent\\Builder->getRelationWithoutConstraints('courseContent')
#6 D:\\ketapang\\AgroWaste-course\\vendor\\laravel\\framework\\src\\Illuminate\\Database\\Eloquent\\Concerns\\QueriesRelationships.php(162): Illuminate\\Database\\Eloquent\\Builder->has('courseContent', '>=', 1, 'and', Object(Closure))
#7 D:\\ketapang\\AgroWaste-course\\app\\Http\\Controllers\\CourseController.php(185): Illuminate\\Database\\Eloquent\\Builder->whereHas('courseContent', Object(Closure))
#8 D:\\ketapang\\AgroWaste-course\\vendor\\laravel\\framework\\src\\Illuminate\\Routing\\ControllerDispatcher.php(47): App\\Http\\Controllers\\CourseController->onProgress()
#9 D:\\ketapang\\AgroWaste-course\\vendor\\laravel\\framework\\src\\Illuminate\\Routing\\Route.php(266): Illuminate\\Routing\\ControllerDispatcher->dispatch(Object(Illuminate\\Routing\\Route), Object(App\\Http\\Controllers\\CourseController), 'onProgress')
#10 D:\\ketapang\\AgroWaste-course\\vendor\\laravel\\framework\\src\\Illuminate\\Routing\\Route.php(212): Illuminate\\Routing\\Route->runController()
#11 D:\\ketapang\\AgroWaste-course\\vendor\\laravel\\framework\\src\\Illuminate\\Routing\\Router.php(808): Illuminate\\Routing\\Route->run()
#12 D:\\ketapang\\AgroWaste-course\\vendor\\laravel\\framework\\src\\Illuminate\\Pipeline\\Pipeline.php(170): Illuminate\\Routing\\Router->Illuminate\\Routing\\{closure}(Object(Illuminate\\Http\\Request))
#13 D:\\ketapang\\AgroWaste-course\\app\\Http\\Middleware\\Authenticate.php(18): Illuminate\\Pipeline\\Pipeline->Illuminate\\Pipeline\\{closure}(Object(Illuminate\\Http\\Request))
#14 D:\\ketapang\\AgroWaste-course\\vendor\\laravel\\framework\\src\\Illuminate\\Pipeline\\Pipeline.php(209): App\\Http\\Middleware\\Authenticate->handle(Object(Illuminate\\Http\\Request), Object(Closure))
#15 D:\\ketapang\\AgroWaste-course\\vendor\\inertiajs\\inertia-laravel\\src\\Middleware.php(96): Illuminate\\Pipeline\\Pipeline->Illuminate\\Pipeline\\{closure}(Object(Illuminate\\Http\\Request))
#16 D:\\ketapang\\AgroWaste-course\\vendor\\laravel\\framework\\src\\Illuminate\\Pipeline\\Pipeline.php(209): Inertia\\Middleware->handle(Object(Illuminate\\Http\\Request), Object(Closure))
#17 D:\\ketapang\\AgroWaste-course\\vendor\\laravel\\framework\\src\\Illuminate\\Routing\\Middleware\\SubstituteBindings.php(51): Illuminate\\Pipeline\\Pipeline->Illuminate\\Pipeline\\{closure}(Object(Illuminate\\Http\\Request))
#18 D:\\ketapang\\AgroWaste-course\\vendor\\laravel\\framework\\src\\Illuminate\\Pipeline\\Pipeline.php(209): Illuminate\\Routing\\Middleware\\SubstituteBindings->handle(Object(Illuminate\\Http\\Request), Object(Closure))
#19 D:\\ketapang\\AgroWaste-course\\vendor\\laravel\\framework\\src\\Illuminate\\Foundation\\Http\\Middleware\\VerifyCsrfToken.php(88): Illuminate\\Pipeline\\Pipeline->Illuminate\\Pipeline\\{closure}(Object(Illuminate\\Http\\Request))
#20 D:\\ketapang\\AgroWaste-course\\vendor\\laravel\\framework\\src\\Illuminate\\Pipeline\\Pipeline.php(209): Illuminate\\Foundation\\Http\\Middleware\\VerifyCsrfToken->handle(Object(Illuminate\\Http\\Request), Object(Closure))
#21 D:\\ketapang\\AgroWaste-course\\vendor\\laravel\\framework\\src\\Illuminate\\View\\Middleware\\ShareErrorsFromSession.php(49): Illuminate\\Pipeline\\Pipeline->Illuminate\\Pipeline\\{closure}(Object(Illuminate\\Http\\Request))
#22 D:\\ketapang\\AgroWaste-course\\vendor\\laravel\\framework\\src\\Illuminate\\Pipeline\\Pipeline.php(209): Illuminate\\View\\Middleware\\ShareErrorsFromSession->handle(Object(Illuminate\\Http\\Request), Object(Closure))
#23 D:\\ketapang\\AgroWaste-course\\vendor\\laravel\\framework\\src\\Illuminate\\Session\\Middleware\\StartSession.php(121): Illuminate\\Pipeline\\Pipeline->Illuminate\\Pipeline\\{closure}(Object(Illuminate\\Http\\Request))
#24 D:\\ketapang\\AgroWaste-course\\vendor\\laravel\\framework\\src\\Illuminate\\Session\\Middleware\\StartSession.php(64): Illuminate\\Session\\Middleware\\StartSession->handleStatefulRequest(Object(Illuminate\\Http\\Request), Object(Illuminate\\Session\\Store), Object(Closure))
#25 D:\\ketapang\\AgroWaste-course\\vendor\\laravel\\framework\\src\\Illuminate\\Pipeline\\Pipeline.php(209): Illuminate\\Session\\Middleware\\StartSession->handle(Object(Illuminate\\Http\\Request), Object(Closure))
#26 D:\\ketapang\\AgroWaste-course\\vendor\\laravel\\framework\\src\\Illuminate\\Cookie\\Middleware\\AddQueuedCookiesToResponse.php(37): Illuminate\\Pipeline\\Pipeline->Illuminate\\Pipeline\\{closure}(Object(Illuminate\\Http\\Request))
#27 D:\\ketapang\\AgroWaste-course\\vendor\\laravel\\framework\\src\\Illuminate\\Pipeline\\Pipeline.php(209): Illuminate\\Cookie\\Middleware\\AddQueuedCookiesToResponse->handle(Object(Illuminate\\Http\\Request), Object(Closure))
#28 D:\\ketapang\\AgroWaste-course\\vendor\\laravel\\framework\\src\\Illuminate\\Cookie\\Middleware\\EncryptCookies.php(75): Illuminate\\Pipeline\\Pipeline->Illuminate\\Pipeline\\{closure}(Object(Illuminate\\Http\\Request))
#29 D:\\ketapang\\AgroWaste-course\\vendor\\laravel\\framework\\src\\Illuminate\\Pipeline\\Pipeline.php(209): Illuminate\\Cookie\\Middleware\\EncryptCookies->handle(Object(Illuminate\\Http\\Request), Object(Closure))
#30 D:\\ketapang\\AgroWaste-course\\vendor\\laravel\\framework\\src\\Illuminate\\Pipeline\\Pipeline.php(127): Illuminate\\Pipeline\\Pipeline->Illuminate\\Pipeline\\{closure}(Object(Illuminate\\Http\\Request))
#31 D:\\ketapang\\AgroWaste-course\\vendor\\laravel\\framework\\src\\Illuminate\\Routing\\Router.php(807): Illuminate\\Pipeline\\Pipeline->then(Object(Closure))
#32 D:\\ketapang\\AgroWaste-course\\vendor\\laravel\\framework\\src\\Illuminate\\Routing\\Router.php(786): Illuminate\\Routing\\Router->runRouteWithinStack(Object(Illuminate\\Routing\\Route), Object(Illuminate\\Http\\Request))
#33 D:\\ketapang\\AgroWaste-course\\vendor\\laravel\\framework\\src\\Illuminate\\Routing\\Router.php(750): Illuminate\\Routing\\Router->runRoute(Object(Illuminate\\Http\\Request), Object(Illuminate\\Routing\\Route))
#34 D:\\ketapang\\AgroWaste-course\\vendor\\laravel\\framework\\src\\Illuminate\\Routing\\Router.php(739): Illuminate\\Routing\\Router->dispatchToRoute(Object(Illuminate\\Http\\Request))
#35 D:\\ketapang\\AgroWaste-course\\vendor\\laravel\\framework\\src\\Illuminate\\Foundation\\Http\\Kernel.php(201): Illuminate\\Routing\\Router->dispatch(Object(Illuminate\\Http\\Request))
#36 D:\\ketapang\\AgroWaste-course\\vendor\\laravel\\framework\\src\\Illuminate\\Pipeline\\Pipeline.php(170): Illuminate\\Foundation\\Http\\Kernel->Illuminate\\Foundation\\Http\\{closure}(Object(Illuminate\\Http\\Request))
#37 D:\\ketapang\\AgroWaste-course\\vendor\\laravel\\framework\\src\\Illuminate\\Foundation\\Http\\Middleware\\TransformsRequest.php(21): Illuminate\\Pipeline\\Pipeline->Illuminate\\Pipeline\\{closure}(Object(Illuminate\\Http\\Request))
#38 D:\\ketapang\\AgroWaste-course\\vendor\\laravel\\framework\\src\\Illuminate\\Foundation\\Http\\Middleware\\ConvertEmptyStringsToNull.php(31): Illuminate\\Foundation\\Http\\Middleware\\TransformsRequest->handle(Object(Illuminate\\Http\\Request), Object(Closure))
#39 D:\\ketapang\\AgroWaste-course\\vendor\\laravel\\framework\\src\\Illuminate\\Pipeline\\Pipeline.php(209): Illuminate\\Foundation\\Http\\Middleware\\ConvertEmptyStringsToNull->handle(Object(Illuminate\\Http\\Request), Object(Closure))
#40 D:\\ketapang\\AgroWaste-course\\vendor\\laravel\\framework\\src\\Illuminate\\Foundation\\Http\\Middleware\\TransformsRequest.php(21): Illuminate\\Pipeline\\Pipeline->Illuminate\\Pipeline\\{closure}(Object(Illuminate\\Http\\Request))
#41 D:\\ketapang\\AgroWaste-course\\vendor\\laravel\\framework\\src\\Illuminate\\Foundation\\Http\\Middleware\\TrimStrings.php(51): Illuminate\\Foundation\\Http\\Middleware\\TransformsRequest->handle(Object(Illuminate\\Http\\Request), Object(Closure))
#42 D:\\ketapang\\AgroWaste-course\\vendor\\laravel\\framework\\src\\Illuminate\\Pipeline\\Pipeline.php(209): Illuminate\\Foundation\\Http\\Middleware\\TrimStrings->handle(Object(Illuminate\\Http\\Request), Object(Closure))
#43 D:\\ketapang\\AgroWaste-course\\vendor\\laravel\\framework\\src\\Illuminate\\Http\\Middleware\\ValidatePostSize.php(27): Illuminate\\Pipeline\\Pipeline->Illuminate\\Pipeline\\{closure}(Object(Illuminate\\Http\\Request))
#44 D:\\ketapang\\AgroWaste-course\\vendor\\laravel\\framework\\src\\Illuminate\\Pipeline\\Pipeline.php(209): Illuminate\\Http\\Middleware\\ValidatePostSize->handle(Object(Illuminate\\Http\\Request), Object(Closure))
#45 D:\\ketapang\\AgroWaste-course\\vendor\\laravel\\framework\\src\\Illuminate\\Foundation\\Http\\Middleware\\PreventRequestsDuringMaintenance.php(110): Illuminate\\Pipeline\\Pipeline->Illuminate\\Pipeline\\{closure}(Object(Illuminate\\Http\\Request))
#46 D:\\ketapang\\AgroWaste-course\\vendor\\laravel\\framework\\src\\Illuminate\\Pipeline\\Pipeline.php(209): Illuminate\\Foundation\\Http\\Middleware\\PreventRequestsDuringMaintenance->handle(Object(Illuminate\\Http\\Request), Object(Closure))
#47 D:\\ketapang\\AgroWaste-course\\vendor\\laravel\\framework\\src\\Illuminate\\Http\\Middleware\\HandleCors.php(49): Illuminate\\Pipeline\\Pipeline->Illuminate\\Pipeline\\{closure}(Object(Illuminate\\Http\\Request))
#48 D:\\ketapang\\AgroWaste-course\\vendor\\laravel\\framework\\src\\Illuminate\\Pipeline\\Pipeline.php(209): Illuminate\\Http\\Middleware\\HandleCors->handle(Object(Illuminate\\Http\\Request), Object(Closure))
#49 D:\\ketapang\\AgroWaste-course\\vendor\\laravel\\framework\\src\\Illuminate\\Http\\Middleware\\TrustProxies.php(58): Illuminate\\Pipeline\\Pipeline->Illuminate\\Pipeline\\{closure}(Object(Illuminate\\Http\\Request))
#50 D:\\ketapang\\AgroWaste-course\\vendor\\laravel\\framework\\src\\Illuminate\\Pipeline\\Pipeline.php(209): Illuminate\\Http\\Middleware\\TrustProxies->handle(Object(Illuminate\\Http\\Request), Object(Closure))
#51 D:\\ketapang\\AgroWaste-course\\vendor\\laravel\\framework\\src\\Illuminate\\Foundation\\Http\\Middleware\\InvokeDeferredCallbacks.php(22): Illuminate\\Pipeline\\Pipeline->Illuminate\\Pipeline\\{closure}(Object(Illuminate\\Http\\Request))
#52 D:\\ketapang\\AgroWaste-course\\vendor\\laravel\\framework\\src\\Illuminate\\Pipeline\\Pipeline.php(209): Illuminate\\Foundation\\Http\\Middleware\\InvokeDeferredCallbacks->handle(Object(Illuminate\\Http\\Request), Object(Closure))
#53 D:\\ketapang\\AgroWaste-course\\vendor\\laravel\\framework\\src\\Illuminate\\Pipeline\\Pipeline.php(127): Illuminate\\Pipeline\\Pipeline->Illuminate\\Pipeline\\{closure}(Object(Illuminate\\Http\\Request))
#54 D:\\ketapang\\AgroWaste-course\\vendor\\laravel\\framework\\src\\Illuminate\\Foundation\\Http\\Kernel.php(176): Illuminate\\Pipeline\\Pipeline->then(Object(Closure))
#55 D:\\ketapang\\AgroWaste-course\\vendor\\laravel\\framework\\src\\Illuminate\\Foundation\\Http\\Kernel.php(145): Illuminate\\Foundation\\Http\\Kernel->sendRequestThroughRouter(Object(Illuminate\\Http\\Request))
#56 D:\\ketapang\\AgroWaste-course\\vendor\\laravel\\framework\\src\\Illuminate\\Foundation\\Application.php(1220): Illuminate\\Foundation\\Http\\Kernel->handle(Object(Illuminate\\Http\\Request))
#57 D:\\ketapang\\AgroWaste-course\\public\\index.php(17): Illuminate\\Foundation\\Application->handleRequest(Object(Illuminate\\Http\\Request))
#58 D:\\ketapang\\AgroWaste-course\\vendor\\laravel\\framework\\src\\Illuminate\\Foundation\\resources\\server.php(23): require_once('D:\\\\ketapang\\\\Agr...')
#59 {main}
"} 
[2025-11-26 22:19:51] local.ERROR: SQLSTATE[42S22]: [Microsoft][ODBC Driver 17 for SQL Server][SQL Server]Invalid column name 'quiz_score'. (Connection: sqlsrv, SQL: select [quiz_score] from [course_content_progress] where [user_id] = 5 and [course_content_id] in (14) and [quiz_score] is not null) {"userId":5,"exception":"[object] (Illuminate\\Database\\QueryException(code: 42S22): SQLSTATE[42S22]: [Microsoft][ODBC Driver 17 for SQL Server][SQL Server]Invalid column name 'quiz_score'. (Connection: sqlsrv, SQL: select [quiz_score] from [course_content_progress] where [user_id] = 5 and [course_content_id] in (14) and [quiz_score] is not null) at D:\\ketapang\\AgroWaste-course\\vendor\\laravel\\framework\\src\\Illuminate\\Database\\Connection.php:825)
[stacktrace]
#0 D:\\ketapang\\AgroWaste-course\\vendor\\laravel\\framework\\src\\Illuminate\\Database\\Connection.php(779): Illuminate\\Database\\Connection->runQueryCallback('select [quiz_sc...', Array, Object(Closure))
#1 D:\\ketapang\\AgroWaste-course\\vendor\\laravel\\framework\\src\\Illuminate\\Database\\Connection.php(398): Illuminate\\Database\\Connection->run('select [quiz_sc...', Array, Object(Closure))
#2 D:\\ketapang\\AgroWaste-course\\vendor\\laravel\\framework\\src\\Illuminate\\Database\\Query\\Builder.php(3106): Illuminate\\Database\\Connection->select('select [quiz_sc...', Array, true)
#3 D:\\ketapang\\AgroWaste-course\\vendor\\laravel\\framework\\src\\Illuminate\\Database\\Query\\Builder.php(3362): Illuminate\\Database\\Query\\Builder->runSelect()
#4 D:\\ketapang\\AgroWaste-course\\vendor\\laravel\\framework\\src\\Illuminate\\Database\\Query\\Builder.php(3676): Illuminate\\Database\\Query\\Builder->Illuminate\\Database\\Query\\{closure}()
#5 D:\\ketapang\\AgroWaste-course\\vendor\\laravel\\framework\\src\\Illuminate\\Database\\Query\\Builder.php(3358): Illuminate\\Database\\Query\\Builder->onceWithColumns(Array, Object(Closure))
#6 D:\\ketapang\\AgroWaste-course\\vendor\\laravel\\framework\\src\\Illuminate\\Database\\Eloquent\\Builder.php(991): Illuminate\\Database\\Query\\Builder->pluck('quiz_score', NULL)
#7 D:\\ketapang\\AgroWaste-course\\app\\Http\\Controllers\\HomeController.php(97): Illuminate\\Database\\Eloquent\\Builder->pluck('quiz_score')
#8 D:\\ketapang\\AgroWaste-course\\vendor\\laravel\\framework\\src\\Illuminate\\Routing\\ControllerDispatcher.php(47): App\\Http\\Controllers\\HomeController->profile()
#9 D:\\ketapang\\AgroWaste-course\\vendor\\laravel\\framework\\src\\Illuminate\\Routing\\Route.php(266): Illuminate\\Routing\\ControllerDispatcher->dispatch(Object(Illuminate\\Routing\\Route), Object(App\\Http\\Controllers\\HomeController), 'profile')
#10 D:\\ketapang\\AgroWaste-course\\vendor\\laravel\\framework\\src\\Illuminate\\Routing\\Route.php(212): Illuminate\\Routing\\Route->runController()
#11 D:\\ketapang\\AgroWaste-course\\vendor\\laravel\\framework\\src\\Illuminate\\Routing\\Router.php(808): Illuminate\\Routing\\Route->run()
#12 D:\\ketapang\\AgroWaste-course\\vendor\\laravel\\framework\\src\\Illuminate\\Pipeline\\Pipeline.php(170): Illuminate\\Routing\\Router->Illuminate\\Routing\\{closure}(Object(Illuminate\\Http\\Request))
#13 D:\\ketapang\\AgroWaste-course\\app\\Http\\Middleware\\Authenticate.php(18): Illuminate\\Pipeline\\Pipeline->Illuminate\\Pipeline\\{closure}(Object(Illuminate\\Http\\Request))
#14 D:\\ketapang\\AgroWaste-course\\vendor\\laravel\\framework\\src\\Illuminate\\Pipeline\\Pipeline.php(209): App\\Http\\Middleware\\Authenticate->handle(Object(Illuminate\\Http\\Request), Object(Closure))
#15 D:\\ketapang\\AgroWaste-course\\vendor\\inertiajs\\inertia-laravel\\src\\Middleware.php(96): Illuminate\\Pipeline\\Pipeline->Illuminate\\Pipeline\\{closure}(Object(Illuminate\\Http\\Request))
#16 D:\\ketapang\\AgroWaste-course\\vendor\\laravel\\framework\\src\\Illuminate\\Pipeline\\Pipeline.php(209): Inertia\\Middleware->handle(Object(Illuminate\\Http\\Request), Object(Closure))
#17 D:\\ketapang\\AgroWaste-course\\vendor\\laravel\\framework\\src\\Illuminate\\Routing\\Middleware\\SubstituteBindings.php(51): Illuminate\\Pipeline\\Pipeline->Illuminate\\Pipeline\\{closure}(Object(Illuminate\\Http\\Request))
#18 D:\\ketapang\\AgroWaste-course\\vendor\\laravel\\framework\\src\\Illuminate\\Pipeline\\Pipeline.php(209): Illuminate\\Routing\\Middleware\\SubstituteBindings->handle(Object(Illuminate\\Http\\Request), Object(Closure))
#19 D:\\ketapang\\AgroWaste-course\\vendor\\laravel\\framework\\src\\Illuminate\\Foundation\\Http\\Middleware\\VerifyCsrfToken.php(88): Illuminate\\Pipeline\\Pipeline->Illuminate\\Pipeline\\{closure}(Object(Illuminate\\Http\\Request))
#20 D:\\ketapang\\AgroWaste-course\\vendor\\laravel\\framework\\src\\Illuminate\\Pipeline\\Pipeline.php(209): Illuminate\\Foundation\\Http\\Middleware\\VerifyCsrfToken->handle(Object(Illuminate\\Http\\Request), Object(Closure))
#21 D:\\ketapang\\AgroWaste-course\\vendor\\laravel\\framework\\src\\Illuminate\\View\\Middleware\\ShareErrorsFromSession.php(49): Illuminate\\Pipeline\\Pipeline->Illuminate\\Pipeline\\{closure}(Object(Illuminate\\Http\\Request))
#22 D:\\ketapang\\AgroWaste-course\\vendor\\laravel\\framework\\src\\Illuminate\\Pipeline\\Pipeline.php(209): Illuminate\\View\\Middleware\\ShareErrorsFromSession->handle(Object(Illuminate\\Http\\Request), Object(Closure))
#23 D:\\ketapang\\AgroWaste-course\\vendor\\laravel\\framework\\src\\Illuminate\\Session\\Middleware\\StartSession.php(121): Illuminate\\Pipeline\\Pipeline->Illuminate\\Pipeline\\{closure}(Object(Illuminate\\Http\\Request))
#24 D:\\ketapang\\AgroWaste-course\\vendor\\laravel\\framework\\src\\Illuminate\\Session\\Middleware\\StartSession.php(64): Illuminate\\Session\\Middleware\\StartSession->handleStatefulRequest(Object(Illuminate\\Http\\Request), Object(Illuminate\\Session\\Store), Object(Closure))
#25 D:\\ketapang\\AgroWaste-course\\vendor\\laravel\\framework\\src\\Illuminate\\Pipeline\\Pipeline.php(209): Illuminate\\Session\\Middleware\\StartSession->handle(Object(Illuminate\\Http\\Request), Object(Closure))
#26 D:\\ketapang\\AgroWaste-course\\vendor\\laravel\\framework\\src\\Illuminate\\Cookie\\Middleware\\AddQueuedCookiesToResponse.php(37): Illuminate\\Pipeline\\Pipeline->Illuminate\\Pipeline\\{closure}(Object(Illuminate\\Http\\Request))
#27 D:\\ketapang\\AgroWaste-course\\vendor\\laravel\\framework\\src\\Illuminate\\Pipeline\\Pipeline.php(209): Illuminate\\Cookie\\Middleware\\AddQueuedCookiesToResponse->handle(Object(Illuminate\\Http\\Request), Object(Closure))
#28 D:\\ketapang\\AgroWaste-course\\vendor\\laravel\\framework\\src\\Illuminate\\Cookie\\Middleware\\EncryptCookies.php(75): Illuminate\\Pipeline\\Pipeline->Illuminate\\Pipeline\\{closure}(Object(Illuminate\\Http\\Request))
#29 D:\\ketapang\\AgroWaste-course\\vendor\\laravel\\framework\\src\\Illuminate\\Pipeline\\Pipeline.php(209): Illuminate\\Cookie\\Middleware\\EncryptCookies->handle(Object(Illuminate\\Http\\Request), Object(Closure))
#30 D:\\ketapang\\AgroWaste-course\\vendor\\laravel\\framework\\src\\Illuminate\\Pipeline\\Pipeline.php(127): Illuminate\\Pipeline\\Pipeline->Illuminate\\Pipeline\\{closure}(Object(Illuminate\\Http\\Request))
#31 D:\\ketapang\\AgroWaste-course\\vendor\\laravel\\framework\\src\\Illuminate\\Routing\\Router.php(807): Illuminate\\Pipeline\\Pipeline->then(Object(Closure))
#32 D:\\ketapang\\AgroWaste-course\\vendor\\laravel\\framework\\src\\Illuminate\\Routing\\Router.php(786): Illuminate\\Routing\\Router->runRouteWithinStack(Object(Illuminate\\Routing\\Route), Object(Illuminate\\Http\\Request))
#33 D:\\ketapang\\AgroWaste-course\\vendor\\laravel\\framework\\src\\Illuminate\\Routing\\Router.php(750): Illuminate\\Routing\\Router->runRoute(Object(Illuminate\\Http\\Request), Object(Illuminate\\Routing\\Route))
#34 D:\\ketapang\\AgroWaste-course\\vendor\\laravel\\framework\\src\\Illuminate\\Routing\\Router.php(739): Illuminate\\Routing\\Router->dispatchToRoute(Object(Illuminate\\Http\\Request))
#35 D:\\ketapang\\AgroWaste-course\\vendor\\laravel\\framework\\src\\Illuminate\\Foundation\\Http\\Kernel.php(201): Illuminate\\Routing\\Router->dispatch(Object(Illuminate\\Http\\Request))
#36 D:\\ketapang\\AgroWaste-course\\vendor\\laravel\\framework\\src\\Illuminate\\Pipeline\\Pipeline.php(170): Illuminate\\Foundation\\Http\\Kernel->Illuminate\\Foundation\\Http\\{closure}(Object(Illuminate\\Http\\Request))
#37 D:\\ketapang\\AgroWaste-course\\vendor\\laravel\\framework\\src\\Illuminate\\Foundation\\Http\\Middleware\\TransformsRequest.php(21): Illuminate\\Pipeline\\Pipeline->Illuminate\\Pipeline\\{closure}(Object(Illuminate\\Http\\Request))
#38 D:\\ketapang\\AgroWaste-course\\vendor\\laravel\\framework\\src\\Illuminate\\Foundation\\Http\\Middleware\\ConvertEmptyStringsToNull.php(31): Illuminate\\Foundation\\Http\\Middleware\\TransformsRequest->handle(Object(Illuminate\\Http\\Request), Object(Closure))
#39 D:\\ketapang\\AgroWaste-course\\vendor\\laravel\\framework\\src\\Illuminate\\Pipeline\\Pipeline.php(209): Illuminate\\Foundation\\Http\\Middleware\\ConvertEmptyStringsToNull->handle(Object(Illuminate\\Http\\Request), Object(Closure))
#40 D:\\ketapang\\AgroWaste-course\\vendor\\laravel\\framework\\src\\Illuminate\\Foundation\\Http\\Middleware\\TransformsRequest.php(21): Illuminate\\Pipeline\\Pipeline->Illuminate\\Pipeline\\{closure}(Object(Illuminate\\Http\\Request))
#41 D:\\ketapang\\AgroWaste-course\\vendor\\laravel\\framework\\src\\Illuminate\\Foundation\\Http\\Middleware\\TrimStrings.php(51): Illuminate\\Foundation\\Http\\Middleware\\TransformsRequest->handle(Object(Illuminate\\Http\\Request), Object(Closure))
#42 D:\\ketapang\\AgroWaste-course\\vendor\\laravel\\framework\\src\\Illuminate\\Pipeline\\Pipeline.php(209): Illuminate\\Foundation\\Http\\Middleware\\TrimStrings->handle(Object(Illuminate\\Http\\Request), Object(Closure))
#43 D:\\ketapang\\AgroWaste-course\\vendor\\laravel\\framework\\src\\Illuminate\\Http\\Middleware\\ValidatePostSize.php(27): Illuminate\\Pipeline\\Pipeline->Illuminate\\Pipeline\\{closure}(Object(Illuminate\\Http\\Request))
#44 D:\\ketapang\\AgroWaste-course\\vendor\\laravel\\framework\\src\\Illuminate\\Pipeline\\Pipeline.php(209): Illuminate\\Http\\Middleware\\ValidatePostSize->handle(Object(Illuminate\\Http\\Request), Object(Closure))
#45 D:\\ketapang\\AgroWaste-course\\vendor\\laravel\\framework\\src\\Illuminate\\Foundation\\Http\\Middleware\\PreventRequestsDuringMaintenance.php(110): Illuminate\\Pipeline\\Pipeline->Illuminate\\Pipeline\\{closure}(Object(Illuminate\\Http\\Request))
#46 D:\\ketapang\\AgroWaste-course\\vendor\\laravel\\framework\\src\\Illuminate\\Pipeline\\Pipeline.php(209): Illuminate\\Foundation\\Http\\Middleware\\PreventRequestsDuringMaintenance->handle(Object(Illuminate\\Http\\Request), Object(Closure))
#47 D:\\ketapang\\AgroWaste-course\\vendor\\laravel\\framework\\src\\Illuminate\\Http\\Middleware\\HandleCors.php(49): Illuminate\\Pipeline\\Pipeline->Illuminate\\Pipeline\\{closure}(Object(Illuminate\\Http\\Request))
#48 D:\\ketapang\\AgroWaste-course\\vendor\\laravel\\framework\\src\\Illuminate\\Pipeline\\Pipeline.php(209): Illuminate\\Http\\Middleware\\HandleCors->handle(Object(Illuminate\\Http\\Request), Object(Closure))
#49 D:\\ketapang\\AgroWaste-course\\vendor\\laravel\\framework\\src\\Illuminate\\Http\\Middleware\\TrustProxies.php(58): Illuminate\\Pipeline\\Pipeline->Illuminate\\Pipeline\\{closure}(Object(Illuminate\\Http\\Request))
#50 D:\\ketapang\\AgroWaste-course\\vendor\\laravel\\framework\\src\\Illuminate\\Pipeline\\Pipeline.php(209): Illuminate\\Http\\Middleware\\TrustProxies->handle(Object(Illuminate\\Http\\Request), Object(Closure))
#51 D:\\ketapang\\AgroWaste-course\\vendor\\laravel\\framework\\src\\Illuminate\\Foundation\\Http\\Middleware\\InvokeDeferredCallbacks.php(22): Illuminate\\Pipeline\\Pipeline->Illuminate\\Pipeline\\{closure}(Object(Illuminate\\Http\\Request))
#52 D:\\ketapang\\AgroWaste-course\\vendor\\laravel\\framework\\src\\Illuminate\\Pipeline\\Pipeline.php(209): Illuminate\\Foundation\\Http\\Middleware\\InvokeDeferredCallbacks->handle(Object(Illuminate\\Http\\Request), Object(Closure))
#53 D:\\ketapang\\AgroWaste-course\\vendor\\laravel\\framework\\src\\Illuminate\\Pipeline\\Pipeline.php(127): Illuminate\\Pipeline\\Pipeline->Illuminate\\Pipeline\\{closure}(Object(Illuminate\\Http\\Request))
#54 D:\\ketapang\\AgroWaste-course\\vendor\\laravel\\framework\\src\\Illuminate\\Foundation\\Http\\Kernel.php(176): Illuminate\\Pipeline\\Pipeline->then(Object(Closure))
#55 D:\\ketapang\\AgroWaste-course\\vendor\\laravel\\framework\\src\\Illuminate\\Foundation\\Http\\Kernel.php(145): Illuminate\\Foundation\\Http\\Kernel->sendRequestThroughRouter(Object(Illuminate\\Http\\Request))
#56 D:\\ketapang\\AgroWaste-course\\vendor\\laravel\\framework\\src\\Illuminate\\Foundation\\Application.php(1220): Illuminate\\Foundation\\Http\\Kernel->handle(Object(Illuminate\\Http\\Request))
#57 D:\\ketapang\\AgroWaste-course\\public\\index.php(17): Illuminate\\Foundation\\Application->handleRequest(Object(Illuminate\\Http\\Request))
#58 D:\\ketapang\\AgroWaste-course\\vendor\\laravel\\framework\\src\\Illuminate\\Foundation\\resources\\server.php(23): require_once('D:\\\\ketapang\\\\Agr...')
#59 {main}

[previous exception] [object] (PDOException(code: 42S22): SQLSTATE[42S22]: [Microsoft][ODBC Driver 17 for SQL Server][SQL Server]Invalid column name 'quiz_score'. at D:\\ketapang\\AgroWaste-course\\vendor\\laravel\\framework\\src\\Illuminate\\Database\\Connection.php:412)
[stacktrace]
#0 D:\\ketapang\\AgroWaste-course\\vendor\\laravel\\framework\\src\\Illuminate\\Database\\Connection.php(412): PDOStatement->execute()
#1 D:\\ketapang\\AgroWaste-course\\vendor\\laravel\\framework\\src\\Illuminate\\Database\\Connection.php(812): Illuminate\\Database\\Connection->Illuminate\\Database\\{closure}('select [quiz_sc...', Array)
#2 D:\\ketapang\\AgroWaste-course\\vendor\\laravel\\framework\\src\\Illuminate\\Database\\Connection.php(779): Illuminate\\Database\\Connection->runQueryCallback('select [quiz_sc...', Array, Object(Closure))
#3 D:\\ketapang\\AgroWaste-course\\vendor\\laravel\\framework\\src\\Illuminate\\Database\\Connection.php(398): Illuminate\\Database\\Connection->run('select [quiz_sc...', Array, Object(Closure))
#4 D:\\ketapang\\AgroWaste-course\\vendor\\laravel\\framework\\src\\Illuminate\\Database\\Query\\Builder.php(3106): Illuminate\\Database\\Connection->select('select [quiz_sc...', Array, true)
#5 D:\\ketapang\\AgroWaste-course\\vendor\\laravel\\framework\\src\\Illuminate\\Database\\Query\\Builder.php(3362): Illuminate\\Database\\Query\\Builder->runSelect()
#6 D:\\ketapang\\AgroWaste-course\\vendor\\laravel\\framework\\src\\Illuminate\\Database\\Query\\Builder.php(3676): Illuminate\\Database\\Query\\Builder->Illuminate\\Database\\Query\\{closure}()
#7 D:\\ketapang\\AgroWaste-course\\vendor\\laravel\\framework\\src\\Illuminate\\Database\\Query\\Builder.php(3358): Illuminate\\Database\\Query\\Builder->onceWithColumns(Array, Object(Closure))
#8 D:\\ketapang\\AgroWaste-course\\vendor\\laravel\\framework\\src\\Illuminate\\Database\\Eloquent\\Builder.php(991): Illuminate\\Database\\Query\\Builder->pluck('quiz_score', NULL)
#9 D:\\ketapang\\AgroWaste-course\\app\\Http\\Controllers\\HomeController.php(97): Illuminate\\Database\\Eloquent\\Builder->pluck('quiz_score')
#10 D:\\ketapang\\AgroWaste-course\\vendor\\laravel\\framework\\src\\Illuminate\\Routing\\ControllerDispatcher.php(47): App\\Http\\Controllers\\HomeController->profile()
#11 D:\\ketapang\\AgroWaste-course\\vendor\\laravel\\framework\\src\\Illuminate\\Routing\\Route.php(266): Illuminate\\Routing\\ControllerDispatcher->dispatch(Object(Illuminate\\Routing\\Route), Object(App\\Http\\Controllers\\HomeController), 'profile')
#12 D:\\ketapang\\AgroWaste-course\\vendor\\laravel\\framework\\src\\Illuminate\\Routing\\Route.php(212): Illuminate\\Routing\\Route->runController()
#13 D:\\ketapang\\AgroWaste-course\\vendor\\laravel\\framework\\src\\Illuminate\\Routing\\Router.php(808): Illuminate\\Routing\\Route->run()
#14 D:\\ketapang\\AgroWaste-course\\vendor\\laravel\\framework\\src\\Illuminate\\Pipeline\\Pipeline.php(170): Illuminate\\Routing\\Router->Illuminate\\Routing\\{closure}(Object(Illuminate\\Http\\Request))
#15 D:\\ketapang\\AgroWaste-course\\app\\Http\\Middleware\\Authenticate.php(18): Illuminate\\Pipeline\\Pipeline->Illuminate\\Pipeline\\{closure}(Object(Illuminate\\Http\\Request))
#16 D:\\ketapang\\AgroWaste-course\\vendor\\laravel\\framework\\src\\Illuminate\\Pipeline\\Pipeline.php(209): App\\Http\\Middleware\\Authenticate->handle(Object(Illuminate\\Http\\Request), Object(Closure))
#17 D:\\ketapang\\AgroWaste-course\\vendor\\inertiajs\\inertia-laravel\\src\\Middleware.php(96): Illuminate\\Pipeline\\Pipeline->Illuminate\\Pipeline\\{closure}(Object(Illuminate\\Http\\Request))
#18 D:\\ketapang\\AgroWaste-course\\vendor\\laravel\\framework\\src\\Illuminate\\Pipeline\\Pipeline.php(209): Inertia\\Middleware->handle(Object(Illuminate\\Http\\Request), Object(Closure))
#19 D:\\ketapang\\AgroWaste-course\\vendor\\laravel\\framework\\src\\Illuminate\\Routing\\Middleware\\SubstituteBindings.php(51): Illuminate\\Pipeline\\Pipeline->Illuminate\\Pipeline\\{closure}(Object(Illuminate\\Http\\Request))
#20 D:\\ketapang\\AgroWaste-course\\vendor\\laravel\\framework\\src\\Illuminate\\Pipeline\\Pipeline.php(209): Illuminate\\Routing\\Middleware\\SubstituteBindings->handle(Object(Illuminate\\Http\\Request), Object(Closure))
#21 D:\\ketapang\\AgroWaste-course\\vendor\\laravel\\framework\\src\\Illuminate\\Foundation\\Http\\Middleware\\VerifyCsrfToken.php(88): Illuminate\\Pipeline\\Pipeline->Illuminate\\Pipeline\\{closure}(Object(Illuminate\\Http\\Request))
#22 D:\\ketapang\\AgroWaste-course\\vendor\\laravel\\framework\\src\\Illuminate\\Pipeline\\Pipeline.php(209): Illuminate\\Foundation\\Http\\Middleware\\VerifyCsrfToken->handle(Object(Illuminate\\Http\\Request), Object(Closure))
#23 D:\\ketapang\\AgroWaste-course\\vendor\\laravel\\framework\\src\\Illuminate\\View\\Middleware\\ShareErrorsFromSession.php(49): Illuminate\\Pipeline\\Pipeline->Illuminate\\Pipeline\\{closure}(Object(Illuminate\\Http\\Request))
#24 D:\\ketapang\\AgroWaste-course\\vendor\\laravel\\framework\\src\\Illuminate\\Pipeline\\Pipeline.php(209): Illuminate\\View\\Middleware\\ShareErrorsFromSession->handle(Object(Illuminate\\Http\\Request), Object(Closure))
#25 D:\\ketapang\\AgroWaste-course\\vendor\\laravel\\framework\\src\\Illuminate\\Session\\Middleware\\StartSession.php(121): Illuminate\\Pipeline\\Pipeline->Illuminate\\Pipeline\\{closure}(Object(Illuminate\\Http\\Request))
#26 D:\\ketapang\\AgroWaste-course\\vendor\\laravel\\framework\\src\\Illuminate\\Session\\Middleware\\StartSession.php(64): Illuminate\\Session\\Middleware\\StartSession->handleStatefulRequest(Object(Illuminate\\Http\\Request), Object(Illuminate\\Session\\Store), Object(Closure))
#27 D:\\ketapang\\AgroWaste-course\\vendor\\laravel\\framework\\src\\Illuminate\\Pipeline\\Pipeline.php(209): Illuminate\\Session\\Middleware\\StartSession->handle(Object(Illuminate\\Http\\Request), Object(Closure))
#28 D:\\ketapang\\AgroWaste-course\\vendor\\laravel\\framework\\src\\Illuminate\\Cookie\\Middleware\\AddQueuedCookiesToResponse.php(37): Illuminate\\Pipeline\\Pipeline->Illuminate\\Pipeline\\{closure}(Object(Illuminate\\Http\\Request))
#29 D:\\ketapang\\AgroWaste-course\\vendor\\laravel\\framework\\src\\Illuminate\\Pipeline\\Pipeline.php(209): Illuminate\\Cookie\\Middleware\\AddQueuedCookiesToResponse->handle(Object(Illuminate\\Http\\Request), Object(Closure))
#30 D:\\ketapang\\AgroWaste-course\\vendor\\laravel\\framework\\src\\Illuminate\\Cookie\\Middleware\\EncryptCookies.php(75): Illuminate\\Pipeline\\Pipeline->Illuminate\\Pipeline\\{closure}(Object(Illuminate\\Http\\Request))
#31 D:\\ketapang\\AgroWaste-course\\vendor\\laravel\\framework\\src\\Illuminate\\Pipeline\\Pipeline.php(209): Illuminate\\Cookie\\Middleware\\EncryptCookies->handle(Object(Illuminate\\Http\\Request), Object(Closure))
#32 D:\\ketapang\\AgroWaste-course\\vendor\\laravel\\framework\\src\\Illuminate\\Pipeline\\Pipeline.php(127): Illuminate\\Pipeline\\Pipeline->Illuminate\\Pipeline\\{closure}(Object(Illuminate\\Http\\Request))
#33 D:\\ketapang\\AgroWaste-course\\vendor\\laravel\\framework\\src\\Illuminate\\Routing\\Router.php(807): Illuminate\\Pipeline\\Pipeline->then(Object(Closure))
#34 D:\\ketapang\\AgroWaste-course\\vendor\\laravel\\framework\\src\\Illuminate\\Routing\\Router.php(786): Illuminate\\Routing\\Router->runRouteWithinStack(Object(Illuminate\\Routing\\Route), Object(Illuminate\\Http\\Request))
#35 D:\\ketapang\\AgroWaste-course\\vendor\\laravel\\framework\\src\\Illuminate\\Routing\\Router.php(750): Illuminate\\Routing\\Router->runRoute(Object(Illuminate\\Http\\Request), Object(Illuminate\\Routing\\Route))
#36 D:\\ketapang\\AgroWaste-course\\vendor\\laravel\\framework\\src\\Illuminate\\Routing\\Router.php(739): Illuminate\\Routing\\Router->dispatchToRoute(Object(Illuminate\\Http\\Request))
#37 D:\\ketapang\\AgroWaste-course\\vendor\\laravel\\framework\\src\\Illuminate\\Foundation\\Http\\Kernel.php(201): Illuminate\\Routing\\Router->dispatch(Object(Illuminate\\Http\\Request))
#38 D:\\ketapang\\AgroWaste-course\\vendor\\laravel\\framework\\src\\Illuminate\\Pipeline\\Pipeline.php(170): Illuminate\\Foundation\\Http\\Kernel->Illuminate\\Foundation\\Http\\{closure}(Object(Illuminate\\Http\\Request))
#39 D:\\ketapang\\AgroWaste-course\\vendor\\laravel\\framework\\src\\Illuminate\\Foundation\\Http\\Middleware\\TransformsRequest.php(21): Illuminate\\Pipeline\\Pipeline->Illuminate\\Pipeline\\{closure}(Object(Illuminate\\Http\\Request))
#40 D:\\ketapang\\AgroWaste-course\\vendor\\laravel\\framework\\src\\Illuminate\\Foundation\\Http\\Middleware\\ConvertEmptyStringsToNull.php(31): Illuminate\\Foundation\\Http\\Middleware\\TransformsRequest->handle(Object(Illuminate\\Http\\Request), Object(Closure))
#41 D:\\ketapang\\AgroWaste-course\\vendor\\laravel\\framework\\src\\Illuminate\\Pipeline\\Pipeline.php(209): Illuminate\\Foundation\\Http\\Middleware\\ConvertEmptyStringsToNull->handle(Object(Illuminate\\Http\\Request), Object(Closure))
#42 D:\\ketapang\\AgroWaste-course\\vendor\\laravel\\framework\\src\\Illuminate\\Foundation\\Http\\Middleware\\TransformsRequest.php(21): Illuminate\\Pipeline\\Pipeline->Illuminate\\Pipeline\\{closure}(Object(Illuminate\\Http\\Request))
#43 D:\\ketapang\\AgroWaste-course\\vendor\\laravel\\framework\\src\\Illuminate\\Foundation\\Http\\Middleware\\TrimStrings.php(51): Illuminate\\Foundation\\Http\\Middleware\\TransformsRequest->handle(Object(Illuminate\\Http\\Request), Object(Closure))
#44 D:\\ketapang\\AgroWaste-course\\vendor\\laravel\\framework\\src\\Illuminate\\Pipeline\\Pipeline.php(209): Illuminate\\Foundation\\Http\\Middleware\\TrimStrings->handle(Object(Illuminate\\Http\\Request), Object(Closure))
#45 D:\\ketapang\\AgroWaste-course\\vendor\\laravel\\framework\\src\\Illuminate\\Http\\Middleware\\ValidatePostSize.php(27): Illuminate\\Pipeline\\Pipeline->Illuminate\\Pipeline\\{closure}(Object(Illuminate\\Http\\Request))
#46 D:\\ketapang\\AgroWaste-course\\vendor\\laravel\\framework\\src\\Illuminate\\Pipeline\\Pipeline.php(209): Illuminate\\Http\\Middleware\\ValidatePostSize->handle(Object(Illuminate\\Http\\Request), Object(Closure))
#47 D:\\ketapang\\AgroWaste-course\\vendor\\laravel\\framework\\src\\Illuminate\\Foundation\\Http\\Middleware\\PreventRequestsDuringMaintenance.php(110): Illuminate\\Pipeline\\Pipeline->Illuminate\\Pipeline\\{closure}(Object(Illuminate\\Http\\Request))
#48 D:\\ketapang\\AgroWaste-course\\vendor\\laravel\\framework\\src\\Illuminate\\Pipeline\\Pipeline.php(209): Illuminate\\Foundation\\Http\\Middleware\\PreventRequestsDuringMaintenance->handle(Object(Illuminate\\Http\\Request), Object(Closure))
#49 D:\\ketapang\\AgroWaste-course\\vendor\\laravel\\framework\\src\\Illuminate\\Http\\Middleware\\HandleCors.php(49): Illuminate\\Pipeline\\Pipeline->Illuminate\\Pipeline\\{closure}(Object(Illuminate\\Http\\Request))
#50 D:\\ketapang\\AgroWaste-course\\vendor\\laravel\\framework\\src\\Illuminate\\Pipeline\\Pipeline.php(209): Illuminate\\Http\\Middleware\\HandleCors->handle(Object(Illuminate\\Http\\Request), Object(Closure))
#51 D:\\ketapang\\AgroWaste-course\\vendor\\laravel\\framework\\src\\Illuminate\\Http\\Middleware\\TrustProxies.php(58): Illuminate\\Pipeline\\Pipeline->Illuminate\\Pipeline\\{closure}(Object(Illuminate\\Http\\Request))
#52 D:\\ketapang\\AgroWaste-course\\vendor\\laravel\\framework\\src\\Illuminate\\Pipeline\\Pipeline.php(209): Illuminate\\Http\\Middleware\\TrustProxies->handle(Object(Illuminate\\Http\\Request), Object(Closure))
#53 D:\\ketapang\\AgroWaste-course\\vendor\\laravel\\framework\\src\\Illuminate\\Foundation\\Http\\Middleware\\InvokeDeferredCallbacks.php(22): Illuminate\\Pipeline\\Pipeline->Illuminate\\Pipeline\\{closure}(Object(Illuminate\\Http\\Request))
#54 D:\\ketapang\\AgroWaste-course\\vendor\\laravel\\framework\\src\\Illuminate\\Pipeline\\Pipeline.php(209): Illuminate\\Foundation\\Http\\Middleware\\InvokeDeferredCallbacks->handle(Object(Illuminate\\Http\\Request), Object(Closure))
#55 D:\\ketapang\\AgroWaste-course\\vendor\\laravel\\framework\\src\\Illuminate\\Pipeline\\Pipeline.php(127): Illuminate\\Pipeline\\Pipeline->Illuminate\\Pipeline\\{closure}(Object(Illuminate\\Http\\Request))
#56 D:\\ketapang\\AgroWaste-course\\vendor\\laravel\\framework\\src\\Illuminate\\Foundation\\Http\\Kernel.php(176): Illuminate\\Pipeline\\Pipeline->then(Object(Closure))
#57 D:\\ketapang\\AgroWaste-course\\vendor\\laravel\\framework\\src\\Illuminate\\Foundation\\Http\\Kernel.php(145): Illuminate\\Foundation\\Http\\Kernel->sendRequestThroughRouter(Object(Illuminate\\Http\\Request))
#58 D:\\ketapang\\AgroWaste-course\\vendor\\laravel\\framework\\src\\Illuminate\\Foundation\\Application.php(1220): Illuminate\\Foundation\\Http\\Kernel->handle(Object(Illuminate\\Http\\Request))
#59 D:\\ketapang\\AgroWaste-course\\public\\index.php(17): Illuminate\\Foundation\\Application->handleRequest(Object(Illuminate\\Http\\Request))
#60 D:\\ketapang\\AgroWaste-course\\vendor\\laravel\\framework\\src\\Illuminate\\Foundation\\resources\\server.php(23): require_once('D:\\\\ketapang\\\\Agr...')
#61 {main}
"} 
